timestamp,src_id,request_rate,packet_size,time_gap,label
1770125338.5994902,EV_1,2.1,248,0.401,0
1770125338.6032703,EV_1,1.39,406,0.41,0
1770125338.6070447,EV_1,2.4,338,0.49,0
1770125338.6104438,EV_1,2.32,301,0.788,0
1770125338.6137896,EV_1,1.92,514,0.358,0
1770125338.6174028,EV_1,1.83,388,0.628,0
1770125338.6209164,EV_1,1.56,209,0.563,0
1770125338.6241646,EV_1,2.54,508,0.972,0
1770125338.6279392,EV_1,2.22,354,0.457,0
1770125338.6314058,EV_1,1.09,328,1.422,0
1770125338.6346486,EV_1,2.94,257,1.17,0
1770125338.6379275,EV_1,2.43,394,0.993,0
1770125338.6412296,EV_1,2.56,428,0.725,0
1770125338.644886,EV_1,2.05,485,1.004,0
1770125338.6486557,EV_1,2.59,575,0.808,0
1770125338.6519818,EV_1,2.09,513,1.034,0
1770125338.6557045,EV_1,2.16,291,0.805,0
1770125338.6595695,EV_1,2.6,469,0.706,0
1770125338.6628964,EV_1,1.39,401,1.085,0
1770125338.666219,EV_1,1.46,588,0.495,0
1770125338.6696398,EV_1,2.64,420,0.377,0
1770125338.6729512,EV_1,2.11,381,1.353,0
1770125338.6766682,EV_1,1.55,569,0.672,0
1770125338.679973,EV_1,2.51,363,1.326,0
1770125338.683571,EV_1,2.43,558,0.855,0
1770125338.6871767,EV_1,1.43,318,0.728,0
1770125338.690608,EV_1,1.63,441,0.629,0
1770125338.694239,EV_1,1.11,441,1.041,0
1770125338.6978874,EV_1,2.64,355,0.647,0
1770125338.701319,EV_1,2.38,343,0.315,0
1770125338.7049775,EV_1,2.47,378,0.911,0
1770125338.7084615,EV_1,2.27,353,0.793,0
1770125338.7117906,EV_1,2.08,547,0.958,0
1770125338.7155285,EV_1,2.64,497,0.537,0
1770125338.718885,EV_1,2.58,400,1.243,0
1770125338.7222998,EV_1,2.36,356,0.574,0
1770125338.7260702,EV_1,1.51,367,1.118,0
1770125338.7293966,EV_1,2.72,558,1.241,0
1770125338.7327187,EV_1,2.15,451,1.459,0
1770125338.7364404,EV_1,1.88,529,1.172,0
1770125338.7398684,EV_1,1.73,266,1.179,0
1770125338.7432232,EV_1,1.84,451,1.158,0
1770125338.7465749,EV_1,1.87,451,1.122,0
1770125338.749931,EV_1,2.15,410,1.135,0
1770125338.753662,EV_1,2.14,216,0.594,0
1770125338.7573938,EV_1,1.91,347,1.399,0
1770125338.7607243,EV_1,1.68,313,0.399,0
1770125338.764067,EV_1,1.5,570,1.12,0
1770125338.7676904,EV_1,1.01,593,1.223,0
1770125338.7710404,EV_1,2.78,258,1.088,0
1770125338.7743971,EV_1,2.33,447,1.468,0
1770125338.7777538,EV_1,2.77,302,0.479,0
1770125338.7811134,EV_1,2.46,298,0.422,0
1770125338.7848918,EV_1,2.48,523,0.856,0
1770125338.7883408,EV_1,2.87,311,1.479,0
1770125338.791699,EV_1,2.96,544,0.884,0
1770125338.7950315,EV_1,2.09,220,0.803,0
1770125338.798972,EV_1,2.1,597,1.257,0
1770125338.802397,EV_1,1.06,203,0.824,0
1770125338.8060772,EV_1,2.13,280,1.297,0
1770125338.8094406,EV_1,2.59,577,1.123,0
1770125338.8128061,EV_1,1.23,233,0.596,0
1770125338.8161836,EV_1,2.93,217,1.024,0
1770125338.8195553,EV_1,1.6,491,0.806,0
1770125338.822929,EV_1,1.42,238,0.3,0
1770125338.8263013,EV_1,2.7,465,0.998,0
1770125338.8302631,EV_1,1.22,437,1.406,0
1770125338.8336473,EV_1,2.39,584,1.157,0
1770125338.8369966,EV_1,1.74,429,0.826,0
1770125338.840523,EV_1,1.23,541,0.963,0
1770125338.8438902,EV_1,1.44,234,0.872,0
1770125338.8476932,EV_1,2.29,359,1.374,0
1770125338.8514385,EV_1,2.93,309,0.829,0
1770125338.8553207,EV_1,2.95,330,0.608,0
1770125338.8588934,EV_1,2.85,226,0.635,0
1770125338.8625903,EV_1,1.47,387,1.21,0
1770125338.8663943,EV_1,1.5,551,1.137,0
1770125338.8697562,EV_1,1.5,344,0.466,0
1770125338.8731024,EV_1,1.94,266,0.623,0
1770125338.8773613,EV_1,2.97,248,0.945,0
1770125338.880719,EV_1,2.15,517,0.731,0
1770125338.884047,EV_1,1.44,201,1.16,0
1770125338.887899,EV_1,2.86,268,1.366,0
1770125338.8915234,EV_1,1.64,298,0.385,0
1770125338.8949008,EV_1,1.13,454,0.892,0
1770125338.8986294,EV_1,1.09,284,0.795,0
1770125338.901977,EV_1,1.45,252,1.137,0
1770125338.9053657,EV_1,2.22,431,1.218,0
1770125338.9089391,EV_1,1.3,254,1.154,0
1770125338.9123309,EV_1,1.75,236,0.833,0
1770125338.9157012,EV_1,2.16,356,0.349,0
1770125338.9190702,EV_1,1.19,428,0.359,0
1770125338.9224389,EV_1,1.14,425,0.908,0
1770125338.9262397,EV_1,2.67,595,0.444,0
1770125338.9296203,EV_1,1.75,432,0.833,0
1770125338.9329908,EV_1,1.11,298,1.216,0
1770125338.9363537,EV_1,2.07,228,0.436,0
1770125338.9401603,EV_1,2.29,343,1.29,0
1770125338.9435337,EV_1,2.18,279,1.101,0
1770125338.9469657,EV_1,2.94,348,1.354,0
1770125338.9503405,EV_1,1.06,459,0.609,0
1770125338.9536843,EV_1,1.58,274,0.987,0
1770125338.9570239,EV_1,2.33,343,1.481,0
1770125338.9603875,EV_1,1.21,380,1.499,0
1770125338.9637504,EV_1,2.14,381,0.923,0
1770125338.9671175,EV_1,2.47,411,0.794,0
1770125338.9709055,EV_1,1.82,592,0.321,0
1770125338.9742677,EV_1,1.98,580,1.172,0
1770125338.9777496,EV_1,2.78,326,1.042,0
1770125338.9811182,EV_1,2.85,586,0.587,0
1770125338.984483,EV_1,2.49,599,1.248,0
1770125338.9878178,EV_1,2.35,318,1.212,0
1770125338.9911761,EV_1,2.84,302,0.759,0
1770125338.9945555,EV_1,2.73,322,1.048,0
1770125338.997924,EV_1,1.71,471,0.855,0
1770125339.0034597,EV_1,1.3,343,0.862,0
1770125339.0072155,EV_1,2.42,329,0.506,0
1770125339.0108795,EV_1,1.93,455,1.157,0
1770125339.0142481,EV_1,1.52,459,0.348,0
1770125339.0199082,EV_1,2.88,354,0.591,0
1770125339.0232093,EV_1,2.24,370,0.928,0
1770125339.0265217,EV_1,1.89,502,0.959,0
1770125339.0300717,EV_1,1.61,374,0.605,0
1770125339.0336561,EV_1,2.54,232,0.695,0
1770125339.0374763,EV_1,2.91,364,0.505,0
1770125339.0412376,EV_1,2.96,419,0.645,0
1770125339.0448782,EV_1,1.58,401,0.743,0
1770125339.048885,EV_1,1.13,318,0.842,0
1770125339.052423,EV_1,2.06,376,1.329,0
1770125339.0562067,EV_1,1.46,242,0.687,0
1770125339.0595443,EV_1,1.71,442,1.3,0
1770125339.0628905,EV_1,2.85,558,0.548,0
1770125339.0664597,EV_1,2.8,555,1.492,0
1770125339.070133,EV_1,1.74,537,0.76,0
1770125339.0738034,EV_1,2.49,289,1.448,0
1770125339.0774667,EV_1,2.28,232,0.919,0
1770125339.0811298,EV_1,2.64,386,0.901,0
1770125339.0849073,EV_1,2.98,565,1.499,0
1770125339.0883265,EV_1,2.76,296,1.017,0
1770125339.0917842,EV_1,1.7,507,0.343,0
1770125339.0954344,EV_1,1.72,359,0.477,0
1770125339.0987096,EV_1,1.02,431,0.954,0
1770125339.1019876,EV_1,2.52,544,0.675,0
1770125339.1054142,EV_1,1.24,515,0.893,0
1770125339.1087298,EV_1,2.56,477,1.327,0
1770125339.1120234,EV_1,1.42,574,1.447,0
1770125339.115715,EV_1,2.03,445,1.468,0
1770125339.1192107,EV_1,2.94,400,0.792,0
1770125339.1226897,EV_1,1.12,258,1.378,0
1770125339.1265962,EV_1,1.23,242,0.302,0
1770125339.1301696,EV_1,2.49,485,0.781,0
1770125339.133522,EV_1,2.29,568,1.378,0
1770125339.1368415,EV_1,2.8,237,1.195,0
1770125339.1401706,EV_1,1.27,536,1.445,0
1770125339.143694,EV_1,2.37,458,0.624,0
1770125339.1470616,EV_1,2.73,479,0.819,0
1770125339.150531,EV_1,2.3,340,1.459,0
1770125339.1538675,EV_1,1.46,241,1.489,0
1770125339.1574388,EV_1,2.86,311,1.054,0
1770125339.1608522,EV_1,1.25,440,0.329,0
1770125339.1644125,EV_1,1.12,453,0.765,0
1770125339.1680408,EV_1,1.66,497,0.702,0
1770125339.1712775,EV_1,1.79,259,1.463,0
1770125339.1745486,EV_1,2.49,475,1.336,0
1770125339.1778474,EV_1,2.16,485,1.026,0
1770125339.1811228,EV_1,1.41,456,1.375,0
1770125339.1843622,EV_1,2.46,414,1.107,0
1770125339.1880424,EV_1,2.51,382,0.956,0
1770125339.1917195,EV_1,2.92,493,0.386,0
1770125339.1951883,EV_1,1.01,290,1.338,0
1770125339.1987004,EV_1,2.1,585,1.115,0
1770125339.2022612,EV_1,2.45,371,1.102,0
1770125339.205853,EV_1,1.71,423,0.593,0
1770125339.2097619,EV_1,2.8,212,0.818,0
1770125339.2137668,EV_1,2.08,395,1.046,0
1770125339.2174492,EV_1,1.41,544,1.248,0
1770125339.2209594,EV_1,1.25,575,0.381,0
1770125339.2248306,EV_1,1.66,206,0.595,0
1770125339.2287314,EV_1,2.71,288,0.949,0
1770125339.232217,EV_1,1.83,419,1.063,0
1770125339.2360995,EV_1,2.14,244,0.734,0
1770125339.2395964,EV_1,2.62,271,1.084,0
1770125339.2435951,EV_1,2.83,576,1.012,0
1770125339.247375,EV_1,1.44,344,0.364,0
1770125339.2511675,EV_1,1.7,436,1.08,0
1770125339.2548451,EV_1,1.96,366,0.492,0
1770125339.258278,EV_1,1.86,421,0.724,0
1770125339.2617807,EV_1,1.05,573,1.007,0
1770125339.265194,EV_1,2.95,452,0.756,0
1770125339.2689054,EV_1,2.05,366,0.394,0
1770125339.2724156,EV_1,2.5,531,0.94,0
1770125339.2759476,EV_1,2.25,272,0.804,0
1770125339.2798827,EV_1,2.67,589,0.992,0
1770125339.2834978,EV_1,2.4,244,1.481,0
1770125339.2872467,EV_1,2.84,481,1.441,0
1770125339.2911642,EV_1,2.92,506,0.64,0
1770125339.2946045,EV_1,1.12,528,0.429,0
1770125339.2981806,EV_1,1.04,524,1.076,0
1770125339.3018227,EV_1,2.19,297,1.258,0
1770125339.3051965,EV_1,1.48,320,1.254,0
1770125339.3091855,EV_2,2.71,408,0.685,0
1770125339.3129973,EV_2,2.8,598,1.491,0
1770125339.316415,EV_2,1.51,428,0.344,0
1770125339.3198087,EV_2,1.61,329,0.678,0
1770125339.3232,EV_2,1.11,543,1.21,0
1770125339.326588,EV_2,2.1,202,1.191,0
1770125339.3308892,EV_2,2.19,326,0.901,0
1770125339.3391218,EV_2,1.02,580,0.86,0
1770125339.3427012,EV_2,1.58,347,1.353,0
1770125339.3461666,EV_2,1.34,589,0.559,0
1770125339.3495429,EV_2,1.48,491,1.458,0
1770125339.3526852,EV_2,1.99,261,0.873,0
1770125339.3565075,EV_2,2.38,480,0.446,0
1770125339.3603702,EV_2,1.34,377,0.366,0
1770125339.3639698,EV_2,2.17,461,0.775,0
1770125339.3674533,EV_2,1.65,475,1.398,0
1770125339.3710878,EV_2,1.58,268,1.479,0
1770125339.3746707,EV_2,1.85,401,1.284,0
1770125339.3781366,EV_2,2.48,489,0.592,0
1770125339.3814514,EV_2,2.18,561,1.479,0
1770125339.3847728,EV_2,1.48,379,0.443,0
1770125339.3880954,EV_2,2.38,454,0.805,0
1770125339.3918674,EV_2,2.0,280,0.591,0
1770125339.3952076,EV_2,2.78,248,0.877,0
1770125339.3986232,EV_2,2.78,596,0.472,0
1770125339.4019432,EV_2,2.32,357,1.361,0
1770125339.4055922,EV_2,2.72,375,1.248,0
1770125339.4092946,EV_2,2.42,526,1.396,0
1770125339.412896,EV_2,2.26,538,1.404,0
1770125339.416387,EV_2,2.47,384,0.347,0
1770125339.4203455,EV_2,1.57,568,0.515,0
1770125339.4238982,EV_2,1.85,297,0.693,0
1770125339.4275994,EV_2,1.32,581,1.004,0
1770125339.4310894,EV_2,2.97,303,0.707,0
1770125339.4346302,EV_2,1.6,593,1.251,0
1770125339.4386225,EV_2,2.51,440,0.683,0
1770125339.4435616,EV_2,2.32,293,0.853,0
1770125339.4486082,EV_2,1.55,438,0.847,0
1770125339.452004,EV_2,1.89,351,0.643,0
1770125339.4556007,EV_2,2.8,245,1.231,0
1770125339.4589393,EV_2,2.55,366,0.445,0
1770125339.4624646,EV_2,1.47,486,1.163,0
1770125339.4658828,EV_2,2.8,265,0.939,0
1770125339.4695396,EV_2,1.24,392,1.18,0
1770125339.472843,EV_2,2.98,407,1.397,0
1770125339.4760163,EV_2,2.94,417,1.095,0
1770125339.4793189,EV_2,1.59,408,1.156,0
1770125339.482673,EV_2,2.9,232,0.93,0
1770125339.4860587,EV_2,1.03,414,0.426,0
1770125339.4897275,EV_2,1.52,416,1.024,0
1770125339.4933937,EV_2,2.24,297,0.8,0
1770125339.4970398,EV_2,2.3,418,1.13,0
1770125339.500705,EV_2,2.06,218,1.195,0
1770125339.5040944,EV_2,2.39,371,0.775,0
1770125339.5074973,EV_2,1.06,516,1.281,0
1770125339.510966,EV_2,2.5,461,0.499,0
1770125339.5142746,EV_2,2.6,414,0.988,0
1770125339.518009,EV_2,1.42,356,0.343,0
1770125339.521572,EV_2,2.06,382,1.451,0
1770125339.52506,EV_2,2.92,221,0.56,0
1770125339.5284994,EV_2,1.83,361,0.864,0
1770125339.5322802,EV_2,2.92,232,0.491,0
1770125339.5360308,EV_2,2.98,265,1.468,0
1770125339.5398283,EV_2,1.86,306,0.96,0
1770125339.5435946,EV_2,1.21,555,1.417,0
1770125339.5470557,EV_2,1.29,387,0.951,0
1770125339.553593,EV_2,1.65,294,1.38,0
1770125339.5573003,EV_2,2.89,289,0.692,0
1770125339.560834,EV_2,2.17,546,1.365,0
1770125339.5642369,EV_2,1.07,405,1.428,0
1770125339.5677698,EV_2,1.67,579,1.166,0
1770125339.5710943,EV_2,2.89,202,0.482,0
1770125339.574491,EV_2,1.53,201,0.419,0
1770125339.578408,EV_2,1.94,342,1.123,0
1770125339.581735,EV_2,2.94,318,0.347,0
1770125339.5850465,EV_2,1.74,248,1.468,0
1770125339.5886579,EV_2,1.47,469,0.803,0
1770125339.5919952,EV_2,1.76,359,0.767,0
1770125339.5956209,EV_2,1.04,547,1.076,0
1770125339.599157,EV_2,2.26,221,1.04,0
1770125339.6026938,EV_2,2.91,243,0.757,0
1770125339.6062343,EV_2,1.8,230,1.125,0
1770125339.6097548,EV_2,1.42,493,0.452,0
1770125339.6132576,EV_2,2.69,528,0.82,0
1770125339.618101,EV_2,2.29,209,0.945,0
1770125339.6219218,EV_2,1.95,545,1.474,0
1770125339.6250997,EV_2,1.28,535,0.578,0
1770125339.6283758,EV_2,1.68,429,0.543,0
1770125339.6316116,EV_2,2.97,437,0.623,0
1770125339.6347885,EV_2,1.39,277,1.27,0
1770125339.6380885,EV_2,2.22,223,0.574,0
1770125339.6415057,EV_2,1.2,250,1.293,0
1770125339.6447494,EV_2,1.89,444,0.459,0
1770125339.6480887,EV_2,1.99,566,0.896,0
1770125339.651632,EV_2,2.78,502,1.198,0
1770125339.6555645,EV_2,2.61,347,0.318,0
1770125339.659119,EV_2,2.62,220,1.182,0
1770125339.6628325,EV_2,1.57,459,1.477,0
1770125339.666091,EV_2,1.08,222,1.244,0
1770125339.6693847,EV_2,1.49,374,0.773,0
1770125339.6726825,EV_2,2.57,349,0.77,0
1770125339.6763227,EV_2,2.37,520,0.685,0
1770125339.6795473,EV_2,1.89,588,0.797,0
1770125339.682778,EV_2,2.63,408,1.173,0
1770125339.6860285,EV_2,1.6,360,1.369,0
1770125339.689281,EV_2,1.85,424,1.353,0
1770125339.6925933,EV_2,1.85,590,0.508,0
1770125339.6958864,EV_2,2.52,473,0.556,0
1770125339.6992915,EV_2,1.27,487,1.103,0
1770125339.703065,EV_2,2.07,326,0.518,0
1770125339.706455,EV_2,1.03,266,1.488,0
1770125339.709799,EV_2,2.69,402,0.446,0
1770125339.7136316,EV_2,1.26,390,0.808,0
1770125339.7171314,EV_2,1.54,418,0.401,0
1770125339.7205,EV_2,2.82,237,0.477,0
1770125339.7238517,EV_2,1.05,307,0.73,0
1770125339.727395,EV_2,1.59,308,1.433,0
1770125339.730749,EV_2,1.39,376,0.519,0
1770125339.7346387,EV_2,1.35,247,0.733,0
1770125339.7380352,EV_2,1.83,508,0.856,0
1770125339.7414012,EV_2,1.33,435,0.548,0
1770125339.7450314,EV_2,1.49,265,0.562,0
1770125339.7485359,EV_2,2.22,426,0.667,0
1770125339.752095,EV_2,1.66,581,0.771,0
1770125339.7556162,EV_2,1.91,352,0.717,0
1770125339.7588418,EV_2,2.33,574,0.904,0
1770125339.7620618,EV_2,1.77,491,0.551,0
1770125339.7658885,EV_2,1.37,412,1.147,0
1770125339.769133,EV_2,2.02,223,0.876,0
1770125339.7723737,EV_2,2.43,488,1.397,0
1770125339.775702,EV_2,1.1,423,1.436,0
1770125339.7790527,EV_2,2.14,324,0.752,0
1770125339.7828436,EV_2,3.0,453,1.022,0
1770125339.7861962,EV_2,1.42,577,0.493,0
1770125339.789643,EV_2,2.31,346,0.793,0
1770125339.7929938,EV_2,1.4,563,0.921,0
1770125339.796626,EV_2,2.97,445,1.203,0
1770125339.8000484,EV_2,2.9,529,0.322,0
1770125339.8034084,EV_2,1.69,411,1.196,0
1770125339.806802,EV_2,2.69,499,1.232,0
1770125339.810194,EV_2,2.65,469,0.465,0
1770125339.8139145,EV_2,2.68,328,1.131,0
1770125339.8176553,EV_2,1.51,417,1.049,0
1770125339.8211198,EV_2,1.54,530,0.939,0
1770125339.8244796,EV_2,2.51,540,0.883,0
1770125339.8280127,EV_2,1.17,266,0.598,0
1770125339.83138,EV_2,1.34,338,1.148,0
1770125339.8347409,EV_2,2.41,571,0.641,0
1770125339.8381379,EV_2,1.71,595,0.561,0
1770125339.841537,EV_2,2.35,484,0.889,0
1770125339.8452275,EV_2,2.85,412,0.46,0
1770125339.848981,EV_2,2.46,556,1.083,0
1770125339.8526988,EV_2,1.78,279,1.359,0
1770125339.8565836,EV_2,1.79,311,1.419,0
1770125339.8603177,EV_2,1.13,486,0.894,0
1770125339.8637202,EV_2,1.99,534,0.621,0
1770125339.867207,EV_2,2.57,314,0.981,0
1770125339.8705988,EV_2,1.63,493,0.538,0
1770125339.873937,EV_2,2.6,409,1.439,0
1770125339.8774486,EV_2,1.21,474,0.832,0
1770125339.880852,EV_2,2.82,418,0.975,0
1770125339.8842275,EV_2,2.3,229,1.487,0
1770125339.8880134,EV_2,2.19,243,0.776,0
1770125339.8920572,EV_2,1.56,236,1.025,0
1770125339.8954363,EV_2,1.3,463,1.335,0
1770125339.8988125,EV_2,2.31,570,0.949,0
1770125339.9025414,EV_2,1.75,488,1.042,0
1770125339.9058852,EV_2,1.43,539,1.152,0
1770125339.9096138,EV_2,2.08,535,1.483,0
1770125339.9129684,EV_2,2.24,260,0.661,0
1770125339.9166348,EV_2,1.93,233,0.441,0
1770125339.920206,EV_2,2.41,275,0.517,0
1770125339.9238627,EV_2,1.5,355,1.381,0
1770125339.9272137,EV_2,2.64,409,1.399,0
1770125339.9305792,EV_2,1.41,387,1.059,0
1770125339.9339333,EV_2,2.88,526,0.922,0
1770125339.9374068,EV_2,1.39,305,1.29,0
1770125339.940774,EV_2,2.29,550,1.065,0
1770125339.9441335,EV_2,2.73,556,1.332,0
1770125339.947496,EV_2,2.8,309,0.505,0
1770125339.9508705,EV_2,2.69,265,0.89,0
1770125339.9547021,EV_2,1.19,210,1.311,0
1770125339.9580677,EV_2,1.95,215,0.826,0
1770125339.9614596,EV_2,1.56,599,1.295,0
1770125339.964832,EV_2,2.17,318,0.75,0
1770125339.968658,EV_2,1.45,389,0.452,0
1770125339.9720252,EV_2,1.81,221,0.982,0
1770125339.9753702,EV_2,1.25,497,0.343,0
1770125339.9787154,EV_2,1.86,218,0.987,0
1770125339.9820623,EV_2,2.2,385,0.387,0
1770125339.9853637,EV_2,2.08,404,0.53,0
1770125339.9887223,EV_2,1.86,293,0.708,0
1770125339.9920886,EV_2,1.95,483,1.39,0
1770125339.9954548,EV_2,2.89,424,0.307,0
1770125339.9993017,EV_2,2.34,496,1.267,0
1770125340.0027633,EV_2,1.62,350,0.312,0
1770125340.0061255,EV_2,1.92,268,0.911,0
1770125340.0094934,EV_2,2.91,421,0.363,0
1770125340.0128818,EV_2,1.73,260,1.208,0
1770125340.0182462,EV_2,2.65,349,0.813,0
1770125340.0226018,EV_3,1.74,219,0.375,0
1770125340.026027,EV_3,2.43,431,0.824,0
1770125340.0294096,EV_3,1.73,454,1.402,0
1770125340.0330145,EV_3,1.44,245,1.183,0
1770125340.0373025,EV_3,1.19,503,1.143,0
1770125340.0411582,EV_3,2.07,382,1.425,0
1770125340.0447667,EV_3,1.81,577,1.449,0
1770125340.0479138,EV_3,2.31,324,1.135,0
1770125340.0512235,EV_3,2.61,453,1.375,0
1770125340.0546267,EV_3,1.62,289,0.345,0
1770125340.0579023,EV_3,1.16,434,0.688,0
1770125340.0616677,EV_3,2.13,313,0.768,0
1770125340.0653584,EV_3,1.08,522,0.679,0
1770125340.0691223,EV_3,1.08,316,0.328,0
1770125340.072532,EV_3,1.26,592,0.661,0
1770125340.0763328,EV_3,2.23,318,0.476,0
1770125340.0797462,EV_3,2.34,301,0.956,0
1770125340.0832245,EV_3,1.13,402,0.957,0
1770125340.086542,EV_3,2.11,439,0.977,0
1770125340.0904202,EV_3,2.15,275,1.186,0
1770125340.0940037,EV_3,2.35,541,0.629,0
1770125340.0978782,EV_3,2.94,556,0.687,0
1770125340.101535,EV_3,1.52,335,1.068,0
1770125340.105028,EV_3,2.0,373,1.477,0
1770125340.108554,EV_3,1.96,486,0.33,0
1770125340.1120946,EV_3,2.15,543,0.666,0
1770125340.115744,EV_3,2.42,507,0.811,0
1770125340.119193,EV_3,2.82,568,0.631,0
1770125340.1228228,EV_3,1.05,421,1.206,0
1770125340.1263478,EV_3,1.5,519,0.755,0
1770125340.1296122,EV_3,1.85,215,0.578,0
1770125340.1331716,EV_3,2.92,243,0.664,0
1770125340.1368043,EV_3,1.64,568,0.479,0
1770125340.140225,EV_3,2.07,292,0.496,0
1770125340.143806,EV_3,2.03,427,1.225,0
1770125340.147351,EV_3,1.41,461,1.471,0
1770125340.15078,EV_3,1.52,451,0.35,0
1770125340.1543844,EV_3,2.42,559,1.409,0
1770125340.157935,EV_3,2.14,502,0.744,0
1770125340.161708,EV_3,1.87,529,0.363,0
1770125340.1654108,EV_3,2.57,530,0.484,0
1770125340.1690269,EV_3,2.31,275,1.138,0
1770125340.172651,EV_3,2.45,272,0.847,0
1770125340.1761925,EV_3,2.42,214,0.765,0
1770125340.179921,EV_3,2.1,527,1.03,0
1770125340.1834185,EV_3,1.37,333,0.424,0
1770125340.1870713,EV_3,2.91,496,0.373,0
1770125340.190764,EV_3,2.0,261,0.587,0
1770125340.1942983,EV_3,1.09,235,1.349,0
1770125340.1977046,EV_3,1.09,422,0.926,0
1770125340.2009444,EV_3,2.0,550,0.578,0
1770125340.2045152,EV_3,1.22,259,1.287,0
1770125340.2081635,EV_3,2.43,288,0.593,0
1770125340.2118351,EV_3,2.26,301,1.491,0
1770125340.214983,EV_3,1.15,354,0.633,0
1770125340.218262,EV_3,1.41,478,1.181,0
1770125340.2218096,EV_3,2.26,203,0.675,0
1770125340.2254014,EV_3,1.62,253,0.534,0
1770125340.229178,EV_3,2.83,505,0.964,0
1770125340.232658,EV_3,2.09,495,1.401,0
1770125340.236222,EV_3,1.68,424,0.716,0
1770125340.239795,EV_3,1.06,265,0.677,0
1770125340.2435057,EV_3,1.6,285,0.766,0
1770125340.246846,EV_3,1.14,535,1.1,0
1770125340.250101,EV_3,2.2,430,0.741,0
1770125340.2533815,EV_3,2.81,507,1.455,0
1770125340.2569118,EV_3,1.14,349,0.767,0
1770125340.2603903,EV_3,1.25,409,1.247,0
1770125340.2642229,EV_3,2.66,540,0.419,0
1770125340.2677965,EV_3,2.25,358,1.043,0
1770125340.2717311,EV_3,2.18,556,0.316,0
1770125340.2750394,EV_3,1.23,338,1.074,0
1770125340.2782998,EV_3,2.45,380,1.292,0
1770125340.2816865,EV_3,2.5,449,0.479,0
1770125340.2850165,EV_3,2.31,321,0.69,0
1770125340.288425,EV_3,1.84,216,0.967,0
1770125340.2917278,EV_3,2.61,394,0.535,0
1770125340.2954586,EV_3,2.29,239,0.36,0
1770125340.2991812,EV_3,1.53,414,1.467,0
1770125340.3025234,EV_3,1.01,530,0.387,0
1770125340.3058932,EV_3,2.18,507,1.463,0
1770125340.3093035,EV_3,2.53,517,0.317,0
1770125340.3126216,EV_3,1.01,317,0.36,0
1770125340.3159256,EV_3,1.15,478,1.002,0
1770125340.319465,EV_3,2.95,389,1.138,0
1770125340.3231091,EV_3,2.88,203,0.526,0
1770125340.3271542,EV_3,1.13,456,1.46,0
1770125340.3307471,EV_3,2.63,209,1.204,0
1770125340.334529,EV_3,2.81,312,0.778,0
1770125340.3383205,EV_3,1.83,228,0.559,0
1770125340.3418026,EV_3,2.58,581,0.899,0
1770125340.345137,EV_3,1.52,217,0.748,0
1770125340.3484764,EV_3,1.48,384,0.798,0
1770125340.3518481,EV_3,2.6,263,1.288,0
1770125340.3552165,EV_3,2.74,476,0.367,0
1770125340.3588364,EV_3,1.79,359,1.05,0
1770125340.362353,EV_3,2.3,424,0.436,0
1770125340.3660903,EV_3,1.16,267,1.264,0
1770125340.3694744,EV_3,1.71,315,0.721,0
1770125340.3733943,EV_3,2.21,412,0.537,0
1770125340.3768091,EV_3,1.37,592,0.915,0
1770125340.3802068,EV_3,2.75,447,0.79,0
1770125340.383941,EV_3,1.94,461,0.859,0
1770125340.387413,EV_3,2.89,303,1.467,0
1770125340.3908248,EV_3,1.96,496,0.676,0
1770125340.3942342,EV_3,1.02,423,0.609,0
1770125340.3976567,EV_3,2.58,369,0.72,0
1770125340.4010174,EV_3,1.61,365,1.074,0
1770125340.4048193,EV_3,1.33,220,0.873,0
1770125340.4081757,EV_3,2.27,566,1.034,0
1770125340.4115498,EV_3,2.16,267,1.084,0
1770125340.4149208,EV_3,2.88,344,1.103,0
1770125340.4183896,EV_3,2.63,337,1.26,0
1770125340.4217846,EV_3,2.15,272,0.524,0
1770125340.4251482,EV_3,1.78,279,1.429,0
1770125340.4285157,EV_3,2.82,380,0.973,0
1770125340.4318812,EV_3,2.84,250,0.68,0
1770125340.4354813,EV_3,1.15,551,0.59,0
1770125340.4387698,EV_3,2.13,389,0.745,0
1770125340.4423046,EV_3,1.07,344,1.051,0
1770125340.4458117,EV_3,2.89,403,1.159,0
1770125340.4493234,EV_3,2.54,244,1.262,0
1770125340.4528453,EV_3,2.48,465,1.164,0
1770125340.4560647,EV_3,2.69,560,1.395,0
1770125340.4592726,EV_3,1.76,309,0.924,0
1770125340.4624827,EV_3,1.54,597,0.775,0
1770125340.4659414,EV_3,2.07,225,0.563,0
1770125340.4692242,EV_3,2.51,260,0.343,0
1770125340.4729156,EV_3,1.04,380,1.386,0
1770125340.476265,EV_3,1.73,515,0.464,0
1770125340.479717,EV_3,1.27,309,0.869,0
1770125340.48323,EV_3,1.93,264,1.338,0
1770125340.4866967,EV_3,1.86,267,1.102,0
1770125340.4902737,EV_3,1.76,473,0.602,0
1770125340.4938176,EV_3,2.78,253,1.426,0
1770125340.4976761,EV_3,2.62,417,0.615,0
1770125340.5011377,EV_3,2.02,387,0.759,0
1770125340.5046773,EV_3,2.76,517,1.166,0
1770125340.508469,EV_3,1.82,216,0.948,0
1770125340.512323,EV_3,2.05,406,0.453,0
1770125340.5160432,EV_3,1.63,320,1.351,0
1770125340.5197663,EV_3,1.95,540,1.139,0
1770125340.5235848,EV_3,1.3,479,1.225,0
1770125340.5270548,EV_3,2.76,421,0.824,0
1770125340.530858,EV_3,1.14,240,0.831,0
1770125340.534298,EV_3,2.16,499,0.459,0
1770125340.5379317,EV_3,1.28,236,1.013,0
1770125340.5415277,EV_3,2.18,352,1.095,0
1770125340.545606,EV_3,1.57,204,1.353,0
1770125340.549183,EV_3,2.13,467,0.751,0
1770125340.5530102,EV_3,1.01,519,1.352,0
1770125340.556738,EV_3,1.22,229,0.552,0
1770125340.560476,EV_3,1.49,293,1.417,0
1770125340.563914,EV_3,2.89,316,1.305,0
1770125340.5674498,EV_3,1.65,587,1.012,0
1770125340.5709429,EV_3,1.75,252,0.616,0
1770125340.574667,EV_3,1.03,396,0.838,0
1770125340.578484,EV_3,1.54,437,0.917,0
1770125340.5819726,EV_3,1.36,285,1.107,0
1770125340.585306,EV_3,1.71,288,0.434,0
1770125340.5891688,EV_3,1.07,386,0.82,0
1770125340.5927167,EV_3,1.22,372,0.346,0
1770125340.596194,EV_3,1.52,555,0.555,0
1770125340.5996726,EV_3,2.14,363,0.63,0
1770125340.6030767,EV_3,1.23,439,1.473,0
1770125340.6064315,EV_3,1.99,243,0.673,0
1770125340.6119285,EV_3,2.09,255,0.544,0
1770125340.6154032,EV_3,1.65,273,1.189,0
1770125340.6187823,EV_3,1.94,501,0.67,0
1770125340.6224854,EV_3,2.5,519,1.231,0
1770125340.6258402,EV_3,1.1,323,1.068,0
1770125340.6293619,EV_3,2.01,224,1.076,0
1770125340.6328464,EV_3,2.53,336,1.084,0
1770125340.6367025,EV_3,2.66,324,0.904,0
1770125340.6407034,EV_3,1.79,534,1.16,0
1770125340.6441698,EV_3,1.68,517,1.469,0
1770125340.6479924,EV_3,2.48,470,0.548,0
1770125340.6515243,EV_3,1.79,476,1.016,0
1770125340.6550088,EV_3,1.05,229,0.713,0
1770125340.6583657,EV_3,1.37,338,0.369,0
1770125340.6620035,EV_3,2.43,384,0.346,0
1770125340.665689,EV_3,2.07,403,0.828,0
1770125340.6693652,EV_3,1.95,445,1.181,0
1770125340.6731513,EV_3,1.15,458,1.346,0
1770125340.6766336,EV_3,1.13,458,1.214,0
1770125340.680282,EV_3,2.03,352,1.186,0
1770125340.68343,EV_3,1.76,421,0.49,0
1770125340.68691,EV_3,1.5,576,0.628,0
1770125340.690545,EV_3,1.89,436,0.97,0
1770125340.6939702,EV_3,2.66,562,0.892,0
1770125340.6973183,EV_3,2.37,306,1.072,0
1770125340.7006745,EV_3,2.53,556,1.324,0
1770125340.704058,EV_3,1.03,248,1.068,0
1770125340.7077262,EV_3,1.61,523,1.366,0
1770125340.7112541,EV_3,1.34,576,1.105,0
1770125340.714912,EV_3,1.82,233,0.995,0
1770125340.7182379,EV_3,1.93,465,0.544,0
1770125340.721514,EV_3,2.27,294,1.249,0
1770125340.7249405,EV_3,1.63,563,0.5,0
1770125340.728731,EV_3,2.11,345,1.443,0
1770125340.7323155,EV_4,2.81,417,0.73,0
1770125340.7361586,EV_4,2.24,226,0.938,0
1770125340.7394953,EV_4,1.69,520,1.494,0
1770125340.743236,EV_4,1.32,280,0.92,0
1770125340.7465732,EV_4,1.99,571,1.208,0
1770125340.7509289,EV_4,1.42,326,1.238,0
1770125340.7548387,EV_4,1.98,369,0.805,0
1770125340.7585456,EV_4,1.21,574,1.219,0
1770125340.7622986,EV_4,1.33,279,1.384,0
1770125340.7670872,EV_4,1.83,540,0.93,0
1770125340.770549,EV_4,1.63,332,1.242,0
1770125340.7739289,EV_4,2.19,392,0.958,0
1770125340.7772164,EV_4,1.3,497,1.266,0
1770125340.780729,EV_4,1.93,429,0.48,0
1770125340.7840316,EV_4,2.17,343,0.8,0
1770125340.7873921,EV_4,1.08,259,0.709,0
1770125340.7913203,EV_4,1.44,233,0.323,0
1770125340.7948213,EV_4,1.0,412,1.292,0
1770125340.7981238,EV_4,1.33,473,0.39,0
1770125340.8014789,EV_4,1.99,485,1.12,0
1770125340.8052325,EV_4,1.42,594,1.17,0
1770125340.8089821,EV_4,1.99,275,1.289,0
1770125340.8126686,EV_4,2.48,281,1.191,0
1770125340.8164341,EV_4,2.46,230,0.378,0
1770125340.8198326,EV_4,2.25,330,0.598,0
1770125340.8232276,EV_4,1.34,221,0.554,0
1770125340.8269496,EV_4,2.3,240,0.416,0
1770125340.8304949,EV_4,1.24,266,1.231,0
1770125340.8340473,EV_4,2.9,364,1.038,0
1770125340.8376136,EV_4,2.26,337,0.461,0
1770125340.841555,EV_4,2.63,301,0.747,0
1770125340.8448946,EV_4,1.81,438,0.929,0
1770125340.8484411,EV_4,1.31,558,0.957,0
1770125340.852161,EV_4,1.1,311,1.223,0
1770125340.8555624,EV_4,2.99,567,0.571,0
1770125340.8592348,EV_4,1.34,261,0.879,0
1770125340.8627174,EV_4,2.09,336,0.49,0
1770125340.8659952,EV_4,2.04,527,1.017,0
1770125340.8693314,EV_4,2.22,268,1.033,0
1770125340.873072,EV_4,2.14,259,0.587,0
1770125340.8767974,EV_4,1.77,395,0.704,0
1770125340.880513,EV_4,1.19,554,0.989,0
1770125340.8842747,EV_4,1.28,244,0.806,0
1770125340.8881154,EV_4,2.49,244,0.979,0
1770125340.891576,EV_4,2.07,261,0.544,0
1770125340.8955688,EV_4,2.5,400,0.481,0
1770125340.8990817,EV_4,2.95,355,0.735,0
1770125340.9024312,EV_4,2.73,229,0.659,0
1770125340.9058568,EV_4,1.98,213,0.724,0
1770125340.9096508,EV_4,2.32,304,0.924,0
1770125340.9134257,EV_4,2.5,481,0.974,0
1770125340.9170735,EV_4,2.85,401,0.344,0
1770125340.921048,EV_4,1.74,291,1.187,0
1770125340.92455,EV_4,2.72,203,0.52,0
1770125340.9279695,EV_4,1.5,319,0.543,0
1770125340.9312718,EV_4,2.99,468,0.349,0
1770125340.9345787,EV_4,2.93,535,1.293,0
1770125340.9383197,EV_4,2.07,347,0.442,0
1770125340.941643,EV_4,1.06,256,0.751,0
1770125340.9449937,EV_4,2.02,401,1.044,0
1770125340.9485345,EV_4,2.93,581,0.789,0
1770125340.952061,EV_4,2.11,558,1.423,0
1770125340.955453,EV_4,2.71,420,0.767,0
1770125340.958871,EV_4,1.24,471,1.125,0
1770125340.9624262,EV_4,1.76,487,0.443,0
1770125340.9657862,EV_4,2.38,330,0.644,0
1770125340.9695494,EV_4,1.77,302,0.651,0
1770125340.9733083,EV_4,1.45,518,0.456,0
1770125340.9772816,EV_4,2.77,591,0.542,0
1770125340.9808257,EV_4,2.95,456,1.235,0
1770125340.9847145,EV_4,2.68,331,1.436,0
1770125340.9883187,EV_4,1.51,323,0.315,0
1770125340.9916532,EV_4,1.74,273,0.51,0
1770125340.9949903,EV_4,1.08,269,1.286,0
1770125340.9988775,EV_4,2.23,364,1.189,0
1770125341.002406,EV_4,1.59,569,0.689,0
1770125341.0057397,EV_4,1.15,504,1.43,0
1770125341.0095077,EV_4,1.44,513,0.567,0
1770125341.0128443,EV_4,1.09,298,1.024,0
1770125341.0164955,EV_4,2.02,559,1.349,0
1770125341.0201511,EV_4,1.03,338,0.871,0
1770125341.0235143,EV_4,1.5,498,1.051,0
1770125341.0268836,EV_4,1.07,494,0.598,0
1770125341.0309625,EV_4,1.59,456,1.366,0
1770125341.0343502,EV_4,1.29,401,0.471,0
1770125341.0377176,EV_4,1.02,460,0.978,0
1770125341.0410876,EV_4,1.29,535,1.276,0
1770125341.0444481,EV_4,1.91,370,1.142,0
1770125341.0483768,EV_4,2.96,448,0.712,0
1770125341.0517673,EV_4,2.27,359,0.697,0
1770125341.0551314,EV_4,2.76,209,1.206,0
1770125341.058493,EV_4,1.39,300,1.069,0
1770125341.062086,EV_4,1.7,491,1.091,0
1770125341.0655258,EV_4,2.33,584,0.363,0
1770125341.0688992,EV_4,1.82,542,0.705,0
1770125341.072313,EV_4,2.95,289,0.5,0
1770125341.0757205,EV_4,2.91,453,1.336,0
1770125341.0790641,EV_4,1.13,208,0.618,0
1770125341.0826821,EV_4,2.31,597,1.373,0
1770125341.0860739,EV_4,2.77,589,1.264,0
1770125341.0894127,EV_4,2.56,273,1.281,0
1770125341.0927727,EV_4,1.65,399,0.985,0
1770125341.096346,EV_4,1.94,288,1.407,0
1770125341.0996509,EV_4,1.15,303,0.365,0
1770125341.1030486,EV_4,1.15,563,1.07,0
1770125341.1063795,EV_4,2.33,208,1.201,0
1770125341.110026,EV_4,1.94,376,1.397,0
1770125341.1134017,EV_4,2.74,410,1.04,0
1770125341.116756,EV_4,1.98,297,0.341,0
1770125341.1201227,EV_4,1.37,470,0.677,0
1770125341.1234815,EV_4,2.19,497,0.989,0
1770125341.1271818,EV_4,1.09,446,0.952,0
1770125341.1309323,EV_4,1.37,346,1.061,0
1770125341.1342707,EV_4,2.51,357,1.459,0
1770125341.137718,EV_4,1.81,385,1.412,0
1770125341.1413982,EV_4,1.08,301,1.419,0
1770125341.1449463,EV_4,2.5,410,1.461,0
1770125341.1487458,EV_4,2.62,235,1.325,0
1770125341.1523075,EV_4,2.97,478,0.425,0
1770125341.1560202,EV_4,2.27,347,1.06,0
1770125341.1595216,EV_4,1.68,492,0.859,0
1770125341.162815,EV_4,2.35,410,0.401,0
1770125341.1662807,EV_4,2.97,527,0.508,0
1770125341.169842,EV_4,1.53,415,0.663,0
1770125341.1736314,EV_4,2.47,317,1.407,0
1770125341.1774402,EV_4,1.5,555,0.35,0
1770125341.1811771,EV_4,2.06,220,1.282,0
1770125341.184635,EV_4,1.94,514,1.1,0
1770125341.188238,EV_4,1.87,384,0.461,0
1770125341.191779,EV_4,2.03,299,0.839,0
1770125341.1953259,EV_4,1.52,504,0.437,0
1770125341.1988587,EV_4,1.21,473,1.457,0
1770125341.202676,EV_4,1.31,408,0.65,0
1770125341.2059345,EV_4,1.24,365,0.963,0
1770125341.2091775,EV_4,2.37,315,1.215,0
1770125341.2124085,EV_4,2.81,386,0.477,0
1770125341.2156463,EV_4,1.04,461,0.316,0
1770125341.2191355,EV_4,1.66,265,0.693,0
1770125341.2225652,EV_4,1.68,431,0.55,0
1770125341.2259653,EV_4,2.42,557,0.534,0
1770125341.229906,EV_4,2.54,363,1.141,0
1770125341.2335014,EV_4,2.45,466,0.436,0
1770125341.2370691,EV_4,2.41,279,0.628,0
1770125341.2407694,EV_4,2.79,519,0.775,0
1770125341.2440906,EV_4,2.49,457,1.08,0
1770125341.2474117,EV_4,2.89,320,0.765,0
1770125341.2517757,EV_4,2.31,305,0.809,0
1770125341.255423,EV_4,1.58,403,1.234,0
1770125341.2588298,EV_4,1.78,537,0.478,0
1770125341.262157,EV_4,1.97,211,0.964,0
1770125341.2654254,EV_4,2.27,224,1.244,0
1770125341.2692468,EV_4,2.32,577,1.485,0
1770125341.2725947,EV_4,1.03,372,0.444,0
1770125341.2759557,EV_4,2.63,383,0.948,0
1770125341.2792912,EV_4,1.13,559,1.306,0
1770125341.2833414,EV_4,2.34,219,1.473,0
1770125341.286748,EV_4,2.73,244,1.216,0
1770125341.2901018,EV_4,2.28,402,0.523,0
1770125341.293509,EV_4,1.82,320,1.158,0
1770125341.2969234,EV_4,2.59,299,0.681,0
1770125341.300304,EV_4,1.01,285,0.312,0
1770125341.303707,EV_4,2.6,301,1.224,0
1770125341.3072689,EV_4,1.22,468,1.332,0
1770125341.310618,EV_4,1.82,554,0.673,0
1770125341.3143265,EV_4,2.19,243,1.289,0
1770125341.3178039,EV_4,1.42,364,0.338,0
1770125341.3211355,EV_4,1.13,235,0.599,0
1770125341.324501,EV_4,1.53,449,0.386,0
1770125341.3278441,EV_4,1.81,380,0.352,0
1770125341.3311605,EV_4,1.12,339,0.827,0
1770125341.3349495,EV_4,2.22,552,0.671,0
1770125341.3383012,EV_4,1.9,529,0.852,0
1770125341.3416498,EV_4,1.79,478,0.515,0
1770125341.345779,EV_4,2.16,283,1.287,0
1770125341.3492653,EV_4,2.25,467,0.859,0
1770125341.3526332,EV_4,2.13,279,0.916,0
1770125341.356007,EV_4,2.59,384,0.849,0
1770125341.3593826,EV_4,2.06,214,0.574,0
1770125341.3631222,EV_4,1.66,402,1.178,0
1770125341.3664827,EV_4,1.38,325,1.323,0
1770125341.3698514,EV_4,1.54,403,0.909,0
1770125341.3732166,EV_4,1.46,217,1.375,0
1770125341.376702,EV_4,2.59,267,0.308,0
1770125341.3801208,EV_4,1.66,490,0.38,0
1770125341.383822,EV_4,1.11,259,1.173,0
1770125341.387197,EV_4,1.31,252,1.486,0
1770125341.3905637,EV_4,1.72,326,1.122,0
1770125341.3941922,EV_4,1.73,529,0.66,0
1770125341.3977165,EV_4,1.18,233,1.231,0
1770125341.401063,EV_4,2.14,344,1.096,0
1770125341.4045067,EV_4,1.36,458,0.736,0
1770125341.408666,EV_4,1.96,244,1.311,0
1770125341.412052,EV_4,2.17,353,1.252,0
1770125341.4154358,EV_4,1.12,592,0.433,0
1770125341.419169,EV_4,1.46,313,1.304,0
1770125341.4225435,EV_4,2.02,243,1.251,0
1770125341.4259214,EV_4,2.88,304,1.358,0
1770125341.4293432,EV_4,1.43,466,0.77,0
1770125341.4330425,EV_4,2.73,593,1.328,0
1770125341.436424,EV_4,2.81,431,0.5,0
1770125341.441159,EV_5,2.04,492,1.047,0
1770125341.4445474,EV_5,2.07,466,1.086,0
1770125341.447917,EV_5,1.15,211,0.303,0
1770125341.4512913,EV_5,2.88,511,0.824,0
1770125341.4546616,EV_5,1.12,211,1.036,0
1770125341.4620843,EV_5,2.71,378,1.21,0
1770125341.4657729,EV_5,1.72,285,0.784,0
1770125341.4694154,EV_5,2.23,369,0.987,0
1770125341.473191,EV_5,1.81,261,1.064,0
1770125341.4766724,EV_5,1.42,556,0.643,0
1770125341.4798348,EV_5,1.05,207,0.807,0
1770125341.4835505,EV_5,1.99,420,0.652,0
1770125341.486811,EV_5,2.85,323,1.272,0
1770125341.490593,EV_5,1.23,521,1.026,0
1770125341.4943278,EV_5,1.06,381,1.215,0
1770125341.4977841,EV_5,1.46,323,1.491,0
1770125341.5014784,EV_5,1.63,528,0.304,0
1770125341.5052283,EV_5,2.36,392,0.6,0
1770125341.5086722,EV_5,2.54,560,1.426,0
1770125341.512356,EV_5,1.76,597,1.305,0
1770125341.5160806,EV_5,1.28,578,1.426,0
1770125341.519871,EV_5,2.02,339,0.797,0
1770125341.5238543,EV_5,1.06,244,1.096,0
1770125341.5275803,EV_5,1.08,383,0.389,0
1770125341.5313675,EV_5,2.59,597,0.605,0
1770125341.5352056,EV_5,2.12,300,0.482,0
1770125341.5385349,EV_5,2.89,523,0.956,0
1770125341.5420115,EV_5,1.65,495,1.434,0
1770125341.5455277,EV_5,1.88,511,1.066,0
1770125341.5490406,EV_5,2.0,446,1.283,0
1770125341.5523937,EV_5,2.92,272,1.415,0
1770125341.5558214,EV_5,2.91,245,0.412,0
1770125341.5592513,EV_5,1.36,548,0.351,0
1770125341.5624962,EV_5,1.93,424,0.716,0
1770125341.5662205,EV_5,2.57,423,1.488,0
1770125341.569632,EV_5,2.29,232,0.528,0
1770125341.5729768,EV_5,2.71,227,1.058,0
1770125341.5766964,EV_5,2.83,381,0.602,0
1770125341.5803113,EV_5,1.75,539,0.652,0
1770125341.5839293,EV_5,2.73,525,1.025,0
1770125341.5876558,EV_5,2.3,521,0.967,0
1770125341.5910907,EV_5,1.23,480,1.081,0
1770125341.5944622,EV_5,2.08,496,1.096,0
1770125341.5980291,EV_5,1.98,441,0.727,0
1770125341.601296,EV_5,2.3,253,0.745,0
1770125341.6046538,EV_5,1.79,334,0.707,0
1770125341.6084185,EV_5,1.46,402,0.811,0
1770125341.6123693,EV_5,1.15,235,0.641,0
1770125341.6158707,EV_5,2.18,460,0.32,0
1770125341.619759,EV_5,2.72,504,0.967,0
1770125341.6231637,EV_5,2.47,482,1.463,0
1770125341.6265001,EV_5,2.31,516,1.412,0
1770125341.6302783,EV_5,1.41,339,1.313,0
1770125341.6336758,EV_5,1.39,442,0.731,0
1770125341.6370692,EV_5,1.54,243,0.811,0
1770125341.640434,EV_5,2.52,247,0.424,0
1770125341.644289,EV_5,1.19,422,0.331,0
1770125341.6477666,EV_5,2.71,504,0.482,0
1770125341.6512058,EV_5,1.37,348,0.617,0
1770125341.654613,EV_5,1.31,322,0.931,0
1770125341.6580265,EV_5,2.65,343,0.54,0
1770125341.6615942,EV_5,1.46,463,0.614,0
1770125341.6652188,EV_5,2.29,443,0.737,0
1770125341.6687632,EV_5,2.54,543,0.856,0
1770125341.672305,EV_5,2.56,307,0.861,0
1770125341.6768682,EV_5,1.24,574,0.447,0
1770125341.6807659,EV_5,2.05,595,0.623,0
1770125341.6842246,EV_5,2.29,212,0.638,0
1770125341.6879852,EV_5,1.15,220,1.231,0
1770125341.6916695,EV_5,2.58,500,0.728,0
1770125341.6954842,EV_5,2.65,259,0.308,0
1770125341.6990266,EV_5,2.87,300,0.426,0
1770125341.7028039,EV_5,1.98,594,1.258,0
1770125341.7064059,EV_5,2.13,361,1.227,0
1770125341.7099583,EV_5,1.04,537,0.753,0
1770125341.7135177,EV_5,1.12,232,0.81,0
1770125341.7170846,EV_5,2.16,266,0.481,0
1770125341.7207296,EV_5,1.9,207,1.224,0
1770125341.7242157,EV_5,1.43,251,1.297,0
1770125341.7274618,EV_5,2.41,493,0.574,0
1770125341.7307253,EV_5,1.57,280,1.198,0
1770125341.7343662,EV_5,1.02,586,1.47,0
1770125341.738118,EV_5,2.79,562,0.469,0
1770125341.741823,EV_5,2.54,432,0.628,0
1770125341.745148,EV_5,1.03,342,1.18,0
1770125341.7484653,EV_5,2.56,343,1.277,0
1770125341.7518337,EV_5,1.89,209,1.076,0
1770125341.7555735,EV_5,1.9,404,1.148,0
1770125341.7588787,EV_5,1.78,431,0.359,0
1770125341.7621827,EV_5,2.84,355,0.902,0
1770125341.7656946,EV_5,2.64,304,1.292,0
1770125341.7694638,EV_5,1.09,509,0.363,0
1770125341.7732105,EV_5,1.8,353,0.501,0
1770125341.7769623,EV_5,1.26,516,1.343,0
1770125341.780291,EV_5,2.32,474,0.953,0
1770125341.7839942,EV_5,1.51,371,1.456,0
1770125341.7874327,EV_5,2.86,435,1.322,0
1770125341.7907634,EV_5,2.32,343,0.628,0
1770125341.7940958,EV_5,2.12,523,0.907,0
1770125341.7977462,EV_5,2.56,343,1.488,0
1770125341.8010979,EV_5,2.45,502,0.631,0
1770125341.8044503,EV_5,1.06,303,0.906,0
1770125341.8082254,EV_5,2.43,597,0.7,0
1770125341.8116484,EV_5,2.86,432,0.365,0
1770125341.815579,EV_5,1.65,391,0.632,0
1770125341.8191803,EV_5,1.0,400,1.487,0
1770125341.8229127,EV_5,2.16,598,1.434,0
1770125341.8266582,EV_5,1.02,412,1.197,0
1770125341.8304777,EV_5,1.07,276,0.804,0
1770125341.8338497,EV_5,2.43,550,0.59,0
1770125341.8372889,EV_5,1.25,202,1.494,0
1770125341.8410227,EV_5,1.41,401,0.546,0
1770125341.8444018,EV_5,1.85,470,0.92,0
1770125341.8482578,EV_5,2.48,233,1.43,0
1770125341.851726,EV_5,1.39,410,1.225,0
1770125341.855086,EV_5,1.83,372,0.757,0
1770125341.8585594,EV_5,1.77,416,1.308,0
1770125341.8622055,EV_5,1.48,533,0.975,0
1770125341.8655734,EV_5,1.92,572,1.121,0
1770125341.868942,EV_5,2.17,310,1.03,0
1770125341.8726864,EV_5,1.38,499,0.905,0
1770125341.8761022,EV_5,2.93,469,1.157,0
1770125341.8797,EV_5,2.18,393,0.422,0
1770125341.883479,EV_5,1.58,379,1.345,0
1770125341.8868608,EV_5,2.49,317,0.769,0
1770125341.8902254,EV_5,2.28,512,0.711,0
1770125341.8939598,EV_5,1.4,420,0.563,0
1770125341.8976297,EV_5,2.97,284,0.717,0
1770125341.9009736,EV_5,1.08,494,1.206,0
1770125341.904716,EV_5,2.24,555,1.337,0
1770125341.908063,EV_5,2.64,565,0.845,0
1770125341.9114845,EV_5,2.19,423,1.124,0
1770125341.9152553,EV_5,1.93,422,0.988,0
1770125341.9187071,EV_5,1.94,404,0.532,0
1770125341.9220486,EV_5,2.82,205,1.326,0
1770125341.9263632,EV_5,2.85,469,1.144,0
1770125341.929721,EV_5,1.79,283,1.413,0
1770125341.9330745,EV_5,2.08,321,0.642,0
1770125341.936447,EV_5,2.02,592,0.597,0
1770125341.9398272,EV_5,1.57,432,1.021,0
1770125341.9431787,EV_5,1.33,264,1.308,0
1770125341.9465642,EV_5,2.16,254,0.631,0
1770125341.9500644,EV_5,1.13,540,1.075,0
1770125341.9534333,EV_5,1.22,421,1.212,0
1770125341.957009,EV_5,1.86,381,1.214,0
1770125341.9603753,EV_5,2.73,449,0.887,0
1770125341.9637444,EV_5,1.19,593,1.107,0
1770125341.96712,EV_5,2.7,216,0.489,0
1770125341.9704905,EV_5,1.11,424,0.511,0
1770125341.974286,EV_5,2.55,446,0.363,0
1770125341.9777737,EV_5,1.33,523,0.983,0
1770125341.9812224,EV_5,2.32,274,0.374,0
1770125341.9849794,EV_5,2.18,482,0.735,0
1770125341.988984,EV_5,2.57,329,0.328,0
1770125341.9922338,EV_5,1.33,549,0.863,0
1770125341.9958458,EV_5,1.14,323,0.774,0
1770125341.9991872,EV_5,1.5,351,1.339,0
1770125342.0025244,EV_5,2.04,577,0.591,0
1770125342.0062544,EV_5,2.05,233,0.968,0
1770125342.0096157,EV_5,1.06,416,0.903,0
1770125342.012954,EV_5,2.34,248,1.167,0
1770125342.016309,EV_5,1.87,224,1.446,0
1770125342.020036,EV_5,2.23,364,1.345,0
1770125342.0234113,EV_5,1.71,566,1.431,0
1770125342.026777,EV_5,1.09,391,0.48,0
1770125342.0305033,EV_5,1.71,227,1.348,0
1770125342.0338812,EV_5,2.71,523,0.976,0
1770125342.0373535,EV_5,1.41,507,0.67,0
1770125342.0410016,EV_5,2.22,347,1.007,0
1770125342.0443683,EV_5,2.93,560,1.181,0
1770125342.0477467,EV_5,2.96,377,0.514,0
1770125342.0510793,EV_5,2.02,332,1.497,0
1770125342.0545943,EV_5,1.1,207,1.196,0
1770125342.0579057,EV_5,1.7,450,0.529,0
1770125342.061245,EV_5,2.27,313,0.339,0
1770125342.0645883,EV_5,1.91,448,0.404,0
1770125342.0680752,EV_5,2.3,435,0.421,0
1770125342.0714452,EV_5,2.44,501,1.178,0
1770125342.0748086,EV_5,2.71,223,1.069,0
1770125342.078174,EV_5,1.91,527,0.496,0
1770125342.0817797,EV_5,2.88,214,0.815,0
1770125342.085166,EV_5,2.17,571,0.821,0
1770125342.088533,EV_5,1.43,467,0.96,0
1770125342.0919087,EV_5,2.7,477,1.31,0
1770125342.095276,EV_5,1.94,447,0.319,0
1770125342.098934,EV_5,2.07,407,0.697,0
1770125342.10262,EV_5,1.35,554,1.494,0
1770125342.1059725,EV_5,2.56,545,0.319,0
1770125342.1093898,EV_5,2.33,563,0.338,0
1770125342.113558,EV_5,1.83,385,1.288,0
1770125342.1169512,EV_5,1.42,226,0.745,0
1770125342.1203084,EV_5,2.04,428,1.208,0
1770125342.1236641,EV_5,2.28,451,0.527,0
1770125342.127118,EV_5,1.7,569,0.71,0
1770125342.1308165,EV_5,2.26,260,0.325,0
1770125342.1342967,EV_5,1.98,425,0.997,0
1770125342.1376605,EV_5,1.73,545,0.327,0
1770125342.1415281,EV_5,1.15,359,0.75,0
1770125342.1452532,EV_5,1.6,481,0.433,0
1770125342.1486623,EV_5,1.37,555,1.281,0
1770125342.152334,EV_6,2.55,552,0.321,0
1770125342.1557233,EV_6,2.65,340,0.435,0
1770125342.1594982,EV_6,2.11,505,1.41,0
1770125342.1628041,EV_6,2.0,259,0.456,0
1770125342.1662204,EV_6,2.14,411,0.676,0
1770125342.1697004,EV_6,1.96,537,0.666,0
1770125342.1730444,EV_6,1.86,520,0.831,0
1770125342.1766324,EV_6,1.32,210,1.373,0
1770125342.1799448,EV_6,1.16,531,1.358,0
1770125342.1830237,EV_6,2.24,543,0.621,0
1770125342.186152,EV_6,1.79,429,0.995,0
1770125342.189532,EV_6,1.48,258,0.391,0
1770125342.1929743,EV_6,2.25,386,1.129,0
1770125342.1965687,EV_6,1.67,391,0.964,0
1770125342.1996472,EV_6,2.08,396,1.002,0
1770125342.2028868,EV_6,2.47,310,0.397,0
1770125342.2064755,EV_6,2.61,422,1.098,0
1770125342.20968,EV_6,2.99,402,0.807,0
1770125342.2130723,EV_6,1.92,401,0.842,0
1770125342.2164524,EV_6,2.32,446,0.71,0
1770125342.2201626,EV_6,2.96,218,0.783,0
1770125342.2236545,EV_6,1.63,580,0.301,0
1770125342.227259,EV_6,2.3,537,0.325,0
1770125342.2307742,EV_6,2.54,315,0.983,0
1770125342.2343073,EV_6,2.19,476,1.374,0
1770125342.2378833,EV_6,1.11,517,1.318,0
1770125342.2415366,EV_6,2.43,371,0.766,0
1770125342.2446723,EV_6,1.96,215,0.924,0
1770125342.2479558,EV_6,2.41,202,0.442,0
1770125342.2512395,EV_6,1.59,426,0.952,0
1770125342.254929,EV_6,1.05,422,1.227,0
1770125342.25856,EV_6,2.28,404,1.366,0
1770125342.2622316,EV_6,2.47,316,1.496,0
1770125342.2658904,EV_6,1.15,465,1.498,0
1770125342.2695456,EV_6,1.5,239,1.003,0
1770125342.2733655,EV_6,1.76,412,1.383,0
1770125342.276788,EV_6,2.55,330,0.982,0
1770125342.2800515,EV_6,1.96,413,0.587,0
1770125342.2838569,EV_6,1.82,353,0.68,0
1770125342.2875683,EV_6,1.66,342,0.396,0
1770125342.2908945,EV_6,1.75,408,0.979,0
1770125342.29465,EV_6,1.09,549,0.731,0
1770125342.2979765,EV_6,1.96,511,0.89,0
1770125342.3015509,EV_6,1.75,484,0.739,0
1770125342.3052537,EV_6,1.11,362,1.165,0
1770125342.3086808,EV_6,1.63,200,1.323,0
1770125342.3120308,EV_6,1.09,333,0.921,0
1770125342.316016,EV_6,1.09,307,0.648,0
1770125342.3194416,EV_6,2.62,368,0.478,0
1770125342.3227975,EV_6,2.75,443,0.303,0
1770125342.326573,EV_6,1.55,336,0.569,0
1770125342.3299758,EV_6,1.14,494,0.328,0
1770125342.3336794,EV_6,1.9,329,1.052,0
1770125342.3375008,EV_6,2.38,418,0.301,0
1770125342.341138,EV_6,2.99,472,0.731,0
1770125342.3449333,EV_6,1.54,464,1.215,0
1770125342.3486407,EV_6,1.73,319,0.763,0
1770125342.3519857,EV_6,2.61,321,1.488,0
1770125342.3556452,EV_6,1.01,254,0.547,0
1770125342.3589234,EV_6,1.85,372,1.098,0
1770125342.3626926,EV_6,1.33,291,0.68,0
1770125342.36627,EV_6,2.02,557,0.616,0
1770125342.3696363,EV_6,2.9,212,0.794,0
1770125342.3730075,EV_6,1.01,298,0.823,0
1770125342.376416,EV_6,1.93,528,1.026,0
1770125342.3797948,EV_6,2.56,207,1.492,0
1770125342.3831716,EV_6,1.73,214,0.745,0
1770125342.3870912,EV_6,2.56,544,0.581,0
1770125342.390582,EV_6,2.82,396,0.696,0
1770125342.3944676,EV_6,2.7,578,1.001,0
1770125342.3979454,EV_6,1.15,547,1.331,0
1770125342.401312,EV_6,1.33,447,1.306,0
1770125342.404678,EV_6,1.71,200,0.758,0
1770125342.4084234,EV_6,1.47,389,0.724,0
1770125342.411794,EV_6,2.34,504,0.541,0
1770125342.4151573,EV_6,2.14,395,1.31,0
1770125342.4186075,EV_6,1.03,234,1.413,0
1770125342.4219794,EV_6,1.18,274,1.21,0
1770125342.425598,EV_6,1.56,514,0.337,0
1770125342.428967,EV_6,2.77,250,0.663,0
1770125342.4323473,EV_6,1.46,470,0.776,0
1770125342.4357295,EV_6,1.49,573,0.432,0
1770125342.4392316,EV_6,2.27,583,0.638,0
1770125342.4428394,EV_6,2.53,269,0.897,0
1770125342.4461906,EV_6,1.98,479,1.492,0
1770125342.4495351,EV_6,2.62,262,1.32,0
1770125342.4528878,EV_6,2.62,575,1.403,0
1770125342.4577239,EV_6,2.09,468,1.251,0
1770125342.4611042,EV_6,2.26,380,0.616,0
1770125342.4644585,EV_6,2.2,244,1.386,0
1770125342.46836,EV_6,1.89,492,0.895,0
1770125342.4718108,EV_6,2.13,585,1.403,0
1770125342.4752038,EV_6,2.67,444,1.105,0
1770125342.479009,EV_6,1.25,458,0.829,0
1770125342.4825366,EV_6,2.82,367,1.357,0
1770125342.4859135,EV_6,2.02,448,1.085,0
1770125342.489571,EV_6,1.48,215,0.957,0
1770125342.49342,EV_6,1.58,327,0.977,0
1770125342.4968483,EV_6,2.26,501,1.029,0
1770125342.5001934,EV_6,1.68,434,1.36,0
1770125342.503538,EV_6,2.47,308,1.424,0
1770125342.507309,EV_6,1.0,519,1.314,0
1770125342.5107756,EV_6,2.85,213,1.391,0
1770125342.5146189,EV_6,2.83,404,1.095,0
1770125342.518116,EV_6,2.26,211,1.177,0
1770125342.521462,EV_6,2.04,239,0.459,0
1770125342.5247245,EV_6,1.53,204,1.203,0
1770125342.5280967,EV_6,1.95,531,1.326,0
1770125342.5314698,EV_6,1.86,227,0.721,0
1770125342.5351133,EV_6,1.97,440,0.739,0
1770125342.53873,EV_6,2.15,289,1.312,0
1770125342.5424993,EV_6,2.8,241,1.094,0
1770125342.5461986,EV_6,2.17,300,1.358,0
1770125342.55008,EV_6,2.39,475,1.098,0
1770125342.5536888,EV_6,2.07,322,0.33,0
1770125342.5572944,EV_6,2.21,350,1.326,0
1770125342.5611486,EV_6,1.89,483,0.767,0
1770125342.5646727,EV_6,1.78,317,1.213,0
1770125342.5680625,EV_6,2.15,503,0.33,0
1770125342.571748,EV_6,2.35,360,0.819,0
1770125342.5751097,EV_6,2.71,373,0.814,0
1770125342.578611,EV_6,2.72,432,0.503,0
1770125342.5822263,EV_6,1.83,473,1.321,0
1770125342.5855951,EV_6,2.14,368,0.755,0
1770125342.5889664,EV_6,2.6,548,0.358,0
1770125342.5923972,EV_6,1.19,353,0.341,0
1770125342.5964427,EV_6,2.03,548,0.308,0
1770125342.5998383,EV_6,2.26,376,0.888,0
1770125342.6036465,EV_6,2.19,235,1.151,0
1770125342.6071126,EV_6,1.15,306,0.929,0
1770125342.6104918,EV_6,1.52,482,0.378,0
1770125342.6139865,EV_6,2.74,389,0.318,0
1770125342.617427,EV_6,2.47,295,0.524,0
1770125342.6211503,EV_6,2.39,421,0.708,0
1770125342.6245573,EV_6,1.7,397,0.58,0
1770125342.6280842,EV_6,2.81,545,0.319,0
1770125342.6313186,EV_6,1.31,424,1.307,0
1770125342.6351035,EV_6,2.15,201,0.655,0
1770125342.6388252,EV_6,1.14,326,1.161,0
1770125342.643201,EV_6,1.42,476,1.385,0
1770125342.6465757,EV_6,2.29,422,1.17,0
1770125342.6499119,EV_6,2.62,590,1.443,0
1770125342.6533468,EV_6,1.78,296,0.934,0
1770125342.6566885,EV_6,1.37,426,1.286,0
1770125342.6604285,EV_6,2.02,568,0.959,0
1770125342.6640701,EV_6,2.31,200,0.38,0
1770125342.6674712,EV_6,1.45,541,0.95,0
1770125342.670808,EV_6,1.89,457,0.648,0
1770125342.674707,EV_6,2.79,380,1.308,0
1770125342.6780565,EV_6,2.97,262,0.364,0
1770125342.6813867,EV_6,1.86,558,0.967,0
1770125342.6851249,EV_6,2.6,473,1.031,0
1770125342.6884859,EV_6,2.03,264,0.981,0
1770125342.6918545,EV_6,2.5,465,0.396,0
1770125342.6957119,EV_6,1.32,519,0.735,0
1770125342.699184,EV_6,2.91,258,0.6,0
1770125342.7025435,EV_6,2.02,207,0.852,0
1770125342.706479,EV_6,1.29,326,0.765,0
1770125342.7099195,EV_6,1.06,570,0.597,0
1770125342.713291,EV_6,1.73,467,0.871,0
1770125342.7170827,EV_6,2.64,312,0.357,0
1770125342.7205114,EV_6,1.37,519,0.664,0
1770125342.7248704,EV_6,1.4,411,0.393,0
1770125342.728639,EV_6,1.69,573,0.441,0
1770125342.7320397,EV_6,1.82,317,1.134,0
1770125342.735726,EV_6,2.03,256,0.794,0
1770125342.7392323,EV_6,1.95,355,0.645,0
1770125342.743146,EV_6,2.05,411,1.472,0
1770125342.7464774,EV_6,2.09,206,1.0,0
1770125342.7498538,EV_6,1.24,578,1.102,0
1770125342.7535908,EV_6,2.4,552,1.007,0
1770125342.7570386,EV_6,2.55,412,0.421,0
1770125342.7603052,EV_6,2.58,428,1.143,0
1770125342.7636118,EV_6,2.82,318,1.409,0
1770125342.7668948,EV_6,2.88,505,1.09,0
1770125342.7704434,EV_6,2.96,339,0.705,0
1770125342.7738934,EV_6,1.72,551,1.452,0
1770125342.7772107,EV_6,2.04,278,1.155,0
1770125342.780975,EV_6,2.06,552,0.67,0
1770125342.7844834,EV_6,2.56,318,0.892,0
1770125342.7879498,EV_6,1.72,222,0.545,0
1770125342.791578,EV_6,1.82,517,1.044,0
1770125342.7949371,EV_6,2.91,219,1.315,0
1770125342.7986336,EV_6,1.82,535,0.952,0
1770125342.8019743,EV_6,1.14,574,1.282,0
1770125342.8053095,EV_6,1.18,420,0.878,0
1770125342.8087022,EV_6,1.73,336,0.479,0
1770125342.8124595,EV_6,1.15,530,1.1,0
1770125342.8161416,EV_6,2.78,216,0.498,0
1770125342.8196137,EV_6,1.3,399,0.832,0
1770125342.8232603,EV_6,2.42,439,0.484,0
1770125342.8266215,EV_6,2.47,406,1.411,0
1770125342.8299754,EV_6,1.17,258,0.312,0
1770125342.8337107,EV_6,1.58,331,1.427,0
1770125342.837069,EV_6,1.15,559,1.229,0
1770125342.8404293,EV_6,2.66,507,1.321,0
1770125342.8441732,EV_6,2.37,401,0.754,0
1770125342.8476844,EV_6,1.47,498,0.809,0
1770125342.8512695,EV_6,2.25,554,1.375,0
1770125342.8550282,EV_6,2.23,502,0.546,0
1770125342.8586998,EV_7,2.16,284,0.55,0
1770125342.862387,EV_7,2.44,244,0.662,0
1770125342.865825,EV_7,1.51,211,0.821,0
1770125342.869181,EV_7,2.78,242,1.346,0
1770125342.8725357,EV_7,2.55,362,0.592,0
1770125342.8762834,EV_7,2.88,513,0.531,0
1770125342.8799922,EV_7,1.17,339,1.031,0
1770125342.8834465,EV_7,2.6,290,1.469,0
1770125342.8868408,EV_7,2.89,561,1.162,0
1770125342.8906095,EV_7,1.32,228,0.586,0
1770125342.8939095,EV_7,2.78,256,1.247,0
1770125342.8973675,EV_7,1.98,456,1.101,0
1770125342.9005568,EV_7,1.15,256,0.707,0
1770125342.9038146,EV_7,2.64,261,1.026,0
1770125342.9071946,EV_7,2.68,479,1.348,0
1770125342.911227,EV_7,1.97,257,0.393,0
1770125342.9145324,EV_7,1.49,410,0.31,0
1770125342.917839,EV_7,2.93,280,0.727,0
1770125342.921568,EV_7,1.84,233,1.255,0
1770125342.925472,EV_7,1.87,329,0.913,0
1770125342.9291377,EV_7,2.94,457,0.491,0
1770125342.932911,EV_7,1.69,492,0.327,0
1770125342.9363036,EV_7,1.89,387,1.447,0
1770125342.9397092,EV_7,2.78,412,0.842,0
1770125342.9432127,EV_7,1.64,322,0.861,0
1770125342.9467168,EV_7,1.54,531,0.416,0
1770125342.9505014,EV_7,1.01,536,0.876,0
1770125342.954532,EV_7,1.99,255,0.986,0
1770125342.9582515,EV_7,1.54,257,0.684,0
1770125342.9617436,EV_7,2.38,259,1.125,0
1770125342.965055,EV_7,1.59,387,1.255,0
1770125342.9686198,EV_7,1.5,590,0.661,0
1770125342.9724026,EV_7,1.8,487,1.071,0
1770125342.9757726,EV_7,1.79,524,1.386,0
1770125342.9792166,EV_7,2.55,444,1.033,0
1770125342.9827704,EV_7,2.4,579,0.507,0
1770125342.98628,EV_7,2.74,345,1.404,0
1770125342.9899428,EV_7,1.82,532,0.714,0
1770125342.993338,EV_7,1.44,322,0.719,0
1770125342.9967077,EV_7,1.17,468,0.423,0
1770125343.0005217,EV_7,1.53,393,0.617,0
1770125343.0043283,EV_7,2.04,213,0.462,0
1770125343.007641,EV_7,2.03,202,0.601,0
1770125343.0111856,EV_7,1.62,585,1.216,0
1770125343.0145204,EV_7,1.17,239,0.749,0
1770125343.0178692,EV_7,2.47,361,0.796,0
1770125343.0217645,EV_7,2.92,210,0.518,0
1770125343.0251524,EV_7,2.52,474,0.43,0
1770125343.0285819,EV_7,1.21,481,1.309,0
1770125343.0324423,EV_7,2.43,578,1.408,0
1770125343.036207,EV_7,1.09,419,0.692,0
1770125343.0400023,EV_7,2.86,476,0.789,0
1770125343.0437734,EV_7,2.86,457,0.678,0
1770125343.0475433,EV_7,1.83,451,1.017,0
1770125343.0515742,EV_7,2.15,356,0.627,0
1770125343.0549781,EV_7,1.01,376,0.998,0
1770125343.0584605,EV_7,1.42,429,1.081,0
1770125343.0618308,EV_7,1.89,343,0.387,0
1770125343.0651727,EV_7,2.98,287,1.358,0
1770125343.0686998,EV_7,1.06,457,0.855,0
1770125343.072237,EV_7,1.89,357,1.316,0
1770125343.0754893,EV_7,1.85,283,0.474,0
1770125343.0789185,EV_7,1.5,291,0.985,0
1770125343.0828004,EV_7,2.96,585,1.087,0
1770125343.0863957,EV_7,2.65,334,0.958,0
1770125343.0901253,EV_7,2.13,569,0.643,0
1770125343.0940177,EV_7,2.27,522,1.314,0
1770125343.0974057,EV_7,1.41,414,1.247,0
1770125343.101031,EV_7,1.65,437,0.824,0
1770125343.1046467,EV_7,1.9,224,0.724,0
1770125343.108264,EV_7,2.13,486,0.72,0
1770125343.1116123,EV_7,2.28,366,1.307,0
1770125343.1151505,EV_7,1.96,547,0.94,0
1770125343.1185997,EV_7,1.41,274,1.012,0
1770125343.1219528,EV_7,1.13,299,1.278,0
1770125343.1257973,EV_7,2.84,204,0.948,0
1770125343.1299906,EV_7,1.92,525,0.898,0
1770125343.1332672,EV_7,1.99,219,0.474,0
1770125343.1365778,EV_7,2.87,585,0.367,0
1770125343.1399255,EV_7,2.78,385,0.416,0
1770125343.1432672,EV_7,2.05,333,0.464,0
1770125343.1471245,EV_7,2.84,516,1.366,0
1770125343.1506932,EV_7,2.34,334,1.359,0
1770125343.1540406,EV_7,2.23,329,0.486,0
1770125343.1574113,EV_7,1.76,363,1.135,0
1770125343.161515,EV_7,2.04,393,1.008,0
1770125343.1647675,EV_7,2.57,436,0.941,0
1770125343.1680903,EV_7,1.03,314,0.449,0
1770125343.171441,EV_7,1.72,551,1.107,0
1770125343.1747904,EV_7,2.44,559,0.96,0
1770125343.1787138,EV_7,1.99,365,1.198,0
1770125343.1822479,EV_7,1.36,286,1.314,0
1770125343.1857958,EV_7,2.65,490,0.709,0
1770125343.1893492,EV_7,1.61,464,0.708,0
1770125343.1930351,EV_7,1.33,560,0.522,0
1770125343.19691,EV_7,1.91,285,1.434,0
1770125343.2009182,EV_7,1.59,273,1.053,0
1770125343.2047317,EV_7,1.85,582,1.384,0
1770125343.2086654,EV_7,1.55,463,1.306,0
1770125343.2124603,EV_7,1.73,382,0.453,0
1770125343.215843,EV_7,1.1,583,1.249,0
1770125343.2192163,EV_7,2.36,217,0.728,0
1770125343.222518,EV_7,2.06,314,1.05,0
1770125343.2259636,EV_7,2.19,461,0.865,0
1770125343.2295651,EV_7,2.34,551,1.202,0
1770125343.2335925,EV_7,2.61,229,1.298,0
1770125343.2373421,EV_7,2.26,204,0.35,0
1770125343.2408412,EV_7,2.19,484,1.288,0
1770125343.2448199,EV_7,2.02,418,0.601,0
1770125343.2483559,EV_7,2.41,591,1.302,0
1770125343.2521987,EV_7,2.85,560,1.469,0
1770125343.2560797,EV_7,2.77,436,1.357,0
1770125343.2597318,EV_7,1.63,333,0.563,0
1770125343.2630002,EV_7,1.46,493,0.626,0
1770125343.2665298,EV_7,1.4,551,1.194,0
1770125343.270316,EV_7,2.9,395,0.32,0
1770125343.27374,EV_7,1.02,460,0.692,0
1770125343.2775118,EV_7,2.85,527,0.892,0
1770125343.2808535,EV_7,1.57,276,1.225,0
1770125343.2843158,EV_7,2.25,562,1.242,0
1770125343.2880201,EV_7,1.54,236,0.58,0
1770125343.291839,EV_7,1.17,547,1.12,0
1770125343.2955515,EV_7,1.32,523,0.306,0
1770125343.299238,EV_7,1.64,577,0.915,0
1770125343.3031404,EV_7,2.61,482,0.308,0
1770125343.3065195,EV_7,2.61,213,1.389,0
1770125343.309833,EV_7,2.96,572,1.457,0
1770125343.313279,EV_7,1.64,342,0.334,0
1770125343.3170168,EV_7,1.0,288,0.475,0
1770125343.3204992,EV_7,1.19,518,1.395,0
1770125343.3238902,EV_7,2.08,205,0.796,0
1770125343.3273172,EV_7,2.85,382,1.454,0
1770125343.330648,EV_7,2.88,478,0.423,0
1770125343.333989,EV_7,2.59,365,1.034,0
1770125343.3373156,EV_7,1.83,349,1.236,0
1770125343.3406715,EV_7,1.1,592,0.898,0
1770125343.3441865,EV_7,1.78,315,1.203,0
1770125343.347739,EV_7,1.15,343,0.362,0
1770125343.3511605,EV_7,2.79,534,1.453,0
1770125343.3548288,EV_7,2.27,530,1.312,0
1770125343.358295,EV_7,1.29,256,1.274,0
1770125343.3616629,EV_7,1.88,556,1.11,0
1770125343.3651438,EV_7,1.46,593,0.776,0
1770125343.368551,EV_7,1.14,369,0.884,0
1770125343.371957,EV_7,1.48,273,1.332,0
1770125343.375393,EV_7,2.5,297,0.43,0
1770125343.3795404,EV_7,3.0,213,0.627,0
1770125343.3829033,EV_7,2.34,339,0.311,0
1770125343.3862188,EV_7,1.41,324,1.119,0
1770125343.3899863,EV_7,1.38,537,0.596,0
1770125343.3933265,EV_7,1.5,366,0.822,0
1770125343.3972511,EV_7,1.31,280,1.314,0
1770125343.4006522,EV_7,2.91,504,1.278,0
1770125343.4040852,EV_7,2.18,329,0.948,0
1770125343.4079316,EV_7,1.38,537,1.456,0
1770125343.411644,EV_7,2.13,261,1.393,0
1770125343.4150078,EV_7,1.05,266,1.013,0
1770125343.4185076,EV_7,2.37,325,0.806,0
1770125343.4218712,EV_7,1.3,245,1.041,0
1770125343.4257255,EV_7,2.61,229,0.585,0
1770125343.4290628,EV_7,2.08,245,0.864,0
1770125343.4324253,EV_7,2.24,439,0.57,0
1770125343.4357934,EV_7,2.9,538,0.981,0
1770125343.4393783,EV_7,2.91,232,0.751,0
1770125343.4427483,EV_7,1.12,234,1.344,0
1770125343.4461102,EV_7,1.58,246,0.983,0
1770125343.4495313,EV_7,2.58,418,0.998,0
1770125343.453173,EV_7,1.74,443,1.393,0
1770125343.4573169,EV_7,2.49,362,0.524,0
1770125343.4606504,EV_7,1.83,207,0.936,0
1770125343.4640057,EV_7,1.44,327,0.895,0
1770125343.4673629,EV_7,2.87,242,0.495,0
1770125343.4711032,EV_7,2.4,466,0.531,0
1770125343.4746394,EV_7,1.11,312,0.545,0
1770125343.4781415,EV_7,1.0,308,0.964,0
1770125343.4815416,EV_7,1.18,258,0.56,0
1770125343.4849062,EV_7,1.83,357,0.87,0
1770125343.4888759,EV_7,1.14,272,1.125,0
1770125343.4922976,EV_7,2.02,278,1.076,0
1770125343.4956748,EV_7,1.16,330,1.246,0
1770125343.499046,EV_7,1.13,485,1.014,0
1770125343.5024068,EV_7,2.83,288,1.459,0
1770125343.505912,EV_7,2.31,564,0.586,0
1770125343.5092785,EV_7,2.06,554,0.576,0
1770125343.5128498,EV_7,2.58,408,0.869,0
1770125343.516139,EV_7,2.03,446,0.304,0
1770125343.519587,EV_7,2.87,459,0.447,0
1770125343.5230327,EV_7,2.98,313,0.899,0
1770125343.5264318,EV_7,1.73,250,0.952,0
1770125343.530184,EV_7,2.53,454,1.112,0
1770125343.5339322,EV_7,1.74,247,0.683,0
1770125343.5377254,EV_7,2.04,535,0.943,0
1770125343.541501,EV_7,2.64,532,0.848,0
1770125343.5448973,EV_7,1.83,344,1.321,0
1770125343.5482476,EV_7,1.71,467,1.285,0
1770125343.551931,EV_7,1.85,509,0.512,0
1770125343.5552788,EV_7,2.22,314,1.253,0
1770125343.5586429,EV_7,1.51,503,1.234,0
1770125343.5623965,EV_7,1.58,376,0.429,0
1770125343.5657978,EV_7,2.63,206,1.39,0
1770125343.5695658,EV_8,2.91,381,0.314,0
1770125343.5730274,EV_8,1.4,568,0.932,0
1770125343.5763943,EV_8,2.17,203,0.777,0
1770125343.5797677,EV_8,1.76,390,0.908,0
1770125343.5842483,EV_8,2.64,537,1.053,0
1770125343.58853,EV_8,2.18,393,0.367,0
1770125343.5931346,EV_8,1.63,553,0.451,0
1770125343.5968459,EV_8,1.34,289,1.458,0
1770125343.60048,EV_8,2.93,350,0.357,0
1770125343.6036992,EV_8,2.99,203,1.496,0
1770125343.6070952,EV_8,1.56,395,1.215,0
1770125343.610613,EV_8,2.47,423,1.215,0
1770125343.6139643,EV_8,2.46,253,0.798,0
1770125343.617271,EV_8,1.11,286,0.962,0
1770125343.621105,EV_8,2.78,254,0.682,0
1770125343.6247962,EV_8,2.67,211,0.823,0
1770125343.628729,EV_8,2.86,222,0.648,0
1770125343.6327238,EV_8,2.46,252,1.17,0
1770125343.636232,EV_8,1.91,428,1.445,0
1770125343.6397073,EV_8,1.77,582,1.261,0
1770125343.6437073,EV_8,2.31,436,0.885,0
1770125343.6471326,EV_8,1.07,430,0.991,0
1770125343.6505556,EV_8,1.93,574,1.11,0
1770125343.654324,EV_8,2.82,244,0.499,0
1770125343.6577525,EV_8,2.94,536,0.7,0
1770125343.6612074,EV_8,1.41,452,0.779,0
1770125343.6645408,EV_8,1.67,574,0.723,0
1770125343.6678739,EV_8,1.55,253,1.284,0
1770125343.6712074,EV_8,2.64,514,0.563,0
1770125343.6745636,EV_8,1.6,377,1.045,0
1770125343.6781666,EV_8,1.93,339,0.428,0
1770125343.681805,EV_8,1.83,332,0.761,0
1770125343.68525,EV_8,2.23,345,0.955,0
1770125343.68869,EV_8,1.98,313,1.005,0
1770125343.692608,EV_8,1.2,370,0.616,0
1770125343.6958725,EV_8,1.48,489,0.699,0
1770125343.6991603,EV_8,2.95,272,0.929,0
1770125343.702468,EV_8,2.53,337,1.133,0
1770125343.7060952,EV_8,2.45,379,0.67,0
1770125343.709792,EV_8,1.96,379,1.279,0
1770125343.7132697,EV_8,1.99,403,0.607,0
1770125343.7168145,EV_8,2.5,448,0.929,0
1770125343.720294,EV_8,1.36,449,1.363,0
1770125343.7271965,EV_8,1.88,207,0.499,0
1770125343.7306774,EV_8,1.07,530,1.379,0
1770125343.7340243,EV_8,1.62,311,0.334,0
1770125343.737458,EV_8,1.04,389,0.398,0
1770125343.7411346,EV_8,2.47,239,0.854,0
1770125343.7443748,EV_8,2.57,455,0.479,0
1770125343.7476673,EV_8,2.54,518,1.034,0
1770125343.7512727,EV_8,1.07,435,1.212,0
1770125343.754599,EV_8,2.53,303,1.278,0
1770125343.7578807,EV_8,1.83,326,0.677,0
1770125343.7614794,EV_8,2.23,362,0.778,0
1770125343.7647915,EV_8,1.85,330,0.377,0
1770125343.7680943,EV_8,2.8,362,0.938,0
1770125343.7718349,EV_8,2.45,334,0.696,0
1770125343.775189,EV_8,2.39,249,0.806,0
1770125343.778588,EV_8,1.13,416,1.015,0
1770125343.7819412,EV_8,1.72,547,1.016,0
1770125343.7853022,EV_8,1.87,475,0.696,0
1770125343.790554,EV_8,1.97,581,1.065,0
1770125343.79383,EV_8,1.78,234,1.296,0
1770125343.797355,EV_8,2.09,304,0.98,0
1770125343.800981,EV_8,2.06,332,0.973,0
1770125343.8043325,EV_8,2.57,437,1.422,0
1770125343.8075373,EV_8,1.02,323,0.521,0
1770125343.810861,EV_8,1.76,264,0.828,0
1770125343.814272,EV_8,2.79,431,0.492,0
1770125343.8183117,EV_8,1.16,271,0.613,0
1770125343.821979,EV_8,1.6,320,1.349,0
1770125343.8257828,EV_8,1.88,335,1.368,0
1770125343.8294597,EV_8,1.68,455,1.006,0
1770125343.8332064,EV_8,2.1,219,1.391,0
1770125343.8366005,EV_8,2.01,437,1.157,0
1770125343.8400106,EV_8,2.85,575,0.852,0
1770125343.843251,EV_8,1.62,524,0.341,0
1770125343.8465822,EV_8,1.99,244,1.371,0
1770125343.8503947,EV_8,2.56,485,0.855,0
1770125343.8539052,EV_8,1.32,515,0.506,0
1770125343.8573737,EV_8,1.42,383,1.247,0
1770125343.8606997,EV_8,1.89,516,0.789,0
1770125343.8640285,EV_8,1.9,247,0.963,0
1770125343.8678396,EV_8,2.77,337,1.394,0
1770125343.8713799,EV_8,2.34,434,1.333,0
1770125343.875358,EV_8,2.24,245,0.85,0
1770125343.879153,EV_8,1.35,349,1.476,0
1770125343.882862,EV_8,1.22,414,0.361,0
1770125343.886684,EV_8,1.85,568,0.305,0
1770125343.8901951,EV_8,1.51,500,0.885,0
1770125343.8937082,EV_8,2.29,301,0.77,0
1770125343.8980577,EV_8,2.7,243,0.303,0
1770125343.9014263,EV_8,1.84,370,0.601,0
1770125343.9049013,EV_8,1.23,245,0.734,0
1770125343.908604,EV_8,2.5,234,0.347,0
1770125343.91196,EV_8,1.65,574,0.82,0
1770125343.9155228,EV_8,2.6,308,0.533,0
1770125343.9188783,EV_8,2.0,357,0.824,0
1770125343.9222312,EV_8,1.97,523,0.922,0
1770125343.9256568,EV_8,2.44,536,0.38,0
1770125343.9293091,EV_8,2.44,365,0.361,0
1770125343.9327602,EV_8,2.28,254,0.596,0
1770125343.9363148,EV_8,1.44,260,0.345,0
1770125343.9396713,EV_8,2.93,201,1.387,0
1770125343.9430232,EV_8,2.78,537,1.194,0
1770125343.9467893,EV_8,2.25,239,0.846,0
1770125343.950159,EV_8,2.25,429,1.399,0
1770125343.953532,EV_8,2.7,265,1.124,0
1770125343.9571636,EV_8,1.77,269,1.481,0
1770125343.9607072,EV_8,1.9,439,0.546,0
1770125343.9640756,EV_8,1.27,409,0.648,0
1770125343.9678085,EV_8,1.69,550,1.108,0
1770125343.971187,EV_8,1.38,576,0.783,0
1770125343.9745567,EV_8,1.58,387,1.386,0
1770125343.9782262,EV_8,2.1,402,1.012,0
1770125343.9815931,EV_8,1.15,432,0.728,0
1770125343.9853916,EV_8,1.62,537,0.668,0
1770125343.9891431,EV_8,1.47,220,0.649,0
1770125343.9929442,EV_8,2.44,368,0.611,0
1770125343.9963107,EV_8,2.35,560,0.392,0
1770125344.0000517,EV_8,2.9,510,0.379,0
1770125344.0034199,EV_8,1.13,231,0.64,0
1770125344.0071516,EV_8,2.01,328,0.748,0
1770125344.0105116,EV_8,1.43,489,1.132,0
1770125344.0138764,EV_8,1.6,494,0.452,0
1770125344.0173504,EV_8,1.81,239,0.476,0
1770125344.0210192,EV_8,2.53,276,1.446,0
1770125344.0243857,EV_8,1.67,426,1.292,0
1770125344.0277474,EV_8,2.86,472,0.452,0
1770125344.031178,EV_8,2.63,367,0.55,0
1770125344.0345602,EV_8,2.51,242,0.374,0
1770125344.038215,EV_8,1.96,244,0.415,0
1770125344.0416174,EV_8,2.64,411,0.765,0
1770125344.0449855,EV_8,1.57,237,0.826,0
1770125344.0484836,EV_8,2.25,366,1.13,0
1770125344.0521157,EV_8,1.97,438,0.485,0
1770125344.055853,EV_8,1.13,319,1.325,0
1770125344.059702,EV_8,2.35,325,0.479,0
1770125344.0635054,EV_8,2.8,313,1.008,0
1770125344.0672777,EV_8,1.09,542,0.668,0
1770125344.0711143,EV_8,1.89,276,0.858,0
1770125344.0744936,EV_8,1.21,517,0.887,0
1770125344.0779963,EV_8,2.49,201,1.304,0
1770125344.081827,EV_8,2.76,223,1.288,0
1770125344.0855126,EV_8,1.22,417,0.692,0
1770125344.0889342,EV_8,1.97,241,0.637,0
1770125344.09247,EV_8,1.71,523,0.358,0
1770125344.095815,EV_8,2.43,559,0.75,0
1770125344.0994139,EV_8,2.27,452,0.483,0
1770125344.1030135,EV_8,2.88,425,0.413,0
1770125344.1063728,EV_8,1.95,397,1.393,0
1770125344.1098058,EV_8,2.09,415,0.701,0
1770125344.1131706,EV_8,2.22,416,1.337,0
1770125344.1169424,EV_8,1.2,237,0.508,0
1770125344.1202996,EV_8,1.54,558,1.328,0
1770125344.1240387,EV_8,2.75,219,0.632,0
1770125344.1274037,EV_8,1.56,460,0.744,0
1770125344.1310349,EV_8,1.12,325,1.448,0
1770125344.1347866,EV_8,1.09,427,0.419,0
1770125344.1382055,EV_8,1.24,469,0.8,0
1770125344.141999,EV_8,1.64,245,1.329,0
1770125344.1460373,EV_8,1.96,439,1.295,0
1770125344.1495876,EV_8,2.24,524,0.367,0
1770125344.1533892,EV_8,2.35,479,0.55,0
1770125344.156817,EV_8,1.34,465,0.546,0
1770125344.1601596,EV_8,2.38,315,0.669,0
1770125344.163796,EV_8,2.48,323,0.758,0
1770125344.1673868,EV_8,1.01,594,0.75,0
1770125344.1706378,EV_8,2.75,308,0.591,0
1770125344.1740184,EV_8,1.58,534,0.894,0
1770125344.177398,EV_8,2.06,518,0.982,0
1770125344.181097,EV_8,1.53,595,0.681,0
1770125344.1845493,EV_8,1.8,438,1.235,0
1770125344.1879447,EV_8,2.78,483,1.372,0
1770125344.1913779,EV_8,2.31,389,1.135,0
1770125344.194689,EV_8,2.81,254,0.725,0
1770125344.1979885,EV_8,1.58,202,1.006,0
1770125344.2012901,EV_8,2.3,542,1.259,0
1770125344.204624,EV_8,1.91,299,0.446,0
1770125344.2083948,EV_8,1.63,390,0.535,0
1770125344.2123537,EV_8,2.64,566,0.655,0
1770125344.216272,EV_8,2.76,553,1.273,0
1770125344.2200758,EV_8,1.39,299,0.558,0
1770125344.223887,EV_8,3.0,591,0.969,0
1770125344.2275422,EV_8,2.53,310,0.682,0
1770125344.2308729,EV_8,2.15,508,0.859,0
1770125344.2341852,EV_8,2.01,479,0.721,0
1770125344.237547,EV_8,2.26,377,0.573,0
1770125344.241383,EV_8,2.81,484,0.629,0
1770125344.2448494,EV_8,2.98,287,0.355,0
1770125344.2482936,EV_8,2.23,326,0.647,0
1770125344.2518253,EV_8,1.05,228,1.052,0
1770125344.255715,EV_8,2.17,239,1.369,0
1770125344.2594335,EV_8,2.45,595,1.056,0
1770125344.2630405,EV_8,1.98,223,1.237,0
1770125344.2667859,EV_8,2.13,508,0.587,0
1770125344.2701218,EV_8,2.14,457,0.811,0
1770125344.2737966,EV_8,2.6,364,1.231,0
1770125344.2771347,EV_8,2.98,370,0.399,0
1770125344.280471,EV_8,1.77,596,1.207,0
1770125344.2840786,EV_9,1.94,285,1.308,0
1770125344.2877579,EV_9,1.87,208,0.726,0
1770125344.291577,EV_9,2.74,491,0.408,0
1770125344.2949288,EV_9,1.47,200,1.387,0
1770125344.2982802,EV_9,1.71,301,0.697,0
1770125344.301645,EV_9,2.51,346,0.597,0
1770125344.3053617,EV_9,2.05,202,0.814,0
1770125344.3094716,EV_9,2.15,237,0.547,0
1770125344.3128088,EV_9,1.95,263,1.121,0
1770125344.316227,EV_9,2.83,400,0.633,0
1770125344.3200781,EV_9,2.72,208,0.714,0
1770125344.3234122,EV_9,1.72,328,1.161,0
1770125344.3269188,EV_9,2.2,233,1.182,0
1770125344.3305554,EV_9,1.7,329,1.126,0
1770125344.334294,EV_9,1.86,380,0.598,0
1770125344.3377652,EV_9,1.96,456,0.548,0
1770125344.341317,EV_9,2.1,356,0.575,0
1770125344.3447063,EV_9,2.58,449,1.394,0
1770125344.3480127,EV_9,1.25,382,1.013,0
1770125344.351487,EV_9,2.31,336,0.926,0
1770125344.3550794,EV_9,1.51,342,1.446,0
1770125344.3587072,EV_9,2.38,371,0.952,0
1770125344.3622978,EV_9,2.57,393,0.914,0
1770125344.3661363,EV_9,1.08,515,1.117,0
1770125344.3697188,EV_9,2.56,408,1.33,0
1770125344.3737063,EV_9,2.23,288,1.073,0
1770125344.377237,EV_9,2.65,437,0.39,0
1770125344.380739,EV_9,2.54,305,1.061,0
1770125344.3840816,EV_9,2.68,460,0.6,0
1770125344.3874805,EV_9,2.93,578,0.463,0
1770125344.391322,EV_9,1.64,372,0.923,0
1770125344.395228,EV_9,1.46,408,0.442,0
1770125344.3988502,EV_9,2.59,453,0.568,0
1770125344.402346,EV_9,2.64,240,0.395,0
1770125344.405949,EV_9,2.93,575,1.34,0
1770125344.409391,EV_9,1.86,313,1.157,0
1770125344.4131064,EV_9,2.74,318,0.665,0
1770125344.416345,EV_9,2.8,305,0.877,0
1770125344.4196017,EV_9,1.06,311,0.88,0
1770125344.4228845,EV_9,1.24,401,1.163,0
1770125344.426229,EV_9,2.9,317,0.317,0
1770125344.42956,EV_9,2.36,373,1.381,0
1770125344.4328666,EV_9,2.96,535,1.494,0
1770125344.436224,EV_9,2.32,560,0.805,0
1770125344.4396534,EV_9,2.57,238,0.799,0
1770125344.4433334,EV_9,2.95,403,1.137,0
1770125344.4468153,EV_9,2.21,238,1.167,0
1770125344.4501517,EV_9,1.27,525,0.481,0
1770125344.4534962,EV_9,2.55,315,0.581,0
1770125344.4569738,EV_9,2.89,485,0.685,0
1770125344.4609208,EV_9,1.73,450,0.697,0
1770125344.4643478,EV_9,1.79,463,1.397,0
1770125344.4678004,EV_9,1.23,480,0.429,0
1770125344.4711633,EV_9,2.42,417,0.337,0
1770125344.4748783,EV_9,2.11,586,0.998,0
1770125344.4782853,EV_9,2.71,564,1.053,0
1770125344.481614,EV_9,1.52,286,1.218,0
1770125344.4849439,EV_9,2.65,348,1.368,0
1770125344.488302,EV_9,1.72,511,0.851,0
1770125344.49199,EV_9,1.05,396,1.285,0
1770125344.4954524,EV_9,1.31,543,0.647,0
1770125344.4988282,EV_9,2.41,214,1.395,0
1770125344.502186,EV_9,2.71,214,1.053,0
1770125344.5058851,EV_9,2.42,525,0.863,0
1770125344.5092995,EV_9,2.41,231,1.06,0
1770125344.5128355,EV_9,1.95,463,1.186,0
1770125344.5161092,EV_9,1.35,243,1.221,0
1770125344.519589,EV_9,2.06,532,0.505,0
1770125344.5231738,EV_9,2.01,519,0.631,0
1770125344.5265174,EV_9,1.26,397,0.579,0
1770125344.5298288,EV_9,2.41,595,0.936,0
1770125344.5331585,EV_9,2.17,244,0.866,0
1770125344.5367982,EV_9,2.23,258,0.932,0
1770125344.540545,EV_9,1.73,469,0.69,0
1770125344.5438821,EV_9,2.13,301,0.977,0
1770125344.5473316,EV_9,1.41,320,1.392,0
1770125344.550742,EV_9,1.68,411,1.074,0
1770125344.5541077,EV_9,1.85,597,0.463,0
1770125344.5575938,EV_9,2.18,498,0.392,0
1770125344.560967,EV_9,2.54,541,0.348,0
1770125344.564689,EV_9,1.51,300,1.245,0
1770125344.5684404,EV_9,2.44,561,0.493,0
1770125344.571804,EV_9,1.85,212,0.909,0
1770125344.5751715,EV_9,1.54,344,0.597,0
1770125344.5785375,EV_9,1.42,272,0.718,0
1770125344.5819125,EV_9,2.25,331,1.251,0
1770125344.5853283,EV_9,1.28,426,0.983,0
1770125344.5891478,EV_9,1.33,390,1.092,0
1770125344.592971,EV_9,1.19,306,0.751,0
1770125344.5967941,EV_9,1.4,418,0.535,0
1770125344.6005533,EV_9,2.13,501,1.059,0
1770125344.603947,EV_9,1.17,507,1.082,0
1770125344.6076386,EV_9,2.27,352,1.444,0
1770125344.6115036,EV_9,1.78,354,0.53,0
1770125344.6155274,EV_9,1.26,564,1.137,0
1770125344.619246,EV_9,2.61,307,0.671,0
1770125344.6226335,EV_9,2.61,222,0.547,0
1770125344.6259768,EV_9,2.26,484,1.379,0
1770125344.629326,EV_9,2.98,200,0.949,0
1770125344.6331663,EV_9,1.64,564,0.911,0
1770125344.6366177,EV_9,2.84,407,1.143,0
1770125344.6400104,EV_9,2.16,597,0.336,0
1770125344.6438746,EV_9,1.11,586,0.837,0
1770125344.6475205,EV_9,2.06,382,0.995,0
1770125344.6510093,EV_9,2.76,555,1.351,0
1770125344.6544993,EV_9,2.98,220,1.139,0
1770125344.6582355,EV_9,2.22,476,0.922,0
1770125344.662206,EV_9,1.96,573,0.431,0
1770125344.6656709,EV_9,2.99,585,0.446,0
1770125344.6694083,EV_9,1.62,316,1.024,0
1770125344.672751,EV_9,2.24,451,0.684,0
1770125344.6760871,EV_9,1.21,534,1.005,0
1770125344.6797535,EV_9,2.45,303,1.069,0
1770125344.683226,EV_9,2.58,302,1.424,0
1770125344.6866517,EV_9,2.16,580,0.867,0
1770125344.690099,EV_9,2.98,472,1.468,0
1770125344.6938138,EV_9,2.93,314,1.367,0
1770125344.6971793,EV_9,2.9,369,0.679,0
1770125344.7006023,EV_9,1.74,402,0.769,0
1770125344.7040431,EV_9,2.84,586,1.061,0
1770125344.7079139,EV_9,2.24,314,1.395,0
1770125344.7111459,EV_9,1.75,406,1.067,0
1770125344.7149065,EV_9,2.94,309,0.741,0
1770125344.7186441,EV_9,1.72,433,0.431,0
1770125344.7219782,EV_9,2.51,365,0.742,0
1770125344.7253773,EV_9,2.53,259,0.9,0
1770125344.7286174,EV_9,1.34,378,1.095,0
1770125344.7321362,EV_9,1.81,471,0.42,0
1770125344.7356393,EV_9,2.62,444,1.047,0
1770125344.7391412,EV_9,2.67,491,0.43,0
1770125344.7422154,EV_9,1.89,388,0.349,0
1770125344.7455156,EV_9,1.47,234,0.993,0
1770125344.7489326,EV_9,2.7,378,1.449,0
1770125344.7521555,EV_9,1.73,404,1.49,0
1770125344.755285,EV_9,1.18,358,0.41,0
1770125344.7590635,EV_9,2.79,384,1.042,0
1770125344.7623184,EV_9,1.29,277,0.407,0
1770125344.7660372,EV_9,2.17,267,0.326,0
1770125344.769382,EV_9,1.96,535,0.609,0
1770125344.773135,EV_9,2.42,301,1.158,0
1770125344.7764823,EV_9,1.27,334,1.305,0
1770125344.7798357,EV_9,2.77,386,1.219,0
1770125344.7831898,EV_9,2.26,482,1.089,0
1770125344.786863,EV_9,2.31,422,1.283,0
1770125344.7902136,EV_9,2.93,245,0.71,0
1770125344.7935646,EV_9,2.05,211,1.112,0
1770125344.7970095,EV_9,1.3,277,0.787,0
1770125344.8003666,EV_9,1.5,379,1.297,0
1770125344.8037217,EV_9,2.59,550,1.495,0
1770125344.8070788,EV_9,1.68,261,1.491,0
1770125344.810437,EV_9,1.25,280,0.475,0
1770125344.8142598,EV_9,1.34,354,0.439,0
1770125344.817953,EV_9,2.13,495,0.347,0
1770125344.8212867,EV_9,2.73,574,1.447,0
1770125344.8246276,EV_9,2.56,383,0.365,0
1770125344.8280635,EV_9,1.92,391,0.876,0
1770125344.8314004,EV_9,1.37,426,0.855,0
1770125344.8350399,EV_9,2.02,381,0.739,0
1770125344.8386474,EV_9,1.5,352,1.292,0
1770125344.8419478,EV_9,1.48,372,0.847,0
1770125344.8452873,EV_9,2.31,597,1.261,0
1770125344.8517897,EV_9,2.21,472,0.89,0
1770125344.8555465,EV_9,1.17,560,0.383,0
1770125344.8590696,EV_9,2.76,446,1.328,0
1770125344.8625233,EV_9,2.1,285,1.079,0
1770125344.8660207,EV_9,2.25,303,0.986,0
1770125344.8696525,EV_9,1.25,432,0.996,0
1770125344.873398,EV_9,2.24,351,0.46,0
1770125344.8768566,EV_9,1.81,580,0.708,0
1770125344.8805919,EV_9,1.63,563,0.603,0
1770125344.884476,EV_9,2.07,434,1.399,0
1770125344.888388,EV_9,1.05,441,1.184,0
1770125344.8920197,EV_9,1.44,400,1.287,0
1770125344.8960133,EV_9,1.89,485,1.093,0
1770125344.899691,EV_9,1.03,568,0.591,0
1770125344.9031777,EV_9,1.81,272,0.446,0
1770125344.9066393,EV_9,1.97,411,0.483,0
1770125344.9101636,EV_9,2.55,591,0.64,0
1770125344.913608,EV_9,1.1,222,0.933,0
1770125344.917156,EV_9,2.8,288,0.361,0
1770125344.9205935,EV_9,2.83,428,0.561,0
1770125344.9240837,EV_9,1.37,373,1.372,0
1770125344.9276772,EV_9,1.93,225,0.929,0
1770125344.9311552,EV_9,1.78,451,1.485,0
1770125344.9345343,EV_9,2.8,286,0.51,0
1770125344.938209,EV_9,1.95,516,0.87,0
1770125344.941829,EV_9,1.42,275,0.709,0
1770125344.945495,EV_9,2.71,571,0.79,0
1770125344.9488747,EV_9,2.43,594,0.312,0
1770125344.9521694,EV_9,1.0,503,1.417,0
1770125344.9557457,EV_9,1.35,509,1.121,0
1770125344.959132,EV_9,1.84,529,0.696,0
1770125344.9624298,EV_9,2.5,304,0.795,0
1770125344.9659016,EV_9,1.18,316,1.006,0
1770125344.9692886,EV_9,2.96,490,0.781,0
1770125344.9726312,EV_9,2.49,439,0.831,0
1770125344.9764452,EV_9,2.96,524,0.671,0
1770125344.9799354,EV_9,2.52,320,0.336,0
1770125344.983328,EV_9,2.45,472,0.522,0
1770125344.9871378,EV_9,1.6,258,1.216,0
1770125344.991182,EV_10,1.12,303,0.776,0
1770125344.9945776,EV_10,2.16,568,1.195,0
1770125344.998295,EV_10,1.61,560,0.991,0
1770125345.001693,EV_10,2.46,472,0.463,0
1770125345.0074716,EV_10,2.09,363,0.898,0
1770125345.0117483,EV_10,2.14,432,0.711,0
1770125345.015425,EV_10,1.54,324,0.96,0
1770125345.019169,EV_10,1.47,272,0.579,0
1770125345.0226808,EV_10,2.22,528,1.412,0
1770125345.0262463,EV_10,2.15,253,1.32,0
1770125345.029499,EV_10,2.37,467,0.708,0
1770125345.0327446,EV_10,1.04,207,0.605,0
1770125345.0360427,EV_10,1.19,343,0.657,0
1770125345.0397034,EV_10,2.48,280,0.445,0
1770125345.0429466,EV_10,1.65,442,1.448,0
1770125345.046112,EV_10,2.91,361,1.322,0
1770125345.0493777,EV_10,2.1,473,1.321,0
1770125345.0528903,EV_10,2.93,283,0.497,0
1770125345.0565996,EV_10,2.27,533,1.145,0
1770125345.0601296,EV_10,2.55,584,0.757,0
1770125345.0636735,EV_10,1.56,461,0.844,0
1770125345.0671794,EV_10,1.41,429,1.131,0
1770125345.0708852,EV_10,1.41,445,0.862,0
1770125345.0746334,EV_10,2.65,559,0.59,0
1770125345.078058,EV_10,2.03,240,0.903,0
1770125345.0815387,EV_10,2.57,350,0.818,0
1770125345.085198,EV_10,1.73,580,1.182,0
1770125345.0886638,EV_10,2.38,430,0.391,0
1770125345.092084,EV_10,2.08,526,0.888,0
1770125345.0956545,EV_10,2.5,532,1.403,0
1770125345.0994203,EV_10,2.5,585,0.425,0
1770125345.102684,EV_10,2.76,572,1.397,0
1770125345.106351,EV_10,1.04,214,1.24,0
1770125345.109603,EV_10,2.14,201,1.16,0
1770125345.1132884,EV_10,1.21,541,1.427,0
1770125345.117105,EV_10,2.0,336,1.06,0
1770125345.1204526,EV_10,1.27,245,0.717,0
1770125345.1238492,EV_10,1.35,570,0.54,0
1770125345.1272821,EV_10,2.64,546,0.682,0
1770125345.1307368,EV_10,1.87,339,0.675,0
1770125345.134081,EV_10,1.12,352,0.332,0
1770125345.1374311,EV_10,1.13,416,1.138,0
1770125345.1407726,EV_10,1.79,267,0.631,0
1770125345.1441126,EV_10,1.03,407,1.274,0
1770125345.1474385,EV_10,1.74,486,0.876,0
1770125345.150761,EV_10,2.97,432,1.141,0
1770125345.154095,EV_10,1.8,347,0.987,0
1770125345.157542,EV_10,1.56,322,0.58,0
1770125345.1611032,EV_10,2.9,309,0.995,0
1770125345.1645777,EV_10,3.0,243,0.672,0
1770125345.1682465,EV_10,2.01,528,0.47,0
1770125345.1715765,EV_10,2.07,493,0.781,0
1770125345.174909,EV_10,1.17,221,1.483,0
1770125345.178598,EV_10,1.79,211,0.783,0
1770125345.181928,EV_10,2.48,508,1.279,0
1770125345.1852582,EV_10,1.24,576,0.341,0
1770125345.1887121,EV_10,1.15,529,0.828,0
1770125345.1925209,EV_10,2.48,428,0.84,0
1770125345.1958547,EV_10,1.57,240,1.257,0
1770125345.1993933,EV_10,1.11,314,1.381,0
1770125345.202766,EV_10,2.75,303,1.294,0
1770125345.2061076,EV_10,2.29,277,1.096,0
1770125345.2094462,EV_10,1.96,483,0.446,0
1770125345.2127905,EV_10,1.04,418,0.525,0
1770125345.2161407,EV_10,2.26,499,1.249,0
1770125345.219479,EV_10,1.15,500,1.043,0
1770125345.2231836,EV_10,2.27,279,1.045,0
1770125345.2266705,EV_10,2.72,299,1.237,0
1770125345.2299695,EV_10,2.64,518,1.055,0
1770125345.2333193,EV_10,2.51,441,0.494,0
1770125345.236659,EV_10,1.8,356,0.594,0
1770125345.2399595,EV_10,2.82,375,0.545,0
1770125345.2434363,EV_10,2.65,502,1.457,0
1770125345.246826,EV_10,1.91,572,1.028,0
1770125345.250336,EV_10,2.69,316,0.64,0
1770125345.2538936,EV_10,3.0,327,1.031,0
1770125345.2573485,EV_10,1.61,487,0.892,0
1770125345.2609634,EV_10,2.96,244,0.622,0
1770125345.26418,EV_10,2.89,540,1.444,0
1770125345.2673652,EV_10,2.98,238,0.513,0
1770125345.2710285,EV_10,2.01,311,0.451,0
1770125345.274393,EV_10,1.26,329,0.898,0
1770125345.2777863,EV_10,2.33,574,1.02,0
1770125345.2811697,EV_10,1.0,250,0.847,0
1770125345.284545,EV_10,1.51,532,0.707,0
1770125345.2878375,EV_10,1.65,291,1.118,0
1770125345.2911515,EV_10,1.13,425,0.986,0
1770125345.2946172,EV_10,2.12,558,0.328,0
1770125345.2979834,EV_10,2.94,453,1.156,0
1770125345.3017573,EV_10,1.01,329,0.765,0
1770125345.3054812,EV_10,2.25,443,0.619,0
1770125345.3093078,EV_10,1.36,372,0.698,0
1770125345.3126142,EV_10,1.32,333,0.352,0
1770125345.3163514,EV_10,1.57,406,0.974,0
1770125345.319791,EV_10,1.52,369,1.148,0
1770125345.3231285,EV_10,2.86,567,1.303,0
1770125345.3264837,EV_10,2.54,530,0.922,0
1770125345.3298035,EV_10,2.81,267,0.407,0
1770125345.333583,EV_10,1.46,447,0.747,0
1770125345.3373103,EV_10,2.11,273,0.802,0
1770125345.3406744,EV_10,1.51,377,1.343,0
1770125345.3444285,EV_10,1.37,407,0.641,0
1770125345.3487957,EV_10,2.63,271,0.313,0
1770125345.3520312,EV_10,2.56,506,0.42,0
1770125345.355266,EV_10,1.23,600,1.417,0
1770125345.3586128,EV_10,1.36,216,0.69,0
1770125345.3619318,EV_10,2.63,249,1.191,0
1770125345.3656843,EV_10,2.55,480,0.531,0
1770125345.3694842,EV_10,1.1,470,1.407,0
1770125345.37296,EV_10,2.56,259,0.53,0
1770125345.3763177,EV_10,1.3,292,0.965,0
1770125345.3825228,EV_10,1.44,377,1.214,0
1770125345.3861103,EV_10,2.16,341,0.88,0
1770125345.389675,EV_10,1.26,243,1.013,0
1770125345.3932061,EV_10,2.69,300,0.805,0
1770125345.396761,EV_10,2.58,505,0.631,0
1770125345.400525,EV_10,2.05,322,0.523,0
1770125345.4039001,EV_10,2.52,327,0.707,0
1770125345.4071507,EV_10,1.08,305,0.693,0
1770125345.4107604,EV_10,1.09,344,0.588,0
1770125345.4141212,EV_10,1.66,251,0.52,0
1770125345.417422,EV_10,1.42,531,0.76,0
1770125345.4212098,EV_10,2.26,505,1.267,0
1770125345.4246228,EV_10,1.05,233,0.63,0
1770125345.4280095,EV_10,1.9,494,0.489,0
1770125345.4313886,EV_10,1.68,239,1.218,0
1770125345.4347198,EV_10,2.49,492,1.263,0
1770125345.4380531,EV_10,2.89,283,0.775,0
1770125345.4416392,EV_10,1.34,322,0.809,0
1770125345.4450612,EV_10,2.32,331,0.98,0
1770125345.4488208,EV_10,2.11,565,0.67,0
1770125345.4526186,EV_10,2.53,565,0.578,0
1770125345.4563708,EV_10,1.09,281,0.937,0
1770125345.460238,EV_10,1.46,506,0.616,0
1770125345.4635751,EV_10,1.2,436,0.941,0
1770125345.4669092,EV_10,1.08,531,0.409,0
1770125345.4705067,EV_10,1.97,462,0.991,0
1770125345.4746597,EV_10,2.87,284,1.422,0
1770125345.4780817,EV_10,2.86,311,0.442,0
1770125345.481701,EV_10,1.66,203,0.611,0
1770125345.485092,EV_10,2.57,249,1.03,0
1770125345.4885635,EV_10,1.44,403,1.297,0
1770125345.4922442,EV_10,2.58,241,1.152,0
1770125345.4956405,EV_10,2.07,329,1.072,0
1770125345.499043,EV_10,1.88,495,1.218,0
1770125345.502399,EV_10,1.02,453,1.402,0
1770125345.5064225,EV_10,2.55,445,0.682,0
1770125345.5100586,EV_10,2.57,200,0.779,0
1770125345.5137591,EV_10,1.21,244,0.475,0
1770125345.5171568,EV_10,1.82,567,0.355,0
1770125345.5206108,EV_10,2.84,349,1.305,0
1770125345.5241685,EV_10,1.52,540,1.415,0
1770125345.5278163,EV_10,2.23,573,0.636,0
1770125345.5315802,EV_10,2.39,226,1.135,0
1770125345.5349448,EV_10,1.05,494,1.153,0
1770125345.5387073,EV_10,1.08,292,1.243,0
1770125345.5420923,EV_10,2.53,213,0.365,0
1770125345.5455027,EV_10,2.64,537,0.927,0
1770125345.5490012,EV_10,1.11,526,0.772,0
1770125345.5525882,EV_10,2.97,370,1.115,0
1770125345.556036,EV_10,1.38,589,0.461,0
1770125345.559399,EV_10,2.02,583,0.776,0
1770125345.5627692,EV_10,1.98,529,0.42,0
1770125345.5665104,EV_10,1.1,437,0.863,0
1770125345.570086,EV_10,1.92,285,1.16,0
1770125345.5734212,EV_10,1.7,255,1.171,0
1770125345.5772364,EV_10,1.78,535,0.907,0
1770125345.580562,EV_10,2.83,360,0.882,0
1770125345.58413,EV_10,1.56,440,1.334,0
1770125345.587473,EV_10,1.47,542,0.698,0
1770125345.590835,EV_10,2.04,593,1.028,0
1770125345.594205,EV_10,1.96,393,1.473,0
1770125345.5975766,EV_10,1.1,475,1.476,0
1770125345.601017,EV_10,1.27,290,0.33,0
1770125345.6043878,EV_10,1.46,369,1.238,0
1770125345.607852,EV_10,2.23,369,1.479,0
1770125345.6112185,EV_10,2.65,427,0.938,0
1770125345.615158,EV_10,1.59,476,1.171,0
1770125345.61857,EV_10,1.98,250,0.921,0
1770125345.6219387,EV_10,2.02,348,1.119,0
1770125345.6253078,EV_10,1.13,311,1.271,0
1770125345.6290352,EV_10,2.64,341,1.232,0
1770125345.6323926,EV_10,2.13,404,0.792,0
1770125345.6357622,EV_10,2.36,560,1.336,0
1770125345.6392243,EV_10,2.46,220,1.048,0
1770125345.6425822,EV_10,2.39,220,1.26,0
1770125345.6462455,EV_10,1.28,392,0.668,0
1770125345.6496327,EV_10,1.17,452,0.959,0
1770125345.652999,EV_10,1.71,404,1.313,0
1770125345.6563625,EV_10,2.42,249,1.393,0
1770125345.6597326,EV_10,2.27,551,0.668,0
1770125345.6631434,EV_10,1.82,370,0.628,0
1770125345.666565,EV_10,2.17,311,1.443,0
1770125345.6700113,EV_10,1.8,220,0.639,0
1770125345.6734793,EV_10,1.48,314,0.616,0
1770125345.6770616,EV_10,2.26,294,0.714,0
1770125345.6805348,EV_10,1.7,414,0.927,0
1770125345.683968,EV_10,1.86,480,0.518,0
1770125345.6873167,EV_10,1.76,342,0.614,0
1770125345.6910582,EV_10,2.64,451,0.514,0
1770125345.6954627,EV_11,2.91,230,0.488,0
1770125345.6989343,EV_11,2.05,415,0.732,0
1770125345.7022822,EV_11,2.37,574,0.317,0
1770125345.7056246,EV_11,2.68,278,1.347,0
1770125345.7097614,EV_11,1.78,509,0.476,0
1770125345.7148056,EV_11,2.68,458,0.826,0
1770125345.7193246,EV_11,2.81,309,0.718,0
1770125345.723882,EV_11,2.96,310,0.809,0
1770125345.7274766,EV_11,2.93,547,0.56,0
1770125345.7309725,EV_11,2.32,235,1.319,0
1770125345.7346914,EV_11,2.62,310,0.45,0
1770125345.7382672,EV_11,2.12,381,0.895,0
1770125345.7416036,EV_11,2.48,398,1.165,0
1770125345.745327,EV_11,1.16,552,0.505,0
1770125345.7491236,EV_11,2.58,485,1.127,0
1770125345.7526236,EV_11,2.91,356,0.816,0
1770125345.7563045,EV_11,2.11,383,0.777,0
1770125345.7597291,EV_11,2.52,317,0.382,0
1770125345.76309,EV_11,1.15,570,1.126,0
1770125345.7668746,EV_11,2.73,217,0.972,0
1770125345.7706225,EV_11,1.03,201,1.449,0
1770125345.7743413,EV_11,2.08,227,0.671,0
1770125345.7778788,EV_11,2.11,301,1.482,0
1770125345.781402,EV_11,2.8,411,1.281,0
1770125345.7850773,EV_11,2.31,376,1.422,0
1770125345.788589,EV_11,2.51,437,0.662,0
1770125345.7921739,EV_11,2.48,443,0.562,0
1770125345.795947,EV_11,1.45,367,0.786,0
1770125345.7996924,EV_11,1.52,427,0.419,0
1770125345.8034537,EV_11,1.73,452,1.102,0
1770125345.8072214,EV_11,2.59,572,0.64,0
1770125345.8109765,EV_11,2.21,276,1.453,0
1770125345.8143156,EV_11,2.07,258,0.69,0
1770125345.8180735,EV_11,2.05,284,0.482,0
1770125345.82159,EV_11,2.73,232,1.229,0
1770125345.825128,EV_11,1.7,459,0.867,0
1770125345.82837,EV_11,2.11,280,0.551,0
1770125345.8325458,EV_11,2.18,332,0.326,0
1770125345.8357887,EV_11,2.27,292,0.464,0
1770125345.839101,EV_11,1.66,413,1.123,0
1770125345.842842,EV_11,1.25,403,1.363,0
1770125345.8461814,EV_11,1.19,466,0.508,0
1770125345.849522,EV_11,1.3,492,1.465,0
1770125345.8529863,EV_11,1.05,443,1.021,0
1770125345.8563416,EV_11,1.09,217,1.461,0
1770125345.8597517,EV_11,1.64,504,1.396,0
1770125345.8635373,EV_11,2.82,248,0.769,0
1770125345.8671055,EV_11,2.93,353,0.602,0
1770125345.8708997,EV_11,1.36,358,0.919,0
1770125345.8746321,EV_11,1.19,425,0.456,0
1770125345.8781178,EV_11,1.59,527,1.47,0
1770125345.881766,EV_11,1.4,268,1.48,0
1770125345.885526,EV_11,2.97,376,1.328,0
1770125345.8888612,EV_11,1.48,243,0.379,0
1770125345.8926172,EV_11,2.28,441,0.845,0
1770125345.8962443,EV_11,2.91,270,1.163,0
1770125345.8995728,EV_11,1.99,570,0.712,0
1770125345.9032097,EV_11,1.24,255,1.166,0
1770125345.9066257,EV_11,2.13,485,1.447,0
1770125345.913666,EV_11,2.3,495,0.959,0
1770125345.9168034,EV_11,1.23,414,0.975,0
1770125345.9204798,EV_11,1.9,423,0.346,0
1770125345.9241877,EV_11,2.97,587,0.554,0
1770125345.927588,EV_11,2.87,587,0.929,0
1770125345.9314687,EV_11,1.18,354,0.391,0
1770125345.9347835,EV_11,2.54,397,0.806,0
1770125345.9381173,EV_11,1.48,548,0.881,0
1770125345.941628,EV_11,2.59,499,1.205,0
1770125345.9449701,EV_11,1.21,489,0.603,0
1770125345.9483883,EV_11,1.01,433,1.113,0
1770125345.951686,EV_11,2.51,597,0.317,0
1770125345.9550478,EV_11,2.42,409,1.414,0
1770125345.95885,EV_11,1.72,454,1.329,0
1770125345.9621773,EV_11,1.09,332,0.39,0
1770125345.9657829,EV_11,2.96,209,1.136,0
1770125345.969119,EV_11,2.96,325,0.511,0
1770125345.9727178,EV_11,1.43,449,0.637,0
1770125345.9766443,EV_11,1.73,431,1.148,0
1770125345.9804156,EV_11,1.58,590,0.539,0
1770125345.9844096,EV_11,1.89,581,0.989,0
1770125345.988257,EV_11,1.93,397,1.403,0
1770125345.9919224,EV_11,1.83,356,1.268,0
1770125345.995617,EV_11,1.12,367,0.354,0
1770125345.999135,EV_11,1.79,207,0.528,0
1770125346.0028958,EV_11,1.71,220,1.403,0
1770125346.0064466,EV_11,2.53,351,0.831,0
1770125346.010009,EV_11,2.65,560,1.378,0
1770125346.0135195,EV_11,2.5,273,1.348,0
1770125346.017607,EV_11,2.4,254,1.317,0
1770125346.021335,EV_11,2.59,442,0.444,0
1770125346.0249798,EV_11,2.95,579,0.586,0
1770125346.02851,EV_11,1.67,317,0.995,0
1770125346.0322733,EV_11,2.08,518,1.048,0
1770125346.0360892,EV_11,1.62,368,1.348,0
1770125346.0398023,EV_11,1.78,278,1.125,0
1770125346.0431473,EV_11,2.95,291,0.81,0
1770125346.046563,EV_11,2.36,269,1.417,0
1770125346.0506818,EV_11,2.55,226,0.613,0
1770125346.0543032,EV_11,2.43,226,0.945,0
1770125346.0581498,EV_11,1.21,448,1.282,0
1770125346.0615203,EV_11,1.18,219,1.279,0
1770125346.064892,EV_11,1.92,208,1.295,0
1770125346.0688143,EV_11,2.59,540,1.243,0
1770125346.0721648,EV_11,1.1,346,0.657,0
1770125346.0758915,EV_11,1.67,234,1.466,0
1770125346.0794177,EV_11,2.15,275,0.587,0
1770125346.0827842,EV_11,1.09,210,0.513,0
1770125346.086152,EV_11,2.24,301,1.361,0
1770125346.0895305,EV_11,1.13,309,0.543,0
1770125346.092943,EV_11,1.42,411,1.449,0
1770125346.0963113,EV_11,1.47,491,0.82,0
1770125346.1002166,EV_11,1.75,304,1.073,0
1770125346.103628,EV_11,1.68,598,0.995,0
1770125346.1070483,EV_11,1.82,553,1.066,0
1770125346.110455,EV_11,2.31,489,1.162,0
1770125346.1138673,EV_11,1.42,399,0.544,0
1770125346.1173613,EV_11,2.79,290,1.4,0
1770125346.12102,EV_11,1.95,348,1.259,0
1770125346.1245008,EV_11,2.55,306,0.625,0
1770125346.1283295,EV_11,1.46,538,0.51,0
1770125346.1317568,EV_11,1.71,317,0.58,0
1770125346.1351254,EV_11,2.27,315,0.711,0
1770125346.1385095,EV_11,2.93,557,1.17,0
1770125346.1418526,EV_11,2.92,523,0.633,0
1770125346.1453156,EV_11,2.0,239,1.087,0
1770125346.1487625,EV_11,1.07,514,0.893,0
1770125346.1521153,EV_11,1.31,321,1.121,0
1770125346.155465,EV_11,1.67,205,0.556,0
1770125346.1592374,EV_11,1.09,499,0.615,0
1770125346.1626215,EV_11,2.98,495,1.42,0
1770125346.165977,EV_11,2.82,335,0.903,0
1770125346.1693275,EV_11,1.97,500,0.513,0
1770125346.1730962,EV_11,2.29,432,1.197,0
1770125346.1768315,EV_11,1.41,260,1.383,0
1770125346.1802263,EV_11,2.75,432,0.594,0
1770125346.183963,EV_11,1.33,288,0.51,0
1770125346.1873198,EV_11,2.13,251,0.648,0
1770125346.1910515,EV_11,2.48,322,1.186,0
1770125346.1947863,EV_11,2.79,393,0.361,0
1770125346.1981483,EV_11,1.49,498,0.913,0
1770125346.2015114,EV_11,2.79,565,1.422,0
1770125346.2053664,EV_11,1.31,277,1.448,0
1770125346.208827,EV_11,2.56,395,1.419,0
1770125346.2121663,EV_11,1.31,506,1.068,0
1770125346.215517,EV_11,1.83,268,0.457,0
1770125346.2188659,EV_11,1.36,233,0.577,0
1770125346.2222013,EV_11,1.62,288,0.44,0
1770125346.2260525,EV_11,2.75,388,0.359,0
1770125346.2294261,EV_11,1.8,554,0.563,0
1770125346.2327852,EV_11,1.08,253,0.385,0
1770125346.236475,EV_11,1.54,297,0.505,0
1770125346.239925,EV_11,2.04,311,0.568,0
1770125346.2432733,EV_11,2.88,517,0.688,0
1770125346.2466156,EV_11,1.85,447,1.239,0
1770125346.2499557,EV_11,2.14,282,1.222,0
1770125346.253511,EV_11,1.49,291,1.064,0
1770125346.2571378,EV_11,1.56,331,0.713,0
1770125346.260444,EV_11,1.96,371,1.112,0
1770125346.2637882,EV_11,1.68,475,0.479,0
1770125346.2672346,EV_11,1.63,575,0.579,0
1770125346.2705822,EV_11,1.29,590,0.574,0
1770125346.2739553,EV_11,1.97,544,0.376,0
1770125346.2776825,EV_11,1.01,518,1.226,0
1770125346.2810502,EV_11,1.02,523,0.492,0
1770125346.284664,EV_11,2.4,582,0.708,0
1770125346.288587,EV_11,1.23,332,0.855,0
1770125346.2923372,EV_11,1.97,517,0.918,0
1770125346.2961903,EV_11,2.46,597,0.859,0
1770125346.3000557,EV_11,2.31,307,1.461,0
1770125346.303584,EV_11,2.86,482,0.761,0
1770125346.3073547,EV_11,2.06,566,0.516,0
1770125346.3106997,EV_11,2.79,280,1.096,0
1770125346.3143167,EV_11,2.24,292,0.676,0
1770125346.318041,EV_11,2.8,335,0.338,0
1770125346.3213785,EV_11,2.09,229,1.287,0
1770125346.3249645,EV_11,1.01,580,0.99,0
1770125346.3287082,EV_11,1.94,520,1.118,0
1770125346.3323753,EV_11,2.09,441,1.374,0
1770125346.3361697,EV_11,2.71,400,1.196,0
1770125346.3399296,EV_11,1.56,229,1.477,0
1770125346.3432994,EV_11,1.62,302,1.466,0
1770125346.3472023,EV_11,2.02,246,1.046,0
1770125346.3507757,EV_11,1.17,446,0.944,0
1770125346.3541145,EV_11,1.34,559,1.057,0
1770125346.3577664,EV_11,2.12,377,1.413,0
1770125346.3611531,EV_11,1.97,235,1.029,0
1770125346.3645,EV_11,2.81,400,0.586,0
1770125346.3678894,EV_11,2.55,357,1.153,0
1770125346.3713048,EV_11,2.23,431,0.345,0
1770125346.3746858,EV_11,2.02,321,0.984,0
1770125346.3790367,EV_11,2.51,236,0.887,0
1770125346.3822892,EV_11,2.78,540,1.442,0
1770125346.3856032,EV_11,1.06,337,1.457,0
1770125346.3890798,EV_11,2.57,341,0.54,0
1770125346.3926935,EV_11,2.08,259,0.853,0
1770125346.3963745,EV_11,2.04,562,0.543,0
1770125346.3997278,EV_11,2.32,402,0.602,0
1770125346.4034255,EV_11,1.77,338,1.474,0
1770125346.406777,EV_11,1.32,237,0.599,0
1770125346.4100778,EV_11,1.62,559,1.123,0
1770125346.414037,EV_12,1.03,568,0.492,0
1770125346.4175315,EV_12,1.21,309,0.805,0
1770125346.4209044,EV_12,1.2,579,0.458,0
1770125346.4242826,EV_12,1.75,342,0.757,0
1770125346.428717,EV_12,1.14,427,0.469,0
1770125346.4322085,EV_12,1.16,292,0.348,0
1770125346.4355564,EV_12,2.39,537,0.526,0
1770125346.4392836,EV_12,2.22,555,0.762,0
1770125346.4431522,EV_12,2.32,242,1.5,0
1770125346.4470303,EV_12,1.87,403,0.845,0
1770125346.4503117,EV_12,2.6,458,0.301,0
1770125346.4535668,EV_12,1.62,341,0.455,0
1770125346.4573839,EV_12,1.32,593,0.96,0
1770125346.4610808,EV_12,2.49,396,0.39,0
1770125346.4646847,EV_12,1.4,208,1.348,0
1770125346.4681075,EV_12,1.85,292,0.722,0
1770125346.4718988,EV_12,2.44,411,0.809,0
1770125346.4753907,EV_12,1.48,458,1.441,0
1770125346.4789927,EV_12,1.55,415,0.676,0
1770125346.482546,EV_12,1.74,478,0.763,0
1770125346.4862218,EV_12,1.48,330,0.861,0
1770125346.48974,EV_12,1.07,254,1.438,0
1770125346.4934123,EV_12,1.93,577,0.453,0
1770125346.4965918,EV_12,2.73,553,0.32,0
1770125346.5003276,EV_12,2.8,224,1.216,0
1770125346.5043893,EV_12,3.0,383,1.0,0
1770125346.507587,EV_12,1.41,212,0.463,0
1770125346.5111017,EV_12,1.35,268,0.962,0
1770125346.5146391,EV_12,2.78,460,0.628,0
1770125346.518042,EV_12,2.44,342,1.48,0
1770125346.5215733,EV_12,1.81,390,0.469,0
1770125346.5250711,EV_12,1.8,519,1.235,0
1770125346.5286784,EV_12,2.34,283,0.571,0
1770125346.5323188,EV_12,1.96,276,1.05,0
1770125346.5360544,EV_12,1.53,293,1.479,0
1770125346.5394847,EV_12,1.71,577,0.445,0
1770125346.542973,EV_12,1.85,571,0.695,0
1770125346.5463433,EV_12,2.51,581,0.85,0
1770125346.5498874,EV_12,1.43,512,0.601,0
1770125346.5531368,EV_12,1.72,324,1.26,0
1770125346.556744,EV_12,1.84,248,1.105,0
1770125346.5604758,EV_12,2.9,567,1.419,0
1770125346.5638442,EV_12,2.94,479,1.462,0
1770125346.567282,EV_12,1.68,243,1.314,0
1770125346.5710611,EV_12,1.36,287,0.992,0
1770125346.5748215,EV_12,2.4,442,1.268,0
1770125346.5785203,EV_12,2.54,592,1.263,0
1770125346.5823066,EV_12,1.04,356,1.368,0
1770125346.585828,EV_12,1.47,515,0.47,0
1770125346.5891821,EV_12,2.41,552,1.368,0
1770125346.5928931,EV_12,2.54,400,1.456,0
1770125346.596584,EV_12,1.36,302,0.635,0
1770125346.6005795,EV_12,1.41,205,0.798,0
1770125346.6040807,EV_12,1.22,542,0.301,0
1770125346.60742,EV_12,2.45,532,0.666,0
1770125346.611167,EV_12,2.51,256,0.641,0
1770125346.6149092,EV_12,2.54,210,0.436,0
1770125346.618244,EV_12,1.21,396,1.46,0
1770125346.621811,EV_12,2.5,430,0.941,0
1770125346.6255915,EV_12,2.74,204,0.541,0
1770125346.629198,EV_12,1.29,554,1.478,0
1770125346.632717,EV_12,1.79,424,0.689,0
1770125346.6365001,EV_12,1.28,382,1.078,0
1770125346.6398773,EV_12,2.08,219,1.409,0
1770125346.6436324,EV_12,2.38,357,0.348,0
1770125346.6470346,EV_12,2.97,384,0.58,0
1770125346.6503806,EV_12,2.47,234,1.354,0
1770125346.6537285,EV_12,2.99,507,0.514,0
1770125346.6571999,EV_12,2.16,312,0.483,0
1770125346.6608624,EV_12,2.57,254,0.854,0
1770125346.6643121,EV_12,2.61,260,1.046,0
1770125346.6676846,EV_12,2.71,513,0.51,0
1770125346.671055,EV_12,2.76,207,1.052,0
1770125346.674654,EV_12,2.55,219,1.07,0
1770125346.6780465,EV_12,1.7,259,0.923,0
1770125346.681568,EV_12,2.29,537,1.284,0
1770125346.6849465,EV_12,1.64,331,0.783,0
1770125346.6884222,EV_12,2.85,531,1.494,0
1770125346.6920989,EV_12,1.03,338,1.453,0
1770125346.6954608,EV_12,1.24,422,0.672,0
1770125346.6988273,EV_12,2.68,594,0.714,0
1770125346.7021923,EV_12,1.77,263,1.039,0
1770125346.7060905,EV_12,2.67,440,1.05,0
1770125346.7094119,EV_12,2.58,269,0.592,0
1770125346.7126675,EV_12,2.15,434,0.723,0
1770125346.7161207,EV_12,2.43,548,1.149,0
1770125346.719493,EV_12,1.52,200,0.786,0
1770125346.7231972,EV_12,2.92,240,0.824,0
1770125346.7265408,EV_12,1.64,206,0.548,0
1770125346.7299,EV_12,1.32,258,1.356,0
1770125346.7332666,EV_12,2.66,454,0.862,0
1770125346.737053,EV_12,2.34,273,1.073,0
1770125346.740439,EV_12,1.07,454,1.181,0
1770125346.743864,EV_12,1.09,213,0.663,0
1770125346.747331,EV_12,1.36,501,0.342,0
1770125346.7510126,EV_12,2.09,554,0.792,0
1770125346.7547133,EV_12,2.71,348,0.367,0
1770125346.758123,EV_12,1.44,326,1.179,0
1770125346.761872,EV_12,2.66,301,1.319,0
1770125346.765223,EV_12,1.94,347,1.398,0
1770125346.772665,EV_12,2.5,354,0.875,0
1770125346.7761524,EV_12,2.04,584,0.382,0
1770125346.7798116,EV_12,2.76,315,1.402,0
1770125346.7837386,EV_12,1.51,430,0.936,0
1770125346.7871451,EV_12,1.24,477,0.69,0
1770125346.7908149,EV_12,1.33,541,0.741,0
1770125346.794562,EV_12,1.95,485,0.975,0
1770125346.7977846,EV_12,1.56,492,0.612,0
1770125346.8010385,EV_12,2.89,436,0.606,0
1770125346.8043375,EV_12,1.76,241,0.717,0
1770125346.8078458,EV_12,1.3,526,0.493,0
1770125346.8112195,EV_12,1.35,452,1.403,0
1770125346.8148808,EV_12,1.05,377,0.315,0
1770125346.818264,EV_12,2.25,436,0.824,0
1770125346.8216586,EV_12,1.2,509,1.12,0
1770125346.8254008,EV_12,2.04,489,0.913,0
1770125346.8291457,EV_12,2.73,554,1.257,0
1770125346.8330061,EV_12,2.51,223,0.612,0
1770125346.8366923,EV_12,1.84,243,0.777,0
1770125346.8401315,EV_12,2.52,201,1.079,0
1770125346.843483,EV_12,1.03,593,1.206,0
1770125346.847316,EV_12,1.33,596,0.688,0
1770125346.8507648,EV_12,2.57,404,1.342,0
1770125346.8541024,EV_12,1.92,446,0.511,0
1770125346.8574045,EV_12,2.72,599,1.327,0
1770125346.861071,EV_12,1.11,461,1.373,0
1770125346.8644586,EV_12,1.84,309,0.958,0
1770125346.8681903,EV_12,1.02,249,1.415,0
1770125346.8715262,EV_12,1.77,358,0.76,0
1770125346.8749053,EV_12,1.75,330,0.363,0
1770125346.8787403,EV_12,2.96,387,1.492,0
1770125346.8824937,EV_12,2.63,309,1.396,0
1770125346.8861816,EV_12,1.2,214,0.405,0
1770125346.88995,EV_12,2.54,571,0.716,0
1770125346.8935761,EV_12,1.69,212,0.337,0
1770125346.8973324,EV_12,2.51,579,0.556,0
1770125346.9007037,EV_12,1.98,402,0.755,0
1770125346.9040394,EV_12,1.66,448,0.766,0
1770125346.9076178,EV_12,2.14,223,0.457,0
1770125346.9114318,EV_12,2.11,518,0.692,0
1770125346.914767,EV_12,2.71,498,0.511,0
1770125346.9184992,EV_12,2.4,336,0.901,0
1770125346.9220011,EV_12,1.98,342,1.26,0
1770125346.925487,EV_12,2.46,272,1.434,0
1770125346.9288754,EV_12,2.77,456,0.488,0
1770125346.9326425,EV_12,1.95,392,1.485,0
1770125346.9363751,EV_12,2.18,407,1.149,0
1770125346.9401295,EV_12,2.26,470,0.734,0
1770125346.9438953,EV_12,1.43,450,1.374,0
1770125346.9472291,EV_12,2.52,532,0.405,0
1770125346.950661,EV_12,1.69,250,0.804,0
1770125346.9542713,EV_12,2.95,469,0.405,0
1770125346.9577057,EV_12,1.38,567,0.425,0
1770125346.9611182,EV_12,1.35,334,0.492,0
1770125346.9649324,EV_12,1.95,501,1.357,0
1770125346.9686844,EV_12,2.64,319,0.335,0
1770125346.973154,EV_12,1.46,215,0.528,0
1770125346.9767363,EV_12,2.17,543,1.05,0
1770125346.9803615,EV_12,1.3,381,1.115,0
1770125346.9841068,EV_12,2.36,318,0.715,0
1770125346.9877398,EV_12,1.84,566,1.264,0
1770125346.9912481,EV_12,1.14,215,0.721,0
1770125346.995162,EV_12,2.33,457,0.666,0
1770125346.9986331,EV_12,1.13,353,0.503,0
1770125347.002219,EV_12,1.09,304,0.745,0
1770125347.0057216,EV_12,2.79,264,0.851,0
1770125347.0091567,EV_12,2.14,471,1.281,0
1770125347.0126653,EV_12,1.56,282,0.931,0
1770125347.016691,EV_12,1.07,468,0.495,0
1770125347.0204668,EV_12,1.14,507,1.264,0
1770125347.0238142,EV_12,1.25,293,0.587,0
1770125347.027547,EV_12,1.5,350,1.467,0
1770125347.0308957,EV_12,2.61,421,0.88,0
1770125347.0347269,EV_12,2.05,313,0.954,0
1770125347.0385573,EV_12,1.53,317,0.674,0
1770125347.0425124,EV_12,1.33,361,1.28,0
1770125347.046237,EV_12,1.31,597,0.499,0
1770125347.050033,EV_12,1.13,269,1.085,0
1770125347.0538192,EV_12,2.89,579,0.788,0
1770125347.0575511,EV_12,2.32,519,0.92,0
1770125347.0610416,EV_12,1.47,288,0.373,0
1770125347.0649178,EV_12,2.65,451,1.056,0
1770125347.068503,EV_12,2.08,557,1.377,0
1770125347.0722578,EV_12,2.94,312,0.976,0
1770125347.0755749,EV_12,1.38,259,0.682,0
1770125347.0796068,EV_12,1.06,589,0.398,0
1770125347.0830317,EV_12,2.02,269,1.146,0
1770125347.086499,EV_12,2.21,569,0.354,0
1770125347.0903032,EV_12,1.84,370,1.329,0
1770125347.0941026,EV_12,2.39,409,0.707,0
1770125347.0979228,EV_12,1.35,255,1.45,0
1770125347.1015878,EV_12,1.39,292,1.461,0
1770125347.1053138,EV_12,1.54,411,1.131,0
1770125347.1092265,EV_12,2.65,567,0.304,0
1770125347.1128793,EV_12,1.73,537,1.141,0
1770125347.1161916,EV_12,1.35,563,1.294,0
1770125347.1197875,EV_12,2.74,579,1.019,0
1770125347.1235468,EV_12,2.38,335,1.004,0
1770125347.1272604,EV_12,1.78,428,0.387,0
1770125347.1306448,EV_12,2.35,512,1.102,0
1770125347.1344385,EV_13,2.77,293,0.985,0
1770125347.1378305,EV_13,2.69,209,0.683,0
1770125347.141666,EV_13,2.38,423,0.918,0
1770125347.1453824,EV_13,2.79,413,0.996,0
1770125347.1486933,EV_13,1.42,529,1.01,0
1770125347.152738,EV_13,1.42,328,0.988,0
1770125347.1559465,EV_13,1.33,321,0.778,0
1770125347.159377,EV_13,1.3,401,0.815,0
1770125347.162586,EV_13,2.3,410,1.022,0
1770125347.1658442,EV_13,1.73,337,0.608,0
1770125347.1691287,EV_13,2.69,374,1.204,0
1770125347.1730113,EV_13,2.36,551,0.928,0
1770125347.1765134,EV_13,2.59,242,1.152,0
1770125347.1800451,EV_13,2.54,320,0.68,0
1770125347.1835334,EV_13,1.58,432,0.78,0
1770125347.18696,EV_13,2.25,248,0.624,0
1770125347.1904023,EV_13,1.57,204,1.492,0
1770125347.1941226,EV_13,1.66,330,1.457,0
1770125347.197875,EV_13,1.82,394,0.967,0
1770125347.2013743,EV_13,2.05,386,1.354,0
1770125347.2048643,EV_13,1.68,400,0.438,0
1770125347.2083635,EV_13,2.23,398,0.933,0
1770125347.2118435,EV_13,1.34,270,0.924,0
1770125347.2152135,EV_13,1.67,514,1.442,0
1770125347.218779,EV_13,2.92,267,0.404,0
1770125347.2225738,EV_13,2.99,594,0.649,0
1770125347.226261,EV_13,1.27,453,1.262,0
1770125347.2298532,EV_13,2.88,572,1.459,0
1770125347.233446,EV_13,2.62,523,0.604,0
1770125347.23688,EV_13,2.07,549,0.44,0
1770125347.240402,EV_13,1.9,489,1.238,0
1770125347.2439494,EV_13,1.06,265,1.117,0
1770125347.247427,EV_13,1.56,273,1.304,0
1770125347.2514277,EV_13,2.37,204,1.348,0
1770125347.2548816,EV_13,1.92,366,1.27,0
1770125347.2583616,EV_13,2.13,458,1.015,0
1770125347.2615864,EV_13,2.23,502,0.78,0
1770125347.264819,EV_13,2.68,403,0.802,0
1770125347.2685215,EV_13,2.51,319,0.599,0
1770125347.271811,EV_13,1.5,298,0.856,0
1770125347.2751157,EV_13,1.72,304,0.652,0
1770125347.278848,EV_13,1.36,396,1.329,0
1770125347.282701,EV_13,2.11,397,0.802,0
1770125347.2859774,EV_13,1.91,241,0.713,0
1770125347.2893424,EV_13,2.8,253,0.8,0
1770125347.2926524,EV_13,2.13,479,1.488,0
1770125347.2959626,EV_13,2.97,499,1.496,0
1770125347.2995813,EV_13,1.95,508,0.955,0
1770125347.302922,EV_13,2.0,253,1.171,0
1770125347.3062656,EV_13,2.84,534,0.422,0
1770125347.3100107,EV_13,1.74,395,0.962,0
1770125347.313806,EV_13,2.05,225,0.571,0
1770125347.3172488,EV_13,2.21,583,0.961,0
1770125347.3209064,EV_13,1.33,557,0.67,0
1770125347.324267,EV_13,2.88,493,0.35,0
1770125347.3280396,EV_13,1.57,352,1.361,0
1770125347.3317945,EV_13,2.9,260,1.144,0
1770125347.3351498,EV_13,1.7,467,0.659,0
1770125347.3387082,EV_13,2.99,392,1.442,0
1770125347.34207,EV_13,1.58,425,1.163,0
1770125347.3457742,EV_13,1.2,586,0.889,0
1770125347.3495386,EV_13,2.82,519,0.844,0
1770125347.35291,EV_13,2.2,253,1.486,0
1770125347.3562698,EV_13,1.64,510,0.8,0
1770125347.3596277,EV_13,2.35,525,1.307,0
1770125347.3633015,EV_13,2.52,304,1.037,0
1770125347.3666635,EV_13,1.06,228,0.927,0
1770125347.3700173,EV_13,2.05,213,0.35,0
1770125347.3733897,EV_13,2.19,441,0.86,0
1770125347.3772857,EV_13,1.86,486,0.988,0
1770125347.3807054,EV_13,2.13,241,0.968,0
1770125347.3841395,EV_13,1.53,450,0.851,0
1770125347.3875616,EV_13,1.24,260,0.382,0
1770125347.391392,EV_13,1.21,353,0.535,0
1770125347.3948154,EV_13,1.92,470,1.255,0
1770125347.3985627,EV_13,1.51,220,0.549,0
1770125347.4023547,EV_13,1.01,251,0.478,0
1770125347.4061046,EV_13,1.68,288,0.766,0
1770125347.4096372,EV_13,1.65,497,0.453,0
1770125347.4133065,EV_13,2.82,389,0.652,0
1770125347.4166417,EV_13,1.18,497,1.182,0
1770125347.4199731,EV_13,2.05,235,0.774,0
1770125347.4236908,EV_13,2.97,473,1.219,0
1770125347.4270422,EV_13,2.18,590,0.964,0
1770125347.4305918,EV_13,2.55,488,0.481,0
1770125347.4339454,EV_13,1.73,332,1.009,0
1770125347.4373891,EV_13,2.18,569,1.183,0
1770125347.4411857,EV_13,2.57,220,1.496,0
1770125347.4446504,EV_13,2.82,478,0.34,0
1770125347.4480197,EV_13,1.75,598,0.797,0
1770125347.4513886,EV_13,1.9,421,0.939,0
1770125347.4552803,EV_13,2.94,249,0.725,0
1770125347.4586403,EV_13,2.17,463,0.487,0
1770125347.4620104,EV_13,2.13,330,1.472,0
1770125347.4653754,EV_13,1.17,291,0.552,0
1770125347.468844,EV_13,1.46,384,1.485,0
1770125347.47221,EV_13,2.58,213,1.374,0
1770125347.4755726,EV_13,1.14,422,0.358,0
1770125347.4789457,EV_13,2.59,443,0.355,0
1770125347.4823885,EV_13,1.13,256,1.139,0
1770125347.4862015,EV_13,2.23,254,0.498,0
1770125347.4897008,EV_13,1.68,484,1.007,0
1770125347.4931371,EV_13,2.88,259,0.433,0
1770125347.4965334,EV_13,2.04,346,0.486,0
1770125347.5010498,EV_13,1.36,313,1.303,0
1770125347.5045083,EV_13,1.6,414,0.617,0
1770125347.5080247,EV_13,2.21,570,1.067,0
1770125347.511591,EV_13,1.42,328,0.507,0
1770125347.5152495,EV_13,1.35,440,0.637,0
1770125347.5186806,EV_13,2.13,411,0.421,0
1770125347.5219758,EV_13,2.56,270,1.239,0
1770125347.525278,EV_13,2.68,515,0.875,0
1770125347.529168,EV_13,2.18,547,0.611,0
1770125347.5328684,EV_13,2.83,359,0.793,0
1770125347.5364025,EV_13,1.08,257,1.136,0
1770125347.5403812,EV_13,2.65,280,0.527,0
1770125347.5439773,EV_13,1.89,437,0.615,0
1770125347.5484967,EV_13,1.1,212,0.368,0
1770125347.5519629,EV_13,2.17,212,1.102,0
1770125347.5554094,EV_13,1.3,551,1.413,0
1770125347.5589392,EV_13,1.7,554,1.03,0
1770125347.562706,EV_13,1.89,307,1.356,0
1770125347.5661862,EV_13,2.88,251,1.047,0
1770125347.5696614,EV_13,2.73,473,1.187,0
1770125347.5736392,EV_13,1.93,432,1.321,0
1770125347.577378,EV_13,2.73,241,0.762,0
1770125347.5809739,EV_13,2.21,336,0.46,0
1770125347.5847282,EV_13,2.84,345,1.347,0
1770125347.5881612,EV_13,1.39,589,0.63,0
1770125347.5915287,EV_13,2.24,405,1.336,0
1770125347.5949104,EV_13,2.77,496,0.716,0
1770125347.5982947,EV_13,1.83,426,0.851,0
1770125347.6016362,EV_13,2.7,276,0.782,0
1770125347.605118,EV_13,1.24,518,0.724,0
1770125347.608502,EV_13,1.36,556,0.903,0
1770125347.6119637,EV_13,1.21,314,1.089,0
1770125347.6155856,EV_13,2.03,531,1.128,0
1770125347.619079,EV_13,2.5,472,1.162,0
1770125347.6224022,EV_13,2.39,551,1.134,0
1770125347.6257334,EV_13,1.89,234,1.075,0
1770125347.6290967,EV_13,2.62,201,1.195,0
1770125347.632428,EV_13,2.45,229,1.22,0
1770125347.635788,EV_13,2.54,208,0.331,0
1770125347.6393871,EV_13,2.73,563,0.709,0
1770125347.6439548,EV_13,1.72,468,0.573,0
1770125347.6475024,EV_13,1.74,366,0.907,0
1770125347.6508574,EV_13,2.45,274,1.143,0
1770125347.654379,EV_13,2.15,433,1.175,0
1770125347.6577413,EV_13,2.64,300,1.255,0
1770125347.6610994,EV_13,2.68,370,0.599,0
1770125347.6645207,EV_13,2.67,357,1.025,0
1770125347.667888,EV_13,2.88,225,1.224,0
1770125347.671322,EV_13,2.74,213,0.416,0
1770125347.6749904,EV_13,1.38,277,1.434,0
1770125347.6784663,EV_13,2.3,350,0.923,0
1770125347.681827,EV_13,2.45,347,0.767,0
1770125347.6852353,EV_13,2.1,587,1.115,0
1770125347.6886292,EV_13,2.95,335,1.055,0
1770125347.6922746,EV_13,2.43,300,0.855,0
1770125347.6958516,EV_13,1.16,452,1.131,0
1770125347.699228,EV_13,2.17,454,1.176,0
1770125347.702593,EV_13,2.4,486,1.317,0
1770125347.7063785,EV_13,2.61,439,0.969,0
1770125347.7097673,EV_13,2.65,561,1.261,0
1770125347.7131333,EV_13,1.88,388,0.942,0
1770125347.7166371,EV_13,1.23,466,1.101,0
1770125347.7200005,EV_13,2.44,380,1.031,0
1770125347.7233014,EV_13,1.13,546,1.307,0
1770125347.726748,EV_13,1.91,430,0.995,0
1770125347.7301197,EV_13,1.98,369,1.055,0
1770125347.733492,EV_13,2.17,274,0.819,0
1770125347.7371705,EV_13,1.03,502,0.705,0
1770125347.7405589,EV_13,2.41,375,0.602,0
1770125347.7439058,EV_13,1.34,253,0.586,0
1770125347.7472496,EV_13,1.68,502,0.627,0
1770125347.7505972,EV_13,2.67,230,1.421,0
1770125347.754369,EV_13,2.61,383,0.34,0
1770125347.7577136,EV_13,1.03,413,1.019,0
1770125347.761081,EV_13,2.98,378,0.917,0
1770125347.7644463,EV_13,2.21,584,0.339,0
1770125347.767922,EV_13,2.8,259,0.535,0
1770125347.7713373,EV_13,2.95,547,1.409,0
1770125347.7746763,EV_13,1.28,491,1.152,0
1770125347.7780478,EV_13,1.33,393,1.428,0
1770125347.7814138,EV_13,1.54,417,0.979,0
1770125347.7852173,EV_13,2.08,513,1.453,0
1770125347.7885878,EV_13,1.6,428,1.375,0
1770125347.7922957,EV_13,1.44,539,1.007,0
1770125347.7957158,EV_13,1.58,488,0.91,0
1770125347.7995863,EV_13,2.77,353,1.493,0
1770125347.8028417,EV_13,1.49,351,0.947,0
1770125347.8061662,EV_13,2.63,461,0.971,0
1770125347.8095036,EV_13,2.81,548,0.759,0
1770125347.8128374,EV_13,1.45,477,0.882,0
1770125347.8166149,EV_13,1.51,595,0.402,0
1770125347.819984,EV_13,1.78,530,1.151,0
1770125347.8233504,EV_13,1.32,290,0.441,0
1770125347.8267195,EV_13,1.85,328,0.961,0
1770125347.8300967,EV_13,1.02,494,0.324,0
1770125347.8334658,EV_13,2.85,587,0.528,0
1770125347.8372796,EV_14,1.7,280,0.843,0
1770125347.8406353,EV_14,2.57,596,1.018,0
1770125347.8443632,EV_14,2.62,298,0.789,0
1770125347.8482897,EV_14,2.29,576,0.564,0
1770125347.8554928,EV_14,2.5,361,0.423,0
1770125347.858777,EV_14,1.06,368,0.783,0
1770125347.8626473,EV_14,1.77,442,0.415,0
1770125347.8664458,EV_14,1.58,404,1.272,0
1770125347.8696487,EV_14,1.09,582,1.424,0
1770125347.8729408,EV_14,1.13,370,1.27,0
1770125347.8766308,EV_14,1.41,414,1.004,0
1770125347.8798087,EV_14,2.87,514,1.264,0
1770125347.8832905,EV_14,1.65,441,0.512,0
1770125347.8868499,EV_14,1.61,432,1.055,0
1770125347.8906677,EV_14,1.07,247,0.64,0
1770125347.8945844,EV_14,1.02,259,0.554,0
1770125347.8982131,EV_14,2.34,570,1.311,0
1770125347.9020133,EV_14,2.06,562,0.624,0
1770125347.9057577,EV_14,1.79,248,1.406,0
1770125347.9094934,EV_14,2.01,323,1.094,0
1770125347.913303,EV_14,2.94,293,0.645,0
1770125347.9167104,EV_14,2.3,303,1.185,0
1770125347.9201012,EV_14,2.68,545,1.158,0
1770125347.9234345,EV_14,2.72,431,0.801,0
1770125347.9270978,EV_14,1.96,230,1.274,0
1770125347.9306173,EV_14,2.12,465,1.101,0
1770125347.9341965,EV_14,1.02,232,1.449,0
1770125347.9377248,EV_14,1.7,319,1.486,0
1770125347.9412074,EV_14,2.39,484,1.472,0
1770125347.944928,EV_14,2.59,223,0.506,0
1770125347.9483814,EV_14,2.99,362,0.972,0
1770125347.951867,EV_14,1.72,324,1.282,0
1770125347.9554489,EV_14,2.62,262,0.53,0
1770125347.95921,EV_14,1.72,593,1.318,0
1770125347.9628403,EV_14,2.15,202,1.3,0
1770125347.9665174,EV_14,1.68,330,0.717,0
1770125347.9701881,EV_14,2.25,291,0.775,0
1770125347.9740202,EV_14,1.32,200,0.37,0
1770125347.9776018,EV_14,2.26,261,0.596,0
1770125347.9808562,EV_14,1.56,214,0.957,0
1770125347.9841504,EV_14,2.5,484,1.375,0
1770125347.9874609,EV_14,2.86,511,1.405,0
1770125347.9912276,EV_14,1.26,369,0.65,0
1770125347.9949753,EV_14,2.78,492,1.489,0
1770125347.9987152,EV_14,2.75,415,1.026,0
1770125348.0020716,EV_14,1.17,250,0.49,0
1770125348.0057085,EV_14,2.54,533,0.846,0
1770125348.009143,EV_14,1.44,444,0.405,0
1770125348.0124643,EV_14,1.33,316,0.756,0
1770125348.015809,EV_14,1.92,334,0.425,0
1770125348.0191534,EV_14,1.94,252,0.672,0
1770125348.024384,EV_14,2.97,233,0.449,0
1770125348.0276265,EV_14,1.42,473,0.669,0
1770125348.0311506,EV_14,1.53,442,0.716,0
1770125348.0347848,EV_14,2.69,210,0.644,0
1770125348.0382614,EV_14,2.64,276,1.473,0
1770125348.0418856,EV_14,1.06,208,1.114,0
1770125348.0453348,EV_14,2.06,553,0.826,0
1770125348.0489519,EV_14,1.79,308,1.134,0
1770125348.0523415,EV_14,1.52,434,0.545,0
1770125348.0561333,EV_14,1.08,236,0.508,0
1770125348.0596237,EV_14,1.58,525,1.316,0
1770125348.0636463,EV_14,1.99,219,1.03,0
1770125348.0673926,EV_14,2.44,539,0.653,0
1770125348.0710316,EV_14,1.72,287,1.361,0
1770125348.0747914,EV_14,1.65,231,0.401,0
1770125348.078333,EV_14,2.13,538,0.746,0
1770125348.0818422,EV_14,2.54,354,0.758,0
1770125348.0855386,EV_14,2.81,398,0.825,0
1770125348.0889769,EV_14,1.43,229,1.14,0
1770125348.0924315,EV_14,1.94,512,1.087,0
1770125348.0964353,EV_14,1.04,259,1.039,0
1770125348.1003885,EV_14,2.14,440,0.477,0
1770125348.1039708,EV_14,1.9,435,1.237,0
1770125348.107616,EV_14,2.89,525,0.408,0
1770125348.1109052,EV_14,1.51,211,0.868,0
1770125348.1141977,EV_14,2.32,412,0.996,0
1770125348.1176555,EV_14,2.34,566,0.674,0
1770125348.1211739,EV_14,2.85,462,1.354,0
1770125348.1246645,EV_14,2.58,395,0.471,0
1770125348.128249,EV_14,2.91,542,1.344,0
1770125348.1319194,EV_14,2.38,277,0.699,0
1770125348.1352465,EV_14,1.33,243,0.988,0
1770125348.138574,EV_14,1.99,424,0.366,0
1770125348.1419299,EV_14,2.33,434,1.081,0
1770125348.145497,EV_14,2.5,462,0.916,0
1770125348.1488554,EV_14,2.92,383,0.767,0
1770125348.1526341,EV_14,2.21,600,0.711,0
1770125348.1561308,EV_14,2.15,565,1.12,0
1770125348.1595764,EV_14,1.89,422,0.308,0
1770125348.1632216,EV_14,2.58,334,0.971,0
1770125348.1666236,EV_14,1.72,488,0.63,0
1770125348.1700137,EV_14,1.29,383,0.861,0
1770125348.1734238,EV_14,1.38,486,0.358,0
1770125348.1771636,EV_14,2.99,226,0.516,0
1770125348.1808753,EV_14,2.02,208,1.435,0
1770125348.1846569,EV_14,1.19,202,1.36,0
1770125348.1884055,EV_14,2.28,233,1.441,0
1770125348.1917357,EV_14,2.77,585,0.68,0
1770125348.1954944,EV_14,1.57,232,1.307,0
1770125348.1988242,EV_14,2.95,280,0.56,0
1770125348.2021573,EV_14,2.31,522,1.408,0
1770125348.205898,EV_14,1.07,377,0.894,0
1770125348.209528,EV_14,2.31,290,0.487,0
1770125348.2129407,EV_14,2.81,324,1.129,0
1770125348.216318,EV_14,2.2,309,0.892,0
1770125348.2198114,EV_14,2.55,369,1.441,0
1770125348.2231803,EV_14,1.64,387,0.324,0
1770125348.2269099,EV_14,1.68,368,1.097,0
1770125348.2302444,EV_14,2.95,500,0.789,0
1770125348.2336016,EV_14,2.17,479,0.662,0
1770125348.2369654,EV_14,2.84,211,0.466,0
1770125348.2403333,EV_14,2.33,254,0.644,0
1770125348.2441638,EV_14,1.93,302,0.441,0
1770125348.2476585,EV_14,1.74,396,0.498,0
1770125348.2510777,EV_14,2.01,319,0.678,0
1770125348.2549353,EV_14,1.58,219,1.08,0
1770125348.2587247,EV_14,2.28,343,1.418,0
1770125348.2620933,EV_14,2.52,417,0.85,0
1770125348.2654636,EV_14,2.37,382,1.306,0
1770125348.268805,EV_14,2.23,255,0.795,0
1770125348.2721672,EV_14,2.66,208,0.552,0
1770125348.2757132,EV_14,2.73,462,0.444,0
1770125348.2791085,EV_14,2.39,223,1.3,0
1770125348.282459,EV_14,1.19,286,0.725,0
1770125348.285816,EV_14,1.37,394,1.085,0
1770125348.2893825,EV_14,1.8,584,1.306,0
1770125348.292818,EV_14,2.05,333,1.314,0
1770125348.2966154,EV_14,2.05,273,0.991,0
1770125348.3000293,EV_14,1.39,542,0.825,0
1770125348.303788,EV_14,2.71,382,0.536,0
1770125348.3075678,EV_14,1.89,492,1.061,0
1770125348.3109097,EV_14,2.08,585,1.053,0
1770125348.3145819,EV_14,2.14,463,1.272,0
1770125348.3182635,EV_14,2.85,541,0.603,0
1770125348.3219354,EV_14,1.48,561,1.254,0
1770125348.3255887,EV_14,2.7,226,0.865,0
1770125348.3288338,EV_14,1.27,265,0.705,0
1770125348.3321955,EV_14,2.58,250,0.631,0
1770125348.3355467,EV_14,1.93,310,1.376,0
1770125348.3388786,EV_14,2.43,312,1.255,0
1770125348.3426952,EV_14,2.51,313,0.986,0
1770125348.346022,EV_14,1.46,520,1.324,0
1770125348.3496578,EV_14,1.54,471,0.858,0
1770125348.3529413,EV_14,1.61,269,0.425,0
1770125348.3567922,EV_14,1.65,356,0.517,0
1770125348.3605509,EV_14,1.37,583,1.315,0
1770125348.3639672,EV_14,2.38,319,0.494,0
1770125348.3677485,EV_14,1.98,414,0.406,0
1770125348.3711731,EV_14,2.13,410,1.366,0
1770125348.3745797,EV_14,1.0,395,0.777,0
1770125348.3780026,EV_14,2.74,449,0.872,0
1770125348.3814046,EV_14,1.96,259,0.357,0
1770125348.384993,EV_14,1.42,542,1.489,0
1770125348.3885891,EV_14,2.31,288,1.113,0
1770125348.3922617,EV_14,2.67,442,1.245,0
1770125348.3957348,EV_14,2.61,406,0.354,0
1770125348.3993673,EV_14,1.75,464,0.418,0
1770125348.4026546,EV_14,2.39,595,0.515,0
1770125348.4059703,EV_14,2.1,252,1.013,0
1770125348.4096122,EV_14,2.02,356,1.485,0
1770125348.412943,EV_14,2.45,347,0.483,0
1770125348.416268,EV_14,1.23,347,1.387,0
1770125348.4196172,EV_14,1.79,492,1.062,0
1770125348.422977,EV_14,2.73,369,1.183,0
1770125348.4263375,EV_14,2.21,402,0.615,0
1770125348.4300299,EV_14,2.29,584,0.835,0
1770125348.4334075,EV_14,2.11,509,0.642,0
1770125348.4368317,EV_14,1.34,462,0.924,0
1770125348.4402578,EV_14,2.83,580,1.247,0
1770125348.4436195,EV_14,2.15,442,0.482,0
1770125348.447282,EV_14,2.67,468,0.855,0
1770125348.4508975,EV_14,2.34,568,0.38,0
1770125348.4542525,EV_14,2.28,300,1.445,0
1770125348.4580915,EV_14,2.45,334,0.571,0
1770125348.4616525,EV_14,1.49,354,0.897,0
1770125348.4654195,EV_14,2.04,343,1.355,0
1770125348.4687595,EV_14,2.19,531,1.331,0
1770125348.4720948,EV_14,2.44,214,1.099,0
1770125348.4755614,EV_14,1.08,517,0.603,0
1770125348.4789042,EV_14,1.93,345,0.588,0
1770125348.4822593,EV_14,2.17,341,0.605,0
1770125348.485616,EV_14,2.04,410,1.227,0
1770125348.4889805,EV_14,1.23,545,1.089,0
1770125348.4927752,EV_14,1.56,488,0.877,0
1770125348.496128,EV_14,1.54,284,1.14,0
1770125348.4995055,EV_14,2.5,398,0.492,0
1770125348.5028737,EV_14,2.97,479,0.886,0
1770125348.5062647,EV_14,1.21,496,1.483,0
1770125348.5097396,EV_14,2.37,495,0.674,0
1770125348.5134718,EV_14,1.35,541,1.487,0
1770125348.516894,EV_14,2.13,548,0.573,0
1770125348.5202518,EV_14,2.84,444,1.493,0
1770125348.5240011,EV_14,2.05,236,1.171,0
1770125348.527341,EV_14,2.2,432,1.0,0
1770125348.5306976,EV_14,1.74,499,1.407,0
1770125348.5340502,EV_14,1.61,508,0.799,0
1770125348.5374231,EV_14,1.87,205,0.932,0
1770125348.5408604,EV_14,2.8,508,0.485,0
1770125348.5442529,EV_14,1.85,571,1.202,0
1770125348.5485303,EV_15,2.83,343,0.38,0
1770125348.551983,EV_15,2.54,453,1.326,0
1770125348.5572224,EV_15,1.05,323,1.311,0
1770125348.5604525,EV_15,1.08,402,1.135,0
1770125348.565426,EV_15,1.81,414,0.637,0
1770125348.5718858,EV_15,1.81,269,0.376,0
1770125348.5751984,EV_15,1.77,290,0.768,0
1770125348.5788755,EV_15,1.09,541,0.771,0
1770125348.582601,EV_15,1.06,403,1.045,0
1770125348.5859249,EV_15,2.13,511,0.482,0
1770125348.5896642,EV_15,1.09,220,0.59,0
1770125348.593351,EV_15,2.43,292,0.434,0
1770125348.5966988,EV_15,1.31,268,1.152,0
1770125348.6001534,EV_15,2.39,586,0.449,0
1770125348.6038063,EV_15,2.01,348,0.371,0
1770125348.6077962,EV_15,2.32,281,1.219,0
1770125348.6115298,EV_15,2.55,487,1.302,0
1770125348.6152864,EV_15,2.6,463,1.362,0
1770125348.6190825,EV_15,1.67,448,0.972,0
1770125348.6225574,EV_15,1.2,305,0.608,0
1770125348.626087,EV_15,2.4,383,0.989,0
1770125348.6295626,EV_15,2.98,244,0.586,0
1770125348.6334617,EV_15,1.44,596,0.964,0
1770125348.6372674,EV_15,2.35,238,0.907,0
1770125348.640752,EV_15,1.9,498,1.47,0
1770125348.6443086,EV_15,1.09,372,0.559,0
1770125348.6483746,EV_15,1.13,368,0.308,0
1770125348.6518435,EV_15,2.81,473,1.309,0
1770125348.6555097,EV_15,2.36,591,1.042,0
1770125348.6592212,EV_15,1.86,221,1.248,0
1770125348.6626682,EV_15,1.96,366,0.669,0
1770125348.6661649,EV_15,2.9,433,0.513,0
1770125348.6696079,EV_15,2.33,243,0.885,0
1770125348.6731374,EV_15,2.65,545,0.716,0
1770125348.676673,EV_15,1.75,466,0.8,0
1770125348.6798987,EV_15,1.84,545,1.109,0
1770125348.6831384,EV_15,1.1,490,1.207,0
1770125348.6864583,EV_15,2.96,381,1.45,0
1770125348.6900952,EV_15,1.34,371,1.223,0
1770125348.6934922,EV_15,1.22,265,0.534,0
1770125348.6969144,EV_15,2.13,281,0.329,0
1770125348.7003176,EV_15,2.11,397,0.965,0
1770125348.7038093,EV_15,2.33,362,1.164,0
1770125348.7076542,EV_15,1.89,363,0.702,0
1770125348.7110076,EV_15,1.45,480,1.421,0
1770125348.714321,EV_15,2.43,217,0.422,0
1770125348.717795,EV_15,2.95,516,0.868,0
1770125348.7214174,EV_15,2.96,301,0.614,0
1770125348.7248387,EV_15,1.97,248,0.571,0
1770125348.7283888,EV_15,1.15,404,1.272,0
1770125348.7319748,EV_15,2.48,439,1.181,0
1770125348.735832,EV_15,2.91,248,0.376,0
1770125348.7392294,EV_15,1.75,520,1.203,0
1770125348.742567,EV_15,2.05,359,0.766,0
1770125348.7459047,EV_15,1.69,477,1.425,0
1770125348.7495754,EV_15,2.1,307,0.927,0
1770125348.7530048,EV_15,1.21,380,0.701,0
1770125348.756351,EV_15,2.75,553,0.308,0
1770125348.7599118,EV_15,1.85,296,1.11,0
1770125348.763277,EV_15,2.49,279,1.455,0
1770125348.7666264,EV_15,1.4,271,0.494,0
1770125348.7700489,EV_15,2.4,584,0.572,0
1770125348.773678,EV_15,1.61,283,1.445,0
1770125348.777201,EV_15,1.8,249,1.164,0
1770125348.7806685,EV_15,1.21,370,0.892,0
1770125348.784142,EV_15,2.46,248,0.382,0
1770125348.7875779,EV_15,2.58,389,0.898,0
1770125348.7913263,EV_15,1.28,221,0.545,0
1770125348.7947595,EV_15,2.84,480,0.772,0
1770125348.7980945,EV_15,1.19,449,1.284,0
1770125348.8018396,EV_15,2.1,366,0.385,0
1770125348.8054702,EV_15,2.06,414,0.61,0
1770125348.8088944,EV_15,2.86,240,0.654,0
1770125348.812254,EV_15,2.54,468,1.07,0
1770125348.8156595,EV_15,2.12,587,0.58,0
1770125348.819089,EV_15,2.9,337,0.693,0
1770125348.8223982,EV_15,2.55,594,0.772,0
1770125348.8261783,EV_15,1.04,441,0.426,0
1770125348.829631,EV_15,2.27,292,1.382,0
1770125348.8329315,EV_15,2.86,369,1.447,0
1770125348.8366244,EV_15,2.12,263,0.907,0
1770125348.8399656,EV_15,2.23,210,0.896,0
1770125348.8433764,EV_15,1.04,260,0.688,0
1770125348.8468983,EV_15,2.88,237,0.851,0
1770125348.8503397,EV_15,1.68,506,0.783,0
1770125348.8537803,EV_15,2.07,299,0.574,0
1770125348.8572407,EV_15,1.89,476,1.392,0
1770125348.86057,EV_15,1.3,552,1.152,0
1770125348.8643248,EV_15,1.42,383,0.979,0
1770125348.8682473,EV_15,2.48,502,0.677,0
1770125348.8716457,EV_15,2.96,392,0.687,0
1770125348.875028,EV_15,2.88,283,0.63,0
1770125348.8785443,EV_15,2.18,407,0.375,0
1770125348.881991,EV_15,2.58,584,0.616,0
1770125348.8857365,EV_15,2.61,339,1.225,0
1770125348.889617,EV_15,2.86,372,1.204,0
1770125348.8929458,EV_15,2.58,290,0.956,0
1770125348.8963478,EV_15,2.38,412,1.126,0
1770125348.899652,EV_15,2.5,414,1.048,0
1770125348.9031303,EV_15,2.83,513,1.425,0
1770125348.9066076,EV_15,1.33,380,1.117,0
1770125348.9104056,EV_15,1.24,510,0.743,0
1770125348.9146445,EV_15,1.53,318,1.406,0
1770125348.91791,EV_15,1.18,459,1.253,0
1770125348.9213102,EV_15,2.47,536,0.516,0
1770125348.924678,EV_15,1.05,451,0.675,0
1770125348.9284923,EV_15,2.6,599,0.966,0
1770125348.932202,EV_15,2.64,219,0.518,0
1770125348.9355466,EV_15,2.73,433,0.436,0
1770125348.9392173,EV_15,1.15,504,0.799,0
1770125348.942554,EV_15,2.66,417,1.376,0
1770125348.946092,EV_15,2.32,440,0.474,0
1770125348.9494133,EV_15,2.46,316,0.589,0
1770125348.9528513,EV_15,1.97,363,0.96,0
1770125348.9562006,EV_15,2.68,477,0.565,0
1770125348.9595423,EV_15,2.49,331,1.039,0
1770125348.9631188,EV_15,1.14,556,0.41,0
1770125348.9665613,EV_15,1.83,289,1.271,0
1770125348.970326,EV_15,1.58,405,1.219,0
1770125348.9740727,EV_15,2.37,316,1.457,0
1770125348.97746,EV_15,2.02,236,0.906,0
1770125348.981173,EV_15,2.2,301,1.298,0
1770125348.9845078,EV_15,1.54,228,1.099,0
1770125348.9878354,EV_15,2.35,428,1.025,0
1770125348.991421,EV_15,1.54,292,1.309,0
1770125348.9948306,EV_15,1.8,470,1.235,0
1770125348.9983003,EV_15,2.87,203,1.375,0
1770125349.001975,EV_15,2.02,572,0.694,0
1770125349.0054066,EV_15,2.41,304,1.22,0
1770125349.0090358,EV_15,2.37,575,1.244,0
1770125349.0124652,EV_15,2.76,426,0.78,0
1770125349.0158706,EV_15,1.36,595,0.353,0
1770125349.0196636,EV_15,2.08,395,1.359,0
1770125349.02303,EV_15,1.54,555,1.221,0
1770125349.0268934,EV_15,2.38,597,0.601,0
1770125349.0306442,EV_15,2.39,380,0.309,0
1770125349.0344222,EV_15,2.81,298,0.756,0
1770125349.0380864,EV_15,1.89,312,1.375,0
1770125349.041458,EV_15,2.99,550,0.566,0
1770125349.0448265,EV_15,1.79,271,1.015,0
1770125349.0481985,EV_15,2.0,328,1.002,0
1770125349.051657,EV_15,1.81,485,1.156,0
1770125349.0550478,EV_15,2.17,359,0.364,0
1770125349.058555,EV_15,2.93,443,1.154,0
1770125349.0619743,EV_15,1.07,504,0.34,0
1770125349.0657618,EV_15,1.62,261,0.65,0
1770125349.0692267,EV_15,2.32,600,0.683,0
1770125349.072584,EV_15,1.14,341,0.741,0
1770125349.0763667,EV_15,1.43,332,0.554,0
1770125349.0796983,EV_15,1.91,350,0.307,0
1770125349.0830963,EV_15,2.64,419,0.4,0
1770125349.0871043,EV_15,1.95,507,1.031,0
1770125349.0905154,EV_15,2.63,435,1.259,0
1770125349.094226,EV_15,2.73,589,0.302,0
1770125349.0978248,EV_15,1.26,436,1.01,0
1770125349.1014755,EV_15,2.03,449,1.409,0
1770125349.1048472,EV_15,2.06,351,0.8,0
1770125349.1087797,EV_15,1.14,425,0.416,0
1770125349.1123016,EV_15,1.36,580,1.388,0
1770125349.116254,EV_15,2.77,477,1.158,0
1770125349.1197665,EV_15,2.77,404,1.084,0
1770125349.1233404,EV_15,1.12,317,0.724,0
1770125349.1266677,EV_15,1.5,334,0.783,0
1770125349.1302211,EV_15,2.5,566,0.574,0
1770125349.13392,EV_15,1.1,589,0.596,0
1770125349.1378431,EV_15,2.14,211,0.463,0
1770125349.1416698,EV_15,2.08,454,0.976,0
1770125349.1454558,EV_15,1.88,324,0.375,0
1770125349.1491842,EV_15,2.54,210,1.435,0
1770125349.152924,EV_15,2.02,216,0.488,0
1770125349.156375,EV_15,2.22,292,0.919,0
1770125349.1598144,EV_15,1.65,320,0.96,0
1770125349.1635423,EV_15,1.33,205,0.335,0
1770125349.1669724,EV_15,2.86,249,1.076,0
1770125349.1703117,EV_15,2.28,203,1.375,0
1770125349.1739905,EV_15,2.67,341,0.554,0
1770125349.177695,EV_15,1.05,502,1.162,0
1770125349.1812644,EV_15,2.31,354,1.257,0
1770125349.18465,EV_15,2.82,443,1.385,0
1770125349.1881073,EV_15,2.62,338,0.532,0
1770125349.1919134,EV_15,2.24,589,0.477,0
1770125349.1953187,EV_15,1.68,294,0.977,0
1770125349.1986732,EV_15,1.08,445,0.39,0
1770125349.2021692,EV_15,2.21,344,1.366,0
1770125349.2056572,EV_15,2.77,343,1.494,0
1770125349.209745,EV_15,2.75,245,0.888,0
1770125349.2131596,EV_15,2.28,352,0.416,0
1770125349.216516,EV_15,1.63,367,0.404,0
1770125349.220261,EV_15,2.08,418,1.263,0
1770125349.2240133,EV_15,2.23,368,0.97,0
1770125349.2278745,EV_15,1.84,530,0.303,0
1770125349.2312346,EV_15,1.11,331,0.38,0
1770125349.234648,EV_15,1.39,472,0.869,0
1770125349.2383153,EV_15,1.74,256,0.786,0
1770125349.2418118,EV_15,1.11,359,1.352,0
1770125349.2451596,EV_15,1.78,302,0.407,0
1770125349.2485273,EV_15,2.98,414,1.047,0
1770125349.251882,EV_15,1.92,431,0.947,0
1770125349.2556167,EV_15,2.63,499,0.446,0
1770125349.2589855,EV_15,1.63,205,0.442,0
1770125349.2628236,EV_16,2.31,383,1.248,0
1770125349.2661893,EV_16,1.58,530,1.293,0
1770125349.2697053,EV_16,1.46,595,1.254,0
1770125349.2762065,EV_16,2.45,582,0.608,0
1770125349.2816355,EV_16,1.37,541,0.661,0
1770125349.2848363,EV_16,1.61,565,0.997,0
1770125349.2887278,EV_16,1.48,444,0.53,0
1770125349.2922156,EV_16,2.36,463,1.07,0
1770125349.2957706,EV_16,1.84,399,0.899,0
1770125349.2989686,EV_16,1.98,412,0.611,0
1770125349.302598,EV_16,2.54,317,0.897,0
1770125349.306264,EV_16,2.17,547,0.704,0
1770125349.3098862,EV_16,1.8,310,0.352,0
1770125349.313715,EV_16,2.28,524,0.474,0
1770125349.3175657,EV_16,1.07,486,1.195,0
1770125349.3211482,EV_16,1.95,431,1.03,0
1770125349.3247209,EV_16,1.59,487,1.284,0
1770125349.328668,EV_16,1.4,301,0.729,0
1770125349.3325026,EV_16,2.22,431,0.834,0
1770125349.3365138,EV_16,1.72,458,1.127,0
1770125349.339793,EV_16,2.38,291,0.989,0
1770125349.3430846,EV_16,2.59,564,1.185,0
1770125349.346379,EV_16,1.86,208,0.698,0
1770125349.3500974,EV_16,1.09,565,0.582,0
1770125349.353628,EV_16,1.36,387,1.401,0
1770125349.3570476,EV_16,2.86,251,0.738,0
1770125349.3609383,EV_16,2.62,366,0.392,0
1770125349.3644407,EV_16,2.39,491,1.135,0
1770125349.3681588,EV_16,2.6,422,0.759,0
1770125349.3716712,EV_16,1.14,363,0.331,0
1770125349.3754182,EV_16,2.27,544,0.779,0
1770125349.3790774,EV_16,2.29,465,0.889,0
1770125349.3827918,EV_16,1.39,381,1.05,0
1770125349.3861961,EV_16,1.67,312,0.909,0
1770125349.38969,EV_16,1.81,362,1.477,0
1770125349.392954,EV_16,1.2,357,0.488,0
1770125349.3962073,EV_16,2.33,487,0.692,0
1770125349.4000015,EV_16,2.9,440,1.314,0
1770125349.403353,EV_16,2.08,294,0.673,0
1770125349.407108,EV_16,1.12,599,1.193,0
1770125349.4104471,EV_16,1.31,339,0.67,0
1770125349.413899,EV_16,1.92,253,0.864,0
1770125349.4173372,EV_16,1.01,210,0.523,0
1770125349.42069,EV_16,2.71,517,1.355,0
1770125349.424051,EV_16,2.09,544,0.341,0
1770125349.4274037,EV_16,2.27,215,0.414,0
1770125349.4308617,EV_16,1.53,231,1.004,0
1770125349.4342353,EV_16,1.55,401,1.408,0
1770125349.437596,EV_16,1.94,507,0.766,0
1770125349.4409559,EV_16,1.46,518,1.408,0
1770125349.4443176,EV_16,2.25,355,1.453,0
1770125349.448078,EV_16,1.44,550,0.708,0
1770125349.4514308,EV_16,1.48,375,0.534,0
1770125349.4547727,EV_16,1.29,387,1.2,0
1770125349.45818,EV_16,1.35,227,0.613,0
1770125349.4618883,EV_16,1.48,376,0.425,0
1770125349.4652553,EV_16,1.72,528,0.983,0
1770125349.4686096,EV_16,1.66,348,1.408,0
1770125349.4719718,EV_16,2.97,369,0.553,0
1770125349.4757242,EV_16,2.96,539,0.443,0
1770125349.4792705,EV_16,2.69,438,1.069,0
1770125349.4829125,EV_16,2.56,265,1.495,0
1770125349.4866471,EV_16,1.05,579,0.808,0
1770125349.4899852,EV_16,1.01,387,1.284,0
1770125349.4935884,EV_16,2.12,547,0.809,0
1770125349.4970527,EV_16,1.6,340,1.473,0
1770125349.5004067,EV_16,2.46,267,0.786,0
1770125349.503772,EV_16,1.88,236,1.343,0
1770125349.5082316,EV_16,1.76,585,0.897,0
1770125349.5114858,EV_16,2.23,556,1.362,0
1770125349.5147853,EV_16,2.53,439,0.567,0
1770125349.5181313,EV_16,2.43,418,1.161,0
1770125349.5214605,EV_16,2.33,561,0.665,0
1770125349.5248072,EV_16,2.64,236,1.185,0
1770125349.5281725,EV_16,1.69,336,0.522,0
1770125349.5315344,EV_16,1.06,495,0.607,0
1770125349.5348918,EV_16,2.43,236,1.212,0
1770125349.5384657,EV_16,2.62,295,1.024,0
1770125349.541872,EV_16,1.17,495,1.421,0
1770125349.5453956,EV_16,1.03,205,0.82,0
1770125349.5488157,EV_16,2.64,407,0.936,0
1770125349.5525637,EV_16,1.26,428,0.363,0
1770125349.5563424,EV_16,1.31,576,0.777,0
1770125349.5600202,EV_16,2.56,284,0.413,0
1770125349.563765,EV_16,1.96,254,0.889,0
1770125349.5672135,EV_16,2.78,567,1.206,0
1770125349.5708103,EV_16,1.93,361,0.483,0
1770125349.5741236,EV_16,1.21,342,1.199,0
1770125349.5774581,EV_16,2.22,317,0.961,0
1770125349.5807984,EV_16,2.66,225,0.678,0
1770125349.5841687,EV_16,2.1,543,0.713,0
1770125349.587427,EV_16,2.96,316,1.345,0
1770125349.5909877,EV_16,1.1,299,0.708,0
1770125349.5942852,EV_16,2.97,281,0.421,0
1770125349.597704,EV_16,2.94,547,0.538,0
1770125349.6014795,EV_16,2.39,416,0.692,0
1770125349.6048458,EV_16,2.82,499,1.2,0
1770125349.608382,EV_16,2.19,511,0.891,0
1770125349.6118126,EV_16,1.4,278,0.895,0
1770125349.615166,EV_16,2.78,558,1.311,0
1770125349.6192725,EV_16,2.11,434,1.094,0
1770125349.6235712,EV_16,1.33,273,0.805,0
1770125349.6268463,EV_16,1.84,592,0.395,0
1770125349.6303465,EV_16,2.0,565,0.557,0
1770125349.633866,EV_16,2.29,456,1.218,0
1770125349.6371374,EV_16,2.92,262,0.887,0
1770125349.640441,EV_16,2.75,516,1.244,0
1770125349.6437886,EV_16,1.59,380,1.41,0
1770125349.6472445,EV_16,2.35,457,0.63,0
1770125349.650805,EV_16,1.6,573,0.687,0
1770125349.654699,EV_16,2.67,455,1.208,0
1770125349.65833,EV_16,1.64,458,1.147,0
1770125349.6622555,EV_16,2.91,453,1.45,0
1770125349.6662693,EV_16,1.81,594,1.491,0
1770125349.6696105,EV_16,2.66,337,0.534,0
1770125349.6731918,EV_16,2.48,229,0.596,0
1770125349.6767762,EV_16,2.95,464,1.125,0
1770125349.6805255,EV_16,1.09,377,1.199,0
1770125349.6843095,EV_16,2.72,530,1.412,0
1770125349.6880758,EV_16,1.57,494,0.84,0
1770125349.6915617,EV_16,2.87,562,1.043,0
1770125349.694898,EV_16,1.49,221,0.875,0
1770125349.698597,EV_16,1.79,240,1.453,0
1770125349.701889,EV_16,2.96,401,0.704,0
1770125349.7052007,EV_16,2.08,320,1.278,0
1770125349.7089884,EV_16,1.18,374,0.328,0
1770125349.7124286,EV_16,2.26,573,1.008,0
1770125349.7158754,EV_16,1.1,580,0.352,0
1770125349.7191033,EV_16,2.15,571,0.958,0
1770125349.722502,EV_16,2.65,501,0.835,0
1770125349.7258677,EV_16,2.74,526,0.873,0
1770125349.7301235,EV_16,2.48,236,0.964,0
1770125349.7338574,EV_16,2.97,500,0.845,0
1770125349.737198,EV_16,1.51,369,0.768,0
1770125349.7407117,EV_16,2.27,309,1.464,0
1770125349.7439816,EV_16,1.7,433,1.261,0
1770125349.7475932,EV_16,1.14,509,1.416,0
1770125349.7510846,EV_16,1.38,569,1.28,0
1770125349.7545822,EV_16,2.83,226,0.769,0
1770125349.758102,EV_16,2.0,282,0.362,0
1770125349.7614748,EV_16,2.82,338,0.858,0
1770125349.7646823,EV_16,1.12,221,0.37,0
1770125349.7679093,EV_16,2.15,376,0.935,0
1770125349.771718,EV_16,2.47,455,1.36,0
1770125349.775039,EV_16,2.78,237,0.406,0
1770125349.7783413,EV_16,2.6,549,0.962,0
1770125349.7815814,EV_16,2.28,503,0.331,0
1770125349.7848737,EV_16,1.92,556,1.356,0
1770125349.7885132,EV_16,1.88,417,0.445,0
1770125349.7918425,EV_16,2.51,203,0.918,0
1770125349.7951672,EV_16,1.63,438,0.847,0
1770125349.7984898,EV_16,2.37,362,0.494,0
1770125349.802497,EV_16,2.05,239,1.237,0
1770125349.8059316,EV_16,2.72,518,0.738,0
1770125349.8094347,EV_16,1.66,494,1.015,0
1770125349.8128266,EV_16,1.08,294,1.116,0
1770125349.8165705,EV_16,2.67,325,1.155,0
1770125349.81997,EV_16,1.13,533,0.787,0
1770125349.8237588,EV_16,1.99,429,1.437,0
1770125349.8275054,EV_16,1.03,238,0.464,0
1770125349.8308406,EV_16,2.96,421,0.764,0
1770125349.8345196,EV_16,2.56,309,1.284,0
1770125349.838207,EV_16,2.54,209,0.47,0
1770125349.8418417,EV_16,2.9,462,0.444,0
1770125349.8455055,EV_16,1.53,404,0.97,0
1770125349.8492403,EV_16,1.62,240,1.002,0
1770125349.8528566,EV_16,1.46,216,0.518,0
1770125349.856121,EV_16,2.68,580,1.001,0
1770125349.8594208,EV_16,2.31,502,0.365,0
1770125349.862647,EV_16,2.53,331,0.602,0
1770125349.866255,EV_16,1.39,220,0.583,0
1770125349.8696713,EV_16,2.15,451,0.846,0
1770125349.8729625,EV_16,1.2,512,1.398,0
1770125349.8762717,EV_16,1.48,501,1.256,0
1770125349.879577,EV_16,1.98,416,0.534,0
1770125349.883264,EV_16,1.05,461,0.808,0
1770125349.886612,EV_16,2.86,546,0.464,0
1770125349.8899596,EV_16,2.2,252,0.796,0
1770125349.8933048,EV_16,2.62,214,1.217,0
1770125349.896894,EV_16,1.9,596,0.31,0
1770125349.9003043,EV_16,2.64,204,1.432,0
1770125349.9036493,EV_16,2.89,497,1.473,0
1770125349.9074495,EV_16,1.65,254,1.497,0
1770125349.9111874,EV_16,2.53,545,1.134,0
1770125349.9150026,EV_16,2.52,417,0.454,0
1770125349.9183905,EV_16,2.67,596,0.594,0
1770125349.921738,EV_16,1.18,473,1.186,0
1770125349.925156,EV_16,2.89,295,0.76,0
1770125349.9289408,EV_16,2.01,459,0.747,0
1770125349.9323063,EV_16,2.17,252,0.605,0
1770125349.9361923,EV_16,1.52,437,0.419,0
1770125349.939776,EV_16,1.6,332,1.25,0
1770125349.9435258,EV_16,2.91,358,0.604,0
1770125349.9470887,EV_16,1.15,561,1.484,0
1770125349.9507496,EV_16,1.32,329,0.795,0
1770125349.9540815,EV_16,1.77,558,1.228,0
1770125349.9580863,EV_16,2.6,272,0.878,0
1770125349.9619615,EV_16,2.17,261,0.946,0
1770125349.9655008,EV_16,1.89,493,1.075,0
1770125349.969324,EV_16,1.03,305,0.407,0
1770125349.9734159,EV_17,1.36,211,1.444,0
1770125349.977273,EV_17,1.93,345,1.142,0
1770125349.9808183,EV_17,1.2,255,1.25,0
1770125349.9842381,EV_17,2.67,326,0.466,0
1770125349.9877322,EV_17,2.39,360,0.6,0
1770125349.9934096,EV_17,2.31,223,0.511,0
1770125349.9968362,EV_17,1.86,426,0.572,0
1770125350.0002391,EV_17,1.24,504,1.423,0
1770125350.0041127,EV_17,1.03,292,0.349,0
1770125350.0076747,EV_17,2.71,517,0.762,0
1770125350.01125,EV_17,1.34,445,1.318,0
1770125350.0144706,EV_17,1.2,447,1.185,0
1770125350.0179682,EV_17,2.04,562,0.901,0
1770125350.0216877,EV_17,2.02,202,1.205,0
1770125350.0251758,EV_17,2.47,464,1.495,0
1770125350.0291517,EV_17,2.7,433,1.362,0
1770125350.0329547,EV_17,2.81,325,0.816,0
1770125350.0366302,EV_17,1.25,314,0.471,0
1770125350.0403082,EV_17,2.52,498,1.096,0
1770125350.0441327,EV_17,1.53,440,0.952,0
1770125350.0477302,EV_17,2.5,591,1.112,0
1770125350.0511596,EV_17,1.17,273,0.3,0
1770125350.05518,EV_17,2.36,243,1.483,0
1770125350.0586207,EV_17,2.95,590,0.438,0
1770125350.0625691,EV_17,1.75,287,1.413,0
1770125350.066348,EV_17,1.73,285,0.669,0
1770125350.0699463,EV_17,1.47,219,0.436,0
1770125350.0737224,EV_17,1.26,222,1.301,0
1770125350.0773022,EV_17,2.53,240,0.532,0
1770125350.0807278,EV_17,2.6,279,1.154,0
1770125350.0844743,EV_17,1.66,383,0.885,0
1770125350.0881057,EV_17,2.35,251,0.496,0
1770125350.0917926,EV_17,1.68,339,0.915,0
1770125350.095474,EV_17,2.35,392,0.721,0
1770125350.0991657,EV_17,2.81,530,1.027,0
1770125350.1026099,EV_17,1.47,252,0.323,0
1770125350.1059637,EV_17,2.21,528,0.304,0
1770125350.1094406,EV_17,1.02,321,0.931,0
1770125350.1127505,EV_17,2.66,206,0.791,0
1770125350.1162422,EV_17,2.44,337,1.082,0
1770125350.1195607,EV_17,2.17,377,1.496,0
1770125350.1228774,EV_17,1.38,463,0.926,0
1770125350.1261964,EV_17,2.16,315,1.084,0
1770125350.129515,EV_17,1.97,317,1.323,0
1770125350.133035,EV_17,2.41,482,0.937,0
1770125350.1368706,EV_17,2.28,510,0.941,0
1770125350.1401885,EV_17,2.72,532,1.225,0
1770125350.1435084,EV_17,2.73,443,1.219,0
1770125350.1503308,EV_17,1.2,266,1.004,0
1770125350.1536746,EV_17,2.5,210,0.948,0
1770125350.1570733,EV_17,2.17,559,0.341,0
1770125350.1610093,EV_17,2.13,535,0.862,0
1770125350.1646724,EV_17,1.85,465,0.668,0
1770125350.1678705,EV_17,1.51,451,1.493,0
1770125350.171118,EV_17,1.5,270,0.751,0
1770125350.1743987,EV_17,2.28,539,1.099,0
1770125350.1783233,EV_17,1.15,222,0.949,0
1770125350.1818275,EV_17,1.2,408,0.655,0
1770125350.1852365,EV_17,2.55,256,0.584,0
1770125350.189209,EV_17,1.23,561,1.34,0
1770125350.1928904,EV_17,2.0,398,1.03,0
1770125350.1965966,EV_17,1.27,387,1.438,0
1770125350.200387,EV_17,2.73,284,1.332,0
1770125350.2038763,EV_17,1.55,301,0.941,0
1770125350.2073529,EV_17,1.83,247,1.157,0
1770125350.2109313,EV_17,1.12,583,0.435,0
1770125350.2142558,EV_17,2.22,241,0.613,0
1770125350.2175734,EV_17,2.83,242,1.071,0
1770125350.2211082,EV_17,1.08,277,0.856,0
1770125350.2245965,EV_17,2.33,506,1.303,0
1770125350.2282276,EV_17,2.28,382,1.024,0
1770125350.2318203,EV_17,2.39,552,0.944,0
1770125350.2355835,EV_17,2.31,236,1.207,0
1770125350.2389178,EV_17,1.08,462,0.936,0
1770125350.2423627,EV_17,1.45,405,1.392,0
1770125350.245884,EV_17,2.42,274,1.398,0
1770125350.2494652,EV_17,2.12,382,1.378,0
1770125350.2529857,EV_17,1.75,381,0.375,0
1770125350.256686,EV_17,2.5,218,1.118,0
1770125350.2606256,EV_17,2.36,223,1.378,0
1770125350.264273,EV_17,2.06,523,1.129,0
1770125350.2679982,EV_17,2.6,586,0.346,0
1770125350.272477,EV_17,1.69,206,1.465,0
1770125350.2757998,EV_17,2.58,502,1.42,0
1770125350.279133,EV_17,1.29,592,1.021,0
1770125350.2824993,EV_17,2.56,438,1.181,0
1770125350.2858346,EV_17,1.65,534,0.554,0
1770125350.2891688,EV_17,2.47,358,0.33,0
1770125350.2926095,EV_17,1.29,467,0.35,0
1770125350.2959478,EV_17,2.44,224,1.137,0
1770125350.2992904,EV_17,1.38,310,0.307,0
1770125350.3032346,EV_17,1.26,575,0.631,0
1770125350.3066118,EV_17,1.84,356,1.491,0
1770125350.3099582,EV_17,1.91,421,0.776,0
1770125350.3134737,EV_17,1.26,556,0.348,0
1770125350.317104,EV_17,1.33,535,1.466,0
1770125350.3206632,EV_17,2.18,573,1.209,0
1770125350.324012,EV_17,2.5,437,1.044,0
1770125350.3273582,EV_17,1.11,359,0.645,0
1770125350.3307054,EV_17,1.98,227,1.009,0
1770125350.3344867,EV_17,1.95,566,0.348,0
1770125350.3377182,EV_17,1.66,236,0.804,0
1770125350.3410492,EV_17,2.28,409,1.134,0
1770125350.344409,EV_17,2.34,483,0.36,0
1770125350.3478491,EV_17,1.65,455,1.439,0
1770125350.3513556,EV_17,2.22,362,0.862,0
1770125350.3551512,EV_17,2.87,442,1.115,0
1770125350.3585072,EV_17,2.08,583,0.99,0
1770125350.361866,EV_17,1.09,590,1.184,0
1770125350.3652778,EV_17,1.75,409,1.457,0
1770125350.368793,EV_17,1.9,546,1.252,0
1770125350.3724816,EV_17,1.71,467,1.309,0
1770125350.375837,EV_17,1.21,290,0.468,0
1770125350.3793035,EV_17,2.15,542,1.373,0
1770125350.3826997,EV_17,1.18,259,0.411,0
1770125350.3861423,EV_17,2.66,551,0.617,0
1770125350.389495,EV_17,2.43,356,1.457,0
1770125350.3928475,EV_17,1.13,532,1.318,0
1770125350.3962026,EV_17,2.82,344,0.585,0
1770125350.3995676,EV_17,1.54,465,0.376,0
1770125350.4029195,EV_17,1.94,555,0.331,0
1770125350.4062796,EV_17,1.27,327,0.498,0
1770125350.4097526,EV_17,1.78,374,0.593,0
1770125350.413419,EV_17,2.29,486,1.358,0
1770125350.4172022,EV_17,2.5,384,0.91,0
1770125350.4205737,EV_17,2.05,214,1.259,0
1770125350.4239447,EV_17,2.5,515,0.687,0
1770125350.4273171,EV_17,2.32,581,1.303,0
1770125350.4309936,EV_17,1.65,460,1.458,0
1770125350.4343836,EV_17,1.1,566,1.25,0
1770125350.4378552,EV_17,1.87,281,1.272,0
1770125350.4412632,EV_17,1.81,253,0.309,0
1770125350.4449291,EV_17,1.51,479,0.305,0
1770125350.448357,EV_17,1.39,409,0.426,0
1770125350.4518974,EV_17,2.24,551,1.32,0
1770125350.4555,EV_17,1.09,228,0.579,0
1770125350.459435,EV_17,2.76,586,0.909,0
1770125350.4629781,EV_17,2.49,310,1.009,0
1770125350.4663405,EV_17,2.38,559,1.283,0
1770125350.4700909,EV_17,1.63,363,1.432,0
1770125350.4738362,EV_17,1.8,305,1.461,0
1770125350.477689,EV_17,1.39,578,0.683,0
1770125350.4813185,EV_17,2.09,264,0.773,0
1770125350.48465,EV_17,2.17,545,0.302,0
1770125350.488433,EV_17,2.51,588,0.325,0
1770125350.4922302,EV_17,1.77,480,1.091,0
1770125350.495613,EV_17,1.35,570,1.232,0
1770125350.4990427,EV_17,2.55,581,0.653,0
1770125350.5024273,EV_17,2.21,260,0.707,0
1770125350.506031,EV_17,1.76,303,0.425,0
1770125350.5112088,EV_17,1.06,390,0.814,0
1770125350.5145698,EV_17,2.56,581,1.111,0
1770125350.5179663,EV_17,3.0,261,1.071,0
1770125350.521737,EV_17,2.6,555,1.08,0
1770125350.5250394,EV_17,1.32,254,1.431,0
1770125350.5284514,EV_17,2.19,586,0.631,0
1770125350.532264,EV_17,1.63,474,1.046,0
1770125350.5356183,EV_17,1.39,390,0.411,0
1770125350.5393023,EV_17,2.37,241,0.602,0
1770125350.5429213,EV_17,1.33,344,1.213,0
1770125350.546274,EV_17,1.38,371,0.638,0
1770125350.5496268,EV_17,2.73,309,0.333,0
1770125350.5533228,EV_17,2.31,462,1.354,0
1770125350.5567126,EV_17,2.71,478,1.269,0
1770125350.5601857,EV_17,1.17,301,1.247,0
1770125350.5636954,EV_17,2.55,592,1.104,0
1770125350.567258,EV_17,2.99,334,0.743,0
1770125350.5707686,EV_17,2.46,396,1.385,0
1770125350.574282,EV_17,1.33,555,1.214,0
1770125350.5776389,EV_17,1.86,541,0.96,0
1770125350.5809898,EV_17,1.56,467,1.46,0
1770125350.5845141,EV_17,1.11,562,1.464,0
1770125350.587967,EV_17,1.94,580,0.861,0
1770125350.5913439,EV_17,2.42,521,1.111,0
1770125350.5947113,EV_17,2.9,589,0.831,0
1770125350.5980847,EV_17,2.79,252,0.526,0
1770125350.6017406,EV_17,1.23,574,0.975,0
1770125350.6053336,EV_17,1.98,291,0.475,0
1770125350.608651,EV_17,1.48,383,0.805,0
1770125350.6120136,EV_17,2.74,552,1.28,0
1770125350.6156964,EV_17,1.57,203,0.977,0
1770125350.6190898,EV_17,2.02,267,0.43,0
1770125350.6224484,EV_17,1.96,461,1.106,0
1770125350.6261873,EV_17,2.89,446,0.953,0
1770125350.6295507,EV_17,2.02,589,0.356,0
1770125350.633205,EV_17,1.7,485,0.779,0
1770125350.6365666,EV_17,1.76,286,1.297,0
1770125350.639932,EV_17,2.46,492,0.323,0
1770125350.6432984,EV_17,2.96,504,1.285,0
1770125350.6473749,EV_17,1.85,307,0.816,0
1770125350.650815,EV_17,1.36,407,1.187,0
1770125350.654176,EV_17,2.82,403,0.3,0
1770125350.6575904,EV_17,2.09,581,1.215,0
1770125350.6609998,EV_17,1.9,401,0.32,0
1770125350.6644146,EV_17,2.36,433,1.366,0
1770125350.667875,EV_17,1.77,375,0.617,0
1770125350.6712804,EV_17,1.34,284,0.985,0
1770125350.674716,EV_17,1.69,411,0.695,0
1770125350.6790438,EV_17,2.02,309,1.4,0
1770125350.6822724,EV_17,1.92,209,0.383,0
1770125350.686382,EV_18,1.5,435,0.775,0
1770125350.6898189,EV_18,1.09,568,0.566,0
1770125350.6934352,EV_18,1.53,515,0.301,0
1770125350.6970394,EV_18,1.17,314,1.215,0
1770125350.7005594,EV_18,1.88,224,1.31,0
1770125350.7042224,EV_18,2.38,219,0.508,0
1770125350.7077155,EV_18,1.47,367,1.475,0
1770125350.7112124,EV_18,2.06,393,0.982,0
1770125350.7146645,EV_18,1.7,367,0.916,0
1770125350.7185855,EV_18,2.12,281,1.304,0
1770125350.7221045,EV_18,1.84,306,0.948,0
1770125350.725752,EV_18,1.21,354,1.137,0
1770125350.7293272,EV_18,1.23,204,1.364,0
1770125350.7331383,EV_18,1.55,361,0.796,0
1770125350.7369328,EV_18,1.41,442,1.311,0
1770125350.7404745,EV_18,1.63,384,0.736,0
1770125350.7439303,EV_18,1.64,370,0.425,0
1770125350.7473605,EV_18,2.37,356,0.568,0
1770125350.7506828,EV_18,1.43,368,1.348,0
1770125350.7541842,EV_18,2.3,548,0.886,0
1770125350.757912,EV_18,2.62,552,0.862,0
1770125350.7616448,EV_18,2.61,259,0.932,0
1770125350.7653859,EV_18,2.84,434,0.954,0
1770125350.7691236,EV_18,2.6,357,0.482,0
1770125350.772819,EV_18,2.85,233,0.559,0
1770125350.776284,EV_18,1.76,214,0.746,0
1770125350.7795885,EV_18,2.48,206,1.198,0
1770125350.7829401,EV_18,2.02,262,0.69,0
1770125350.7862635,EV_18,2.64,229,0.828,0
1770125350.789957,EV_18,2.32,502,0.474,0
1770125350.7935154,EV_18,1.32,202,0.716,0
1770125350.7971072,EV_18,2.67,419,1.129,0
1770125350.8004484,EV_18,2.02,255,1.084,0
1770125350.8035426,EV_18,2.9,213,0.578,0
1770125350.8067744,EV_18,2.06,265,1.26,0
1770125350.8099988,EV_18,1.91,385,1.481,0
1770125350.8132393,EV_18,2.28,514,1.221,0
1770125350.816593,EV_18,2.3,519,0.798,0
1770125350.8203046,EV_18,2.23,313,0.466,0
1770125350.8237,EV_18,2.0,519,0.667,0
1770125350.8271606,EV_18,1.95,548,1.355,0
1770125350.8305893,EV_18,2.59,423,1.48,0
1770125350.8345704,EV_18,2.11,491,0.667,0
1770125350.837967,EV_18,3.0,339,0.953,0
1770125350.8413696,EV_18,1.35,326,0.479,0
1770125350.8447285,EV_18,2.99,241,1.106,0
1770125350.8480804,EV_18,1.92,337,0.732,0
1770125350.8515754,EV_18,1.38,550,1.181,0
1770125350.855249,EV_18,2.31,236,0.613,0
1770125350.858699,EV_18,1.93,592,1.247,0
1770125350.862055,EV_18,2.1,527,0.461,0
1770125350.8659334,EV_18,2.56,280,0.564,0
1770125350.869537,EV_18,1.74,594,1.36,0
1770125350.8728964,EV_18,1.13,399,0.795,0
1770125350.876255,EV_18,1.92,383,0.994,0
1770125350.8796089,EV_18,2.27,537,1.495,0
1770125350.8831635,EV_18,1.94,432,0.722,0
1770125350.8869426,EV_18,2.09,436,0.706,0
1770125350.890312,EV_18,1.23,276,1.409,0
1770125350.8936703,EV_18,1.97,554,0.424,0
1770125350.8969476,EV_18,1.27,258,1.302,0
1770125350.9002964,EV_18,1.52,297,1.33,0
1770125350.9036472,EV_18,2.95,562,1.112,0
1770125350.907398,EV_18,2.99,454,0.782,0
1770125350.9107502,EV_18,2.87,226,1.252,0
1770125350.914157,EV_18,1.88,419,0.493,0
1770125350.917717,EV_18,1.14,568,0.487,0
1770125350.9213486,EV_18,2.27,433,1.125,0
1770125350.9247396,EV_18,1.17,224,0.725,0
1770125350.9286327,EV_18,1.78,442,1.114,0
1770125350.9319913,EV_18,1.77,581,0.918,0
1770125350.935433,EV_18,2.7,268,0.596,0
1770125350.9388285,EV_18,2.6,516,1.135,0
1770125350.9422455,EV_18,1.33,346,1.266,0
1770125350.9459813,EV_18,1.87,492,1.353,0
1770125350.9498277,EV_18,1.86,316,1.117,0
1770125350.9532113,EV_18,2.46,257,1.159,0
1770125350.9565728,EV_18,2.54,488,1.393,0
1770125350.9604003,EV_18,1.65,548,0.365,0
1770125350.9637735,EV_18,1.36,592,1.328,0
1770125350.9671316,EV_18,1.68,234,1.143,0
1770125350.9708736,EV_18,1.51,430,0.669,0
1770125350.9742236,EV_18,2.26,579,0.653,0
1770125350.9780068,EV_18,1.2,211,0.456,0
1770125350.9813728,EV_18,2.07,552,1.251,0
1770125350.9847271,EV_18,2.19,523,0.447,0
1770125350.988079,EV_18,2.58,321,1.167,0
1770125350.991351,EV_18,2.68,245,1.43,0
1770125350.9947333,EV_18,1.3,242,0.415,0
1770125350.998088,EV_18,2.49,600,0.752,0
1770125351.0014408,EV_18,1.54,245,1.474,0
1770125351.0047996,EV_18,2.74,247,1.242,0
1770125351.0082195,EV_18,2.13,314,0.949,0
1770125351.0115764,EV_18,1.8,438,0.801,0
1770125351.0149271,EV_18,1.21,251,0.952,0
1770125351.018278,EV_18,2.52,517,0.96,0
1770125351.0226073,EV_18,1.68,395,0.456,0
1770125351.0261385,EV_18,2.77,589,1.216,0
1770125351.029677,EV_18,1.12,215,0.49,0
1770125351.0330548,EV_18,2.61,291,1.426,0
1770125351.0370233,EV_18,2.92,593,1.333,0
1770125351.0408092,EV_18,2.6,204,0.745,0
1770125351.0441787,EV_18,1.6,598,1.372,0
1770125351.0475461,EV_18,1.07,585,1.365,0
1770125351.051431,EV_18,1.67,461,0.811,0
1770125351.0551565,EV_18,1.66,470,0.527,0
1770125351.0585222,EV_18,1.85,364,1.022,0
1770125351.062286,EV_18,1.89,433,0.346,0
1770125351.0656524,EV_18,2.92,295,0.796,0
1770125351.0692325,EV_18,1.42,282,1.219,0
1770125351.0729666,EV_18,2.5,225,0.592,0
1770125351.0763228,EV_18,2.65,264,0.549,0
1770125351.0796971,EV_18,1.38,434,1.182,0
1770125351.0831444,EV_18,1.04,551,1.3,0
1770125351.0868766,EV_18,1.57,262,0.815,0
1770125351.0902998,EV_18,2.38,485,1.446,0
1770125351.0940907,EV_18,2.04,347,1.235,0
1770125351.0979254,EV_18,2.69,367,1.081,0
1770125351.1017098,EV_18,1.18,431,0.357,0
1770125351.1052794,EV_18,2.97,347,0.317,0
1770125351.1086125,EV_18,2.52,240,0.383,0
1770125351.1123703,EV_18,2.62,492,1.494,0
1770125351.1159806,EV_18,2.2,431,1.062,0
1770125351.1193252,EV_18,1.53,273,1.465,0
1770125351.1231956,EV_18,1.01,261,0.729,0
1770125351.1265576,EV_18,2.35,280,0.716,0
1770125351.1300077,EV_18,1.41,533,0.689,0
1770125351.1337574,EV_18,2.55,582,0.411,0
1770125351.137114,EV_18,2.58,430,1.193,0
1770125351.1409004,EV_18,1.11,366,0.486,0
1770125351.1444013,EV_18,2.48,510,1.123,0
1770125351.1481931,EV_18,2.04,588,1.468,0
1770125351.1515453,EV_18,2.27,534,1.325,0
1770125351.1550376,EV_18,1.59,518,0.473,0
1770125351.1585124,EV_18,1.68,459,1.284,0
1770125351.162134,EV_18,1.94,312,1.327,0
1770125351.1655154,EV_18,1.47,273,0.655,0
1770125351.168875,EV_18,1.29,340,0.616,0
1770125351.1723313,EV_18,2.9,284,0.892,0
1770125351.1757264,EV_18,2.48,507,0.571,0
1770125351.1795251,EV_18,2.41,264,0.878,0
1770125351.1828892,EV_18,1.54,355,1.015,0
1770125351.1863625,EV_18,2.56,377,0.737,0
1770125351.1898375,EV_18,1.51,475,0.735,0
1770125351.1937242,EV_18,2.65,579,0.782,0
1770125351.1973298,EV_18,2.91,459,0.987,0
1770125351.2006981,EV_18,2.61,272,0.406,0
1770125351.2040725,EV_18,1.64,538,1.017,0
1770125351.207506,EV_18,2.81,584,0.838,0
1770125351.2121546,EV_18,1.06,266,1.397,0
1770125351.2155504,EV_18,2.81,583,0.436,0
1770125351.2193203,EV_18,2.1,499,1.102,0
1770125351.2228649,EV_18,1.15,599,0.928,0
1770125351.2263799,EV_18,1.04,414,0.946,0
1770125351.229709,EV_18,2.13,218,1.317,0
1770125351.2330446,EV_18,1.65,338,0.314,0
1770125351.2364416,EV_18,1.55,546,1.074,0
1770125351.2399058,EV_18,2.69,301,0.309,0
1770125351.2434494,EV_18,2.62,320,1.072,0
1770125351.2474434,EV_18,2.2,509,1.373,0
1770125351.251162,EV_18,2.73,569,0.499,0
1770125351.2549443,EV_18,2.51,577,1.22,0
1770125351.2585974,EV_18,2.59,517,0.866,0
1770125351.2619257,EV_18,2.7,295,1.41,0
1770125351.2652614,EV_18,1.51,483,1.049,0
1770125351.2685933,EV_18,2.49,559,0.673,0
1770125351.272466,EV_18,2.85,209,0.618,0
1770125351.275986,EV_18,1.48,202,1.229,0
1770125351.279608,EV_18,1.85,550,1.167,0
1770125351.2831018,EV_18,1.14,495,0.526,0
1770125351.2865982,EV_18,1.84,569,0.849,0
1770125351.2900283,EV_18,1.77,449,1.486,0
1770125351.2937567,EV_18,2.47,512,1.175,0
1770125351.297205,EV_18,2.66,404,1.314,0
1770125351.3007317,EV_18,2.35,408,0.69,0
1770125351.3044102,EV_18,2.76,564,0.987,0
1770125351.3083253,EV_18,1.98,427,0.362,0
1770125351.312125,EV_18,2.97,478,0.41,0
1770125351.3157156,EV_18,1.45,444,1.472,0
1770125351.3195791,EV_18,2.16,505,1.457,0
1770125351.3234031,EV_18,1.37,474,0.441,0
1770125351.326845,EV_18,1.39,353,1.348,0
1770125351.3301868,EV_18,2.87,442,1.195,0
1770125351.3339016,EV_18,2.96,288,1.481,0
1770125351.33736,EV_18,2.1,384,0.705,0
1770125351.3407173,EV_18,2.57,589,1.376,0
1770125351.3440742,EV_18,1.22,493,0.902,0
1770125351.3478062,EV_18,1.38,449,1.159,0
1770125351.3515084,EV_18,2.99,236,1.021,0
1770125351.3550584,EV_18,1.77,376,0.852,0
1770125351.3587234,EV_18,2.15,304,0.38,0
1770125351.3623996,EV_18,1.28,410,1.291,0
1770125351.3662038,EV_18,1.71,247,0.61,0
1770125351.3696744,EV_18,2.19,380,0.704,0
1770125351.373336,EV_18,2.91,399,0.887,0
1770125351.3771875,EV_18,2.77,524,0.363,0
1770125351.380522,EV_18,2.09,405,0.567,0
1770125351.3838623,EV_18,1.81,515,1.42,0
1770125351.387218,EV_18,2.05,569,1.336,0
1770125351.3905969,EV_18,1.49,377,0.323,0
1770125351.394308,EV_19,2.09,316,0.965,0
1770125351.3976507,EV_19,1.79,214,1.382,0
1770125351.4008636,EV_19,2.59,476,0.38,0
1770125351.4042797,EV_19,1.66,592,0.585,0
1770125351.4079006,EV_19,2.26,381,0.643,0
1770125351.411492,EV_19,2.49,372,0.797,0
1770125351.414846,EV_19,2.47,281,0.354,0
1770125351.4181964,EV_19,1.12,531,0.646,0
1770125351.422376,EV_19,1.84,493,0.628,0
1770125351.4255488,EV_19,1.97,460,1.105,0
1770125351.4294622,EV_19,2.41,320,0.999,0
1770125351.433222,EV_19,1.89,277,1.438,0
1770125351.436546,EV_19,2.77,429,1.276,0
1770125351.439989,EV_19,2.29,361,0.963,0
1770125351.4433112,EV_19,2.18,251,0.721,0
1770125351.4466383,EV_19,2.1,313,0.531,0
1770125351.4500859,EV_19,2.25,400,0.907,0
1770125351.453577,EV_19,2.63,592,0.869,0
1770125351.4571297,EV_19,1.83,498,0.434,0
1770125351.4610465,EV_19,2.58,580,1.244,0
1770125351.4643931,EV_19,2.48,575,0.304,0
1770125351.4677248,EV_19,1.04,377,1.142,0
1770125351.4710782,EV_19,2.46,220,0.389,0
1770125351.4748938,EV_19,1.5,285,0.407,0
1770125351.4782758,EV_19,1.68,269,0.536,0
1770125351.481683,EV_19,1.8,326,0.948,0
1770125351.4850724,EV_19,1.46,321,0.425,0
1770125351.4885223,EV_19,1.84,543,0.54,0
1770125351.492247,EV_19,2.96,331,1.217,0
1770125351.4956512,EV_19,1.13,433,1.199,0
1770125351.4990215,EV_19,2.53,511,0.394,0
1770125351.5023916,EV_19,2.64,558,0.304,0
1770125351.5061615,EV_19,2.93,396,1.271,0
1770125351.51501,EV_19,2.21,569,0.784,0
1770125351.5182252,EV_19,2.76,426,0.565,0
1770125351.5217307,EV_19,1.07,561,0.592,0
1770125351.5254776,EV_19,1.25,431,0.895,0
1770125351.5286825,EV_19,1.81,340,1.137,0
1770125351.5319064,EV_19,1.92,405,1.142,0
1770125351.5351205,EV_19,2.75,536,0.885,0
1770125351.538346,EV_19,2.35,508,0.404,0
1770125351.5417466,EV_19,1.78,469,1.479,0
1770125351.545102,EV_19,2.61,362,0.977,0
1770125351.5488677,EV_19,2.68,209,1.151,0
1770125351.5525155,EV_19,1.92,211,0.504,0
1770125351.556083,EV_19,2.87,374,0.973,0
1770125351.5594933,EV_19,2.07,353,1.449,0
1770125351.5628934,EV_19,2.09,214,1.466,0
1770125351.5662446,EV_19,2.72,505,1.191,0
1770125351.5696058,EV_19,2.33,567,1.397,0
1770125351.5733635,EV_19,1.76,357,1.485,0
1770125351.577215,EV_19,2.06,304,0.544,0
1770125351.5805473,EV_19,1.03,446,0.656,0
1770125351.5838766,EV_19,2.36,574,0.987,0
1770125351.5874658,EV_19,1.04,291,0.483,0
1770125351.5908024,EV_19,1.07,576,0.431,0
1770125351.5941544,EV_19,1.38,258,0.325,0
1770125351.5975063,EV_19,2.72,291,0.747,0
1770125351.600929,EV_19,2.59,261,0.687,0
1770125351.6046145,EV_19,2.25,326,0.966,0
1770125351.60808,EV_19,1.65,587,0.663,0
1770125351.611444,EV_19,2.3,593,0.666,0
1770125351.6148038,EV_19,1.81,356,0.724,0
1770125351.6184418,EV_19,2.3,238,0.949,0
1770125351.6223962,EV_19,2.44,485,0.445,0
1770125351.6258094,EV_19,2.98,272,1.34,0
1770125351.629173,EV_19,1.69,328,0.819,0
1770125351.6325305,EV_19,1.71,258,1.163,0
1770125351.6360424,EV_19,2.75,538,0.364,0
1770125351.6410282,EV_19,2.86,282,1.45,0
1770125351.6443624,EV_19,2.3,577,0.396,0
1770125351.648147,EV_19,1.95,443,0.454,0
1770125351.6520379,EV_19,2.32,597,0.927,0
1770125351.655632,EV_19,1.03,258,0.683,0
1770125351.6593657,EV_19,2.55,208,0.729,0
1770125351.6631641,EV_19,1.27,421,0.74,0
1770125351.6665182,EV_19,1.54,509,0.897,0
1770125351.6699898,EV_19,2.13,415,1.455,0
1770125351.6738153,EV_19,2.65,467,0.395,0
1770125351.677561,EV_19,1.62,562,0.304,0
1770125351.6813653,EV_19,1.54,561,1.02,0
1770125351.6847403,EV_19,1.64,400,0.388,0
1770125351.6880813,EV_19,1.29,291,0.689,0
1770125351.6914299,EV_19,2.21,482,1.162,0
1770125351.6947722,EV_19,2.97,253,1.278,0
1770125351.6985266,EV_19,2.58,356,1.306,0
1770125351.7018723,EV_19,1.62,578,1.003,0
1770125351.7051885,EV_19,2.2,246,1.442,0
1770125351.7086878,EV_19,1.08,428,0.633,0
1770125351.712258,EV_19,2.96,495,0.469,0
1770125351.7157605,EV_19,2.99,445,1.431,0
1770125351.7191594,EV_19,2.6,403,0.94,0
1770125351.7225318,EV_19,2.83,234,0.643,0
1770125351.726386,EV_19,1.83,339,0.374,0
1770125351.7299614,EV_19,1.48,262,0.616,0
1770125351.7334712,EV_19,1.89,525,0.388,0
1770125351.7370126,EV_19,2.19,490,0.95,0
1770125351.7405505,EV_19,1.63,548,0.529,0
1770125351.7448764,EV_19,2.68,580,1.246,0
1770125351.7481024,EV_19,1.74,365,1.364,0
1770125351.7512875,EV_19,2.65,527,0.595,0
1770125351.7545364,EV_19,2.74,214,0.938,0
1770125351.7578013,EV_19,2.3,469,0.916,0
1770125351.7612278,EV_19,2.78,203,1.324,0
1770125351.765191,EV_19,1.04,345,1.301,0
1770125351.7691426,EV_19,1.47,574,0.304,0
1770125351.7728856,EV_19,1.73,240,0.591,0
1770125351.7766516,EV_19,2.45,519,0.765,0
1770125351.7804358,EV_19,1.7,239,1.336,0
1770125351.7839115,EV_19,2.56,546,1.271,0
1770125351.7874432,EV_19,2.86,275,0.312,0
1770125351.79093,EV_19,2.57,339,0.394,0
1770125351.7945051,EV_19,2.99,403,0.386,0
1770125351.798031,EV_19,2.22,594,1.231,0
1770125351.8014991,EV_19,2.7,439,1.203,0
1770125351.8052826,EV_19,2.39,588,0.694,0
1770125351.809137,EV_19,2.15,519,0.914,0
1770125351.8129544,EV_19,1.5,358,1.394,0
1770125351.8167214,EV_19,1.25,414,0.929,0
1770125351.8202987,EV_19,1.51,428,0.918,0
1770125351.82379,EV_19,2.39,246,0.805,0
1770125351.8274732,EV_19,1.38,302,1.23,0
1770125351.8311284,EV_19,1.75,317,1.267,0
1770125351.8346584,EV_19,2.93,256,1.154,0
1770125351.8380275,EV_19,2.98,224,1.16,0
1770125351.8417907,EV_19,1.22,332,0.928,0
1770125351.8455849,EV_19,2.53,585,1.399,0
1770125351.8493733,EV_19,2.91,431,0.601,0
1770125351.852967,EV_19,1.2,348,0.88,0
1770125351.8563602,EV_19,2.67,219,0.72,0
1770125351.859661,EV_19,1.04,413,1.339,0
1770125351.8634124,EV_19,2.87,494,0.325,0
1770125351.8669853,EV_19,1.59,531,1.271,0
1770125351.8703542,EV_19,1.53,464,0.411,0
1770125351.8737543,EV_19,1.45,357,1.027,0
1770125351.8774543,EV_19,2.03,598,1.425,0
1770125351.8808067,EV_19,1.29,587,1.104,0
1770125351.884355,EV_19,2.81,485,0.758,0
1770125351.8877254,EV_19,1.02,403,1.1,0
1770125351.8910756,EV_19,1.01,592,0.43,0
1770125351.8944387,EV_19,2.44,567,0.522,0
1770125351.8982613,EV_19,2.74,273,1.155,0
1770125351.9016078,EV_19,1.88,443,0.475,0
1770125351.904969,EV_19,2.36,326,0.997,0
1770125351.908415,EV_19,2.34,268,0.958,0
1770125351.9117653,EV_19,2.42,416,1.388,0
1770125351.915301,EV_19,1.33,478,1.271,0
1770125351.9190466,EV_19,1.67,205,0.486,0
1770125351.9224105,EV_19,1.79,412,1.127,0
1770125351.925813,EV_19,2.77,379,1.455,0
1770125351.9296684,EV_19,2.13,585,0.932,0
1770125351.9330435,EV_19,2.5,438,1.242,0
1770125351.936424,EV_19,1.55,290,0.642,0
1770125351.939854,EV_19,2.91,510,1.32,0
1770125351.9431818,EV_19,1.74,530,1.417,0
1770125351.9469142,EV_19,2.69,353,0.333,0
1770125351.9502668,EV_19,2.21,280,1.0,0
1770125351.9536195,EV_19,2.73,237,1.284,0
1770125351.9569783,EV_19,2.9,282,1.281,0
1770125351.9603302,EV_19,2.72,255,0.743,0
1770125351.9640322,EV_19,1.18,525,1.48,0
1770125351.9678535,EV_19,2.59,566,1.23,0
1770125351.9711924,EV_19,2.45,569,0.759,0
1770125351.9745355,EV_19,2.95,359,1.16,0
1770125351.978186,EV_19,1.55,480,1.032,0
1770125351.9815326,EV_19,1.46,588,0.706,0
1770125351.9848797,EV_19,1.94,424,1.166,0
1770125351.988258,EV_19,1.81,244,0.932,0
1770125351.99163,EV_19,1.19,563,1.347,0
1770125351.995002,EV_19,2.67,530,0.824,0
1770125351.9984922,EV_19,1.92,229,1.439,0
1770125352.0018642,EV_19,2.57,409,1.09,0
1770125352.005233,EV_19,2.67,388,1.476,0
1770125352.0089843,EV_19,1.21,399,0.517,0
1770125352.0122721,EV_19,1.81,580,0.404,0
1770125352.0156178,EV_19,1.53,598,0.336,0
1770125352.0189593,EV_19,1.05,201,0.37,0
1770125352.0222964,EV_19,2.44,292,1.384,0
1770125352.0259485,EV_19,2.82,343,0.778,0
1770125352.0296876,EV_19,1.25,528,1.294,0
1770125352.0334923,EV_19,2.9,205,1.237,0
1770125352.0374725,EV_19,2.75,335,0.745,0
1770125352.0411725,EV_19,2.07,482,0.85,0
1770125352.0449717,EV_19,1.18,493,0.783,0
1770125352.0487003,EV_19,1.86,419,1.396,0
1770125352.0522985,EV_19,2.02,599,0.641,0
1770125352.0558338,EV_19,2.78,573,0.742,0
1770125352.0594187,EV_19,1.78,517,1.318,0
1770125352.0629072,EV_19,2.19,299,1.209,0
1770125352.066462,EV_19,1.53,333,1.418,0
1770125352.0704038,EV_19,1.34,392,0.951,0
1770125352.0739574,EV_19,1.06,415,1.178,0
1770125352.0779567,EV_19,1.63,237,0.901,0
1770125352.0816877,EV_19,2.38,316,1.178,0
1770125352.0854986,EV_19,2.71,328,1.243,0
1770125352.0890894,EV_19,2.07,351,1.124,0
1770125352.0928652,EV_19,1.68,271,1.22,0
1770125352.0961998,EV_19,1.6,384,0.675,0
1770125352.0995338,EV_19,2.7,418,1.031,0
1770125352.1033318,EV_19,2.24,249,1.154,0
1770125352.10713,EV_20,2.52,269,1.159,0
1770125352.1105015,EV_20,1.19,433,0.913,0
1770125352.114152,EV_20,2.26,404,1.205,0
1770125352.1204054,EV_20,1.14,584,1.208,0
1770125352.1237562,EV_20,2.54,586,1.141,0
1770125352.1281254,EV_20,1.36,598,0.844,0
1770125352.1314816,EV_20,1.98,548,1.259,0
1770125352.1352632,EV_20,1.96,511,0.306,0
1770125352.1385543,EV_20,2.09,527,1.096,0
1770125352.141969,EV_20,1.27,378,0.986,0
1770125352.1453557,EV_20,2.67,218,0.883,0
1770125352.1490026,EV_20,1.55,346,0.816,0
1770125352.1523,EV_20,1.25,335,1.1,0
1770125352.1559098,EV_20,1.93,528,1.313,0
1770125352.159242,EV_20,1.55,371,1.015,0
1770125352.1625972,EV_20,1.91,439,0.453,0
1770125352.1661649,EV_20,2.52,522,1.3,0
1770125352.1695342,EV_20,2.7,455,0.599,0
1770125352.1728466,EV_20,1.1,599,0.98,0
1770125352.1762342,EV_20,2.02,369,1.267,0
1770125352.179878,EV_20,2.6,513,1.076,0
1770125352.1834934,EV_20,2.86,472,1.449,0
1770125352.1870046,EV_20,2.1,273,0.772,0
1770125352.1910021,EV_20,1.06,333,1.078,0
1770125352.1947024,EV_20,1.38,337,1.395,0
1770125352.198502,EV_20,1.22,495,1.277,0
1770125352.20228,EV_20,1.88,567,0.961,0
1770125352.2057924,EV_20,2.23,441,0.328,0
1770125352.209356,EV_20,2.94,290,1.21,0
1770125352.2128644,EV_20,1.79,587,0.675,0
1770125352.2165232,EV_20,1.61,476,1.06,0
1770125352.220177,EV_20,2.66,568,1.164,0
1770125352.2238524,EV_20,2.3,374,1.462,0
1770125352.2275422,EV_20,2.29,423,0.887,0
1770125352.2314367,EV_20,2.19,471,0.59,0
1770125352.23487,EV_20,2.16,408,0.513,0
1770125352.2384036,EV_20,1.64,383,0.889,0
1770125352.2419002,EV_20,2.51,526,0.304,0
1770125352.2452362,EV_20,1.09,256,0.547,0
1770125352.2485728,EV_20,2.76,276,1.127,0
1770125352.25193,EV_20,2.89,422,0.731,0
1770125352.2552845,EV_20,1.74,206,0.862,0
1770125352.2585826,EV_20,2.36,351,0.361,0
1770125352.262128,EV_20,2.77,324,0.55,0
1770125352.2656841,EV_20,1.01,291,0.385,0
1770125352.269242,EV_20,1.38,594,1.238,0
1770125352.275937,EV_20,2.85,407,0.53,0
1770125352.2789934,EV_20,2.41,284,1.044,0
1770125352.2823079,EV_20,2.03,380,1.409,0
1770125352.285519,EV_20,1.61,225,0.524,0
1770125352.2888033,EV_20,1.37,284,0.896,0
1770125352.292066,EV_20,1.61,284,0.865,0
1770125352.2953148,EV_20,2.32,560,0.855,0
1770125352.298633,EV_20,1.39,284,1.154,0
1770125352.3019118,EV_20,1.5,206,0.804,0
1770125352.3053477,EV_20,2.75,244,0.454,0
1770125352.308647,EV_20,2.78,468,0.36,0
1770125352.3119805,EV_20,2.46,282,0.356,0
1770125352.3153448,EV_20,2.68,283,0.346,0
1770125352.3187208,EV_20,1.7,549,0.441,0
1770125352.3223689,EV_20,1.75,277,0.62,0
1770125352.3261576,EV_20,2.75,407,0.607,0
1770125352.329725,EV_20,1.87,377,0.73,0
1770125352.3330991,EV_20,2.18,531,0.914,0
1770125352.3367174,EV_20,1.08,272,0.446,0
1770125352.3400805,EV_20,1.42,360,0.744,0
1770125352.3434186,EV_20,2.4,395,0.346,0
1770125352.3472152,EV_20,2.08,349,0.957,0
1770125352.3505511,EV_20,1.36,500,0.515,0
1770125352.3543022,EV_20,1.42,487,0.845,0
1770125352.3577495,EV_20,1.09,457,0.317,0
1770125352.3611336,EV_20,2.03,330,1.246,0
1770125352.3645334,EV_20,2.95,521,0.316,0
1770125352.3678646,EV_20,1.76,598,0.514,0
1770125352.3712518,EV_20,1.36,251,1.426,0
1770125352.3746138,EV_20,1.35,560,1.304,0
1770125352.377987,EV_20,1.61,346,0.917,0
1770125352.381353,EV_20,1.11,538,0.362,0
1770125352.3850791,EV_20,1.45,412,1.461,0
1770125352.38855,EV_20,2.67,419,1.43,0
1770125352.3919103,EV_20,2.31,464,0.574,0
1770125352.3952746,EV_20,1.05,429,1.178,0
1770125352.3987858,EV_20,1.75,391,0.435,0
1770125352.4020777,EV_20,2.51,409,1.339,0
1770125352.4053745,EV_20,2.03,293,0.841,0
1770125352.4087179,EV_20,2.29,469,1.192,0
1770125352.412061,EV_20,1.42,577,0.324,0
1770125352.4157043,EV_20,2.01,291,0.705,0
1770125352.4193068,EV_20,2.94,525,1.326,0
1770125352.4226685,EV_20,2.81,482,0.93,0
1770125352.426034,EV_20,2.71,537,0.625,0
1770125352.4301555,EV_20,2.65,361,0.875,0
1770125352.433485,EV_20,2.68,406,0.445,0
1770125352.4368021,EV_20,2.6,238,1.279,0
1770125352.440146,EV_20,1.25,556,0.878,0
1770125352.4434912,EV_20,1.0,569,1.393,0
1770125352.44695,EV_20,1.49,214,1.429,0
1770125352.4503157,EV_20,1.01,385,0.738,0
1770125352.4536865,EV_20,2.16,261,1.327,0
1770125352.4570537,EV_20,1.1,314,1.46,0
1770125352.46043,EV_20,1.01,402,1.093,0
1770125352.4638033,EV_20,1.17,521,1.431,0
1770125352.4671729,EV_20,2.86,228,1.264,0
1770125352.4705446,EV_20,2.57,502,1.381,0
1770125352.4739485,EV_20,1.4,334,1.391,0
1770125352.4776495,EV_20,2.72,250,1.196,0
1770125352.4810274,EV_20,2.54,281,1.243,0
1770125352.484888,EV_20,1.93,325,1.023,0
1770125352.4883215,EV_20,2.93,500,0.9,0
1770125352.4916956,EV_20,2.28,403,1.311,0
1770125352.495084,EV_20,1.58,580,1.263,0
1770125352.4984133,EV_20,2.08,255,1.218,0
1770125352.5018222,EV_20,2.04,430,0.466,0
1770125352.5055733,EV_20,2.03,596,0.726,0
1770125352.5091834,EV_20,2.33,206,1.339,0
1770125352.5125961,EV_20,2.7,277,0.867,0
1770125352.516124,EV_20,1.91,539,1.156,0
1770125352.5192785,EV_20,1.55,338,0.673,0
1770125352.5225644,EV_20,1.89,353,1.297,0
1770125352.5258763,EV_20,1.04,408,1.213,0
1770125352.5292282,EV_20,2.52,463,1.101,0
1770125352.5325754,EV_20,2.51,423,1.058,0
1770125352.5364716,EV_20,2.55,261,0.875,0
1770125352.5403771,EV_20,1.69,261,0.314,0
1770125352.5437403,EV_20,1.42,537,0.418,0
1770125352.5470986,EV_20,1.28,212,0.514,0
1770125352.5510705,EV_20,1.25,248,1.124,0
1770125352.5544617,EV_20,1.49,308,0.756,0
1770125352.5578291,EV_20,2.31,477,0.656,0
1770125352.5616093,EV_20,1.18,361,0.985,0
1770125352.5649736,EV_20,1.2,424,1.116,0
1770125352.5684435,EV_20,2.43,319,1.385,0
1770125352.5721424,EV_20,2.03,340,1.011,0
1770125352.5756178,EV_20,1.54,259,0.452,0
1770125352.5789385,EV_20,1.06,236,1.096,0
1770125352.5824165,EV_20,1.66,574,1.079,0
1770125352.5860548,EV_20,1.32,461,0.848,0
1770125352.589813,EV_20,2.71,371,1.311,0
1770125352.5931828,EV_20,1.24,226,0.754,0
1770125352.5965436,EV_20,1.62,261,0.806,0
1770125352.6000082,EV_20,2.77,423,0.388,0
1770125352.603608,EV_20,1.92,436,1.231,0
1770125352.6069689,EV_20,2.01,279,0.428,0
1770125352.6103396,EV_20,1.21,210,0.616,0
1770125352.614075,EV_20,1.51,472,1.378,0
1770125352.617439,EV_20,2.9,336,1.058,0
1770125352.6210315,EV_20,1.45,566,1.364,0
1770125352.6245706,EV_20,1.12,256,0.586,0
1770125352.6283412,EV_20,1.81,342,0.539,0
1770125352.6316197,EV_20,1.26,404,1.275,0
1770125352.6351807,EV_20,2.85,286,0.362,0
1770125352.6389136,EV_20,1.28,375,0.716,0
1770125352.6422486,EV_20,2.24,221,0.914,0
1770125352.645597,EV_20,2.94,495,0.465,0
1770125352.649329,EV_20,2.3,543,0.746,0
1770125352.6527283,EV_20,1.15,243,0.903,0
1770125352.6560895,EV_20,2.01,566,0.596,0
1770125352.6595802,EV_20,1.68,336,1.417,0
1770125352.6629398,EV_20,1.82,487,0.833,0
1770125352.6666658,EV_20,2.13,543,1.335,0
1770125352.6700356,EV_20,1.0,406,1.416,0
1770125352.6733992,EV_20,2.88,436,0.525,0
1770125352.6767766,EV_20,1.66,467,1.483,0
1770125352.6804273,EV_20,1.94,263,0.898,0
1770125352.6837912,EV_20,2.35,471,0.682,0
1770125352.6872292,EV_20,2.02,593,0.972,0
1770125352.6907485,EV_20,2.2,421,0.411,0
1770125352.694119,EV_20,2.33,507,1.421,0
1770125352.6975265,EV_20,2.38,401,0.385,0
1770125352.7009575,EV_20,2.79,600,1.03,0
1770125352.7043657,EV_20,2.28,568,0.675,0
1770125352.7077782,EV_20,2.88,495,0.814,0
1770125352.7113905,EV_20,2.79,568,1.402,0
1770125352.7148197,EV_20,2.01,506,0.581,0
1770125352.718312,EV_20,2.07,203,0.733,0
1770125352.7217298,EV_20,1.26,493,1.332,0
1770125352.7251,EV_20,2.34,254,0.814,0
1770125352.728715,EV_20,2.71,225,0.857,0
1770125352.732071,EV_20,2.72,520,0.333,0
1770125352.7354326,EV_20,1.01,416,0.353,0
1770125352.7393882,EV_20,1.64,458,0.356,0
1770125352.7429814,EV_20,1.28,324,1.266,0
1770125352.746351,EV_20,1.97,475,1.287,0
1770125352.7497149,EV_20,2.97,291,1.285,0
1770125352.7530816,EV_20,2.64,556,1.381,0
1770125352.7564454,EV_20,2.37,533,0.453,0
1770125352.7601762,EV_20,2.93,523,1.379,0
1770125352.763537,EV_20,1.63,533,1.297,0
1770125352.7669034,EV_20,1.12,495,0.959,0
1770125352.7702725,EV_20,2.8,571,0.579,0
1770125352.77364,EV_20,2.78,302,1.083,0
1770125352.7771347,EV_20,1.5,355,0.532,0
1770125352.7805104,EV_20,2.22,473,1.437,0
1770125352.7838774,EV_20,1.09,324,1.141,0
1770125352.7872548,EV_20,1.34,389,1.257,0
1770125352.7913644,EV_20,1.66,221,1.054,0
1770125352.7946148,EV_20,1.46,388,1.131,0
1770125352.798162,EV_20,2.21,331,1.499,0
1770125352.8017206,EV_20,2.82,383,0.895,0
1770125352.8052573,EV_20,2.76,509,1.08,0
