timestamp,src_id,request_rate,packet_size,time_gap,label
1770125790.2139375,BOT_1,56.35,1165,0.0409,2
1770125790.2139375,BOT_1,68.83,1050,0.0817,2
1770125790.2139375,BOT_1,78.98,1074,0.0522,2
1770125790.2139375,BOT_1,39.23,837,0.0699,2
1770125790.2139375,BOT_1,79.31,728,0.0778,2
1770125790.2139375,BOT_1,95.73,861,0.0621,2
1770125790.2139375,BOT_1,62.05,722,0.0056,2
1770125790.2139375,BOT_1,92.1,1353,0.0381,2
1770125790.2139375,BOT_1,69.68,966,0.053,2
1770125790.2139375,BOT_1,90.03,694,0.011,2
1770125790.2139375,BOT_1,72.09,1213,0.0544,2
1770125790.2139375,BOT_1,60.64,1302,0.0072,2
1770125790.2139375,BOT_1,42.69,725,0.0853,2
1770125790.2139375,BOT_1,39.46,1082,0.021,2
1770125790.2139375,BOT_1,57.59,632,0.0592,2
1770125790.2139375,BOT_1,59.96,850,0.0129,2
1770125790.2139375,BOT_1,59.05,937,0.0209,2
1770125790.2139375,BOT_1,86.94,661,0.0839,2
1770125790.2139375,BOT_1,47.63,1241,0.023,2
1770125790.2139375,BOT_1,65.16,831,0.0497,2
1770125790.2139375,BOT_1,78.02,912,0.0566,2
1770125790.2139375,BOT_1,53.57,1031,0.0531,2
1770125790.2139375,BOT_1,41.39,1127,0.0941,2
1770125790.2139375,BOT_1,87.13,757,0.0952,2
1770125790.2139375,BOT_1,76.22,980,0.0117,2
1770125790.2139375,BOT_1,82.47,1052,0.0143,2
1770125790.2139375,BOT_1,33.63,1115,0.0733,2
1770125790.2139375,BOT_1,36.19,1140,0.0899,2
1770125790.2139375,BOT_1,78.46,1032,0.03,2
1770125790.2139375,BOT_1,62.6,758,0.0373,2
1770125790.2139375,BOT_1,63.03,603,0.0076,2
1770125790.2139375,BOT_1,46.75,1328,0.0991,2
1770125790.2139375,BOT_1,94.36,909,0.0377,2
1770125790.2139375,BOT_1,64.86,625,0.0998,2
1770125790.2139375,BOT_1,94.23,1148,0.0478,2
1770125790.2139375,BOT_1,59.74,986,0.0872,2
1770125790.2139375,BOT_1,94.54,1134,0.045,2
1770125790.2139375,BOT_1,56.77,979,0.0781,2
1770125790.2139375,BOT_1,35.94,835,0.0792,2
1770125790.2139375,BOT_1,50.49,1366,0.0203,2
1770125790.2139375,BOT_1,66.14,877,0.0482,2
1770125790.2139375,BOT_1,58.86,1224,0.0395,2
1770125790.2139375,BOT_1,40.85,739,0.0921,2
1770125790.2139375,BOT_1,55.71,767,0.065,2
1770125790.2139375,BOT_1,67.21,818,0.0195,2
1770125790.2139375,BOT_1,62.09,1394,0.0856,2
1770125790.2139375,BOT_1,32.85,1181,0.0477,2
1770125790.2139375,BOT_1,95.39,951,0.0658,2
1770125790.2139375,BOT_1,98.41,1355,0.0121,2
1770125790.2139375,BOT_1,71.89,668,0.0244,2
1770125790.2139375,BOT_1,38.47,616,0.0103,2
1770125790.2139375,BOT_1,88.27,837,0.056,2
1770125790.2139375,BOT_1,77.24,1163,0.0226,2
1770125790.2139375,BOT_1,37.18,1036,0.0193,2
1770125790.2139375,BOT_1,30.1,905,0.0309,2
1770125790.2139375,BOT_1,31.57,713,0.0736,2
1770125790.2149234,BOT_1,71.28,600,0.0974,2
1770125790.2149234,BOT_1,85.61,1154,0.0597,2
1770125790.2149234,BOT_1,37.09,697,0.0452,2
1770125790.2149234,BOT_1,86.76,1339,0.0547,2
1770125790.2149234,BOT_1,81.07,764,0.0775,2
1770125790.2149234,BOT_1,61.65,1143,0.0761,2
1770125790.2149234,BOT_1,83.53,872,0.0333,2
1770125790.2149234,BOT_1,67.75,1094,0.0374,2
1770125790.2149234,BOT_1,91.13,1004,0.0302,2
1770125790.2149234,BOT_1,60.95,867,0.0943,2
1770125790.2149234,BOT_1,38.65,999,0.0289,2
1770125790.2149234,BOT_1,72.03,1087,0.0481,2
1770125790.2149234,BOT_1,54.65,825,0.0298,2
1770125790.2149234,BOT_1,67.74,805,0.0203,2
1770125790.2149234,BOT_1,67.82,940,0.0069,2
1770125790.2149234,BOT_1,38.09,1139,0.076,2
1770125790.2149234,BOT_1,94.23,1231,0.0259,2
1770125790.2149234,BOT_1,58.54,701,0.0169,2
1770125790.2149234,BOT_1,82.33,851,0.0618,2
1770125790.2149234,BOT_1,66.23,819,0.0808,2
1770125790.2149234,BOT_1,80.97,1267,0.0157,2
1770125790.2149234,BOT_1,43.68,852,0.0108,2
1770125790.2149234,BOT_1,68.39,773,0.026,2
1770125790.2149234,BOT_1,94.26,1300,0.087,2
1770125790.2149234,BOT_1,89.19,874,0.0193,2
1770125790.2149234,BOT_1,41.82,1126,0.0739,2
1770125790.2149234,BOT_1,38.45,1161,0.0923,2
1770125790.2149234,BOT_1,94.06,677,0.0637,2
1770125790.2149234,BOT_1,74.47,753,0.0508,2
1770125790.2149234,BOT_1,35.88,699,0.0949,2
1770125790.2149234,BOT_1,86.67,800,0.0688,2
1770125790.2149234,BOT_1,53.38,1122,0.0447,2
1770125790.2149234,BOT_1,31.76,1053,0.0865,2
1770125790.2149234,BOT_1,96.41,1171,0.0146,2
1770125790.2149234,BOT_1,35.38,951,0.0211,2
1770125790.2149234,BOT_1,85.75,857,0.0873,2
1770125790.2149234,BOT_1,58.92,834,0.0313,2
1770125790.2149234,BOT_1,87.94,917,0.0145,2
1770125790.2149234,BOT_1,54.27,1023,0.0749,2
1770125790.2149234,BOT_1,56.86,1025,0.0953,2
1770125790.2149234,BOT_1,79.92,943,0.0492,2
1770125790.2149234,BOT_1,52.32,1182,0.025,2
1770125790.2149234,BOT_1,68.61,1177,0.0527,2
1770125790.2149234,BOT_1,34.84,670,0.0367,2
1770125790.2149234,BOT_1,90.68,833,0.0538,2
1770125790.2149234,BOT_1,33.96,731,0.0635,2
1770125790.2149234,BOT_1,94.54,772,0.0566,2
1770125790.2149234,BOT_1,67.2,623,0.0792,2
1770125790.2149234,BOT_1,85.25,643,0.0505,2
1770125790.2149234,BOT_1,38.26,1255,0.0293,2
1770125790.2149234,BOT_1,86.09,1188,0.0956,2
1770125790.2149234,BOT_1,91.29,1115,0.0846,2
1770125790.2149234,BOT_1,64.26,716,0.0056,2
1770125790.2149234,BOT_1,97.17,968,0.0263,2
1770125790.2149234,BOT_1,53.22,1373,0.0351,2
1770125790.2149234,BOT_1,80.15,1254,0.0763,2
1770125790.2149234,BOT_1,46.47,683,0.0242,2
1770125790.2149234,BOT_1,88.33,1056,0.0857,2
1770125790.2149234,BOT_1,56.91,1263,0.0509,2
1770125790.2149234,BOT_1,66.43,944,0.0098,2
1770125790.2149234,BOT_1,69.07,841,0.0859,2
1770125790.2149234,BOT_1,58.02,1211,0.0351,2
1770125790.2149234,BOT_1,86.33,901,0.0072,2
1770125790.2149234,BOT_1,30.0,1176,0.0926,2
1770125790.2149234,BOT_1,45.15,865,0.0053,2
1770125790.2149234,BOT_1,90.54,1165,0.0548,2
1770125790.2149234,BOT_1,31.51,928,0.0403,2
1770125790.2149234,BOT_1,70.45,915,0.0847,2
1770125790.2149234,BOT_1,90.36,1371,0.0609,2
1770125790.2149234,BOT_1,37.85,746,0.0718,2
1770125790.2149234,BOT_1,92.17,1092,0.0455,2
1770125790.2149234,BOT_1,46.36,1379,0.0499,2
1770125790.2149234,BOT_1,94.08,944,0.032,2
1770125790.2149234,BOT_1,89.36,911,0.0067,2
1770125790.2149234,BOT_1,57.22,1178,0.0911,2
1770125790.2149234,BOT_1,33.03,868,0.0811,2
1770125790.2149234,BOT_1,30.53,818,0.0549,2
1770125790.2149234,BOT_1,81.48,928,0.0507,2
1770125790.2149234,BOT_1,77.0,905,0.0936,2
1770125790.2149234,BOT_1,81.96,612,0.0908,2
1770125790.2149234,BOT_1,94.47,1203,0.0863,2
1770125790.2149234,BOT_1,84.69,718,0.0555,2
1770125790.2149234,BOT_1,86.17,1164,0.0961,2
1770125790.2149234,BOT_1,84.3,884,0.0669,2
1770125790.2149234,BOT_1,62.2,1358,0.0772,2
1770125790.2149234,BOT_1,77.38,1234,0.063,2
1770125790.2149234,BOT_1,63.86,1360,0.0775,2
1770125790.2149234,BOT_1,76.93,653,0.0521,2
1770125790.2149234,BOT_1,82.38,624,0.0938,2
1770125790.2149234,BOT_1,92.73,1212,0.0141,2
1770125790.2149234,BOT_1,40.99,1029,0.0451,2
1770125790.2149234,BOT_1,66.14,1154,0.0294,2
1770125790.2149234,BOT_1,77.04,1072,0.0992,2
1770125790.2149234,BOT_1,75.1,908,0.0729,2
1770125790.2149234,BOT_1,71.2,974,0.0874,2
1770125790.2149234,BOT_1,34.97,1128,0.0071,2
1770125790.2149234,BOT_1,71.83,1054,0.0395,2
1770125790.2149234,BOT_1,76.08,622,0.0188,2
1770125790.2159212,BOT_1,77.17,1228,0.0917,2
1770125790.2159212,BOT_1,77.01,1353,0.0789,2
1770125790.2159212,BOT_1,57.24,1163,0.0065,2
1770125790.2159212,BOT_1,46.45,935,0.0744,2
1770125790.2159212,BOT_1,45.95,780,0.0383,2
1770125790.2159212,BOT_1,35.54,849,0.0369,2
1770125790.2159212,BOT_1,45.42,631,0.0563,2
1770125790.2159212,BOT_1,88.65,861,0.0701,2
1770125790.2159212,BOT_1,30.69,1152,0.0585,2
1770125790.2159212,BOT_1,83.73,1149,0.0217,2
1770125790.2159212,BOT_1,36.27,793,0.0657,2
1770125790.2159212,BOT_1,77.2,975,0.0653,2
1770125790.2159212,BOT_1,78.54,1003,0.0283,2
1770125790.2159212,BOT_1,53.63,977,0.0514,2
1770125790.2159212,BOT_1,95.91,1354,0.0853,2
1770125790.2159212,BOT_1,47.39,871,0.0166,2
1770125790.2159212,BOT_1,71.6,1184,0.0652,2
1770125790.2159212,BOT_1,76.5,798,0.082,2
1770125790.2159212,BOT_1,43.43,1372,0.0695,2
1770125790.2159212,BOT_1,85.98,750,0.0926,2
1770125790.2159212,BOT_1,75.76,1185,0.0413,2
1770125790.2159212,BOT_1,85.68,1151,0.0338,2
1770125790.2159212,BOT_1,48.94,1264,0.0951,2
1770125790.2159212,BOT_1,58.03,1210,0.0742,2
1770125790.2159212,BOT_1,53.76,1306,0.0364,2
1770125790.2159212,BOT_1,32.15,1204,0.0884,2
1770125790.2159212,BOT_1,64.39,911,0.0826,2
1770125790.2159212,BOT_1,86.98,777,0.0696,2
1770125790.2159212,BOT_1,53.85,1027,0.0903,2
1770125790.2159212,BOT_1,62.61,763,0.0579,2
1770125790.2159212,BOT_1,54.42,917,0.011,2
1770125790.2159212,BOT_1,41.67,834,0.0107,2
1770125790.2159212,BOT_1,77.09,1154,0.069,2
1770125790.2159212,BOT_1,65.34,835,0.0573,2
1770125790.2159212,BOT_1,38.97,1346,0.0291,2
1770125790.2159212,BOT_1,55.93,1381,0.0546,2
1770125790.2159212,BOT_1,74.77,944,0.0481,2
1770125790.2159212,BOT_1,41.47,1049,0.0699,2
1770125790.2159212,BOT_1,37.85,1285,0.0738,2
1770125790.2159212,BOT_1,55.78,1201,0.0457,2
1770125790.2159212,BOT_1,34.87,840,0.0484,2
1770125790.2159212,BOT_1,62.67,728,0.0401,2
1770125790.2159212,BOT_1,80.19,1136,0.0831,2
1770125790.2159212,BOT_1,58.67,975,0.0567,2
1770125790.2159212,BOT_1,38.67,647,0.069,2
1770125790.2159212,BOT_1,36.14,621,0.0132,2
1770125790.2159212,BOT_1,73.14,1376,0.0955,2
1770125790.2159212,BOT_1,65.82,1057,0.0993,2
1770125790.2159212,BOT_1,92.89,1051,0.0588,2
1770125790.2159212,BOT_1,59.69,848,0.0877,2
1770125790.2159212,BOT_1,55.24,980,0.0559,2
1770125790.2159212,BOT_1,78.48,1364,0.0133,2
1770125790.2159212,BOT_1,98.72,935,0.03,2
1770125790.2159212,BOT_1,34.49,1374,0.0435,2
1770125790.2159212,BOT_1,81.1,1325,0.0577,2
1770125790.2159212,BOT_1,87.5,719,0.0942,2
1770125790.2159212,BOT_1,71.08,1324,0.0979,2
1770125790.2159212,BOT_1,59.26,660,0.0333,2
1770125790.2159212,BOT_1,61.79,885,0.0441,2
1770125790.2159212,BOT_1,50.75,1069,0.0769,2
1770125790.2159212,BOT_1,63.27,618,0.0423,2
1770125790.2159212,BOT_1,78.72,717,0.0409,2
1770125790.2159212,BOT_1,44.18,933,0.0473,2
1770125790.2159212,BOT_1,47.05,1047,0.0511,2
1770125790.2159212,BOT_1,31.81,984,0.0989,2
1770125790.2159212,BOT_1,81.02,709,0.0718,2
1770125790.2159212,BOT_1,73.92,1103,0.0205,2
1770125790.2159212,BOT_1,73.06,797,0.0756,2
1770125790.2159212,BOT_1,45.32,1200,0.0314,2
1770125790.2159212,BOT_1,96.93,618,0.0173,2
1770125790.2159212,BOT_1,32.66,1103,0.0195,2
1770125790.2159212,BOT_1,38.68,819,0.0131,2
1770125790.2159212,BOT_1,68.43,1279,0.028,2
1770125790.2159212,BOT_1,33.03,1308,0.0924,2
1770125790.2159212,BOT_1,96.48,710,0.0114,2
1770125790.2159212,BOT_1,94.13,1244,0.0137,2
1770125790.2159212,BOT_1,44.74,1182,0.0451,2
1770125790.2159212,BOT_1,77.98,1283,0.05,2
1770125790.2159212,BOT_1,57.88,859,0.0734,2
1770125790.2159212,BOT_1,85.34,973,0.03,2
1770125790.2159212,BOT_1,44.91,1243,0.0383,2
1770125790.2159212,BOT_1,39.38,911,0.0563,2
1770125790.2159212,BOT_1,92.69,1274,0.0502,2
1770125790.2159212,BOT_1,97.7,1316,0.0827,2
1770125790.2159212,BOT_1,78.03,1400,0.0867,2
1770125790.2159212,BOT_1,80.96,1208,0.0444,2
1770125790.2159212,BOT_1,35.5,688,0.0252,2
1770125790.2159212,BOT_1,36.12,1364,0.0924,2
1770125790.2159212,BOT_1,40.79,998,0.0193,2
1770125790.2159212,BOT_1,82.62,1260,0.0484,2
1770125790.2159212,BOT_1,66.18,1134,0.0075,2
1770125790.2159212,BOT_1,56.24,750,0.0062,2
1770125790.2159212,BOT_1,91.17,1276,0.0587,2
1770125790.2159212,BOT_1,60.89,779,0.0628,2
1770125790.2159212,BOT_1,88.34,1235,0.0068,2
1770125790.2159212,BOT_1,69.44,1026,0.028,2
1770125790.2159212,BOT_1,73.38,1371,0.0878,2
1770125790.2159212,BOT_1,57.62,1032,0.008,2
1770125790.2159212,BOT_1,43.88,643,0.0924,2
1770125790.2159212,BOT_1,78.56,1373,0.085,2
1770125790.2159212,BOT_1,93.17,1159,0.0077,2
1770125790.2159212,BOT_1,99.39,968,0.0513,2
1770125790.2159212,BOT_1,86.03,611,0.0873,2
1770125790.2159212,BOT_1,50.2,1138,0.0924,2
1770125790.2159212,BOT_1,79.8,1054,0.0627,2
1770125790.2169209,BOT_1,39.2,1126,0.0271,2
1770125790.2169209,BOT_1,77.52,1005,0.0436,2
1770125790.2169209,BOT_1,31.52,1117,0.0415,2
1770125790.2169209,BOT_1,92.6,891,0.0546,2
1770125790.2169209,BOT_1,66.47,1319,0.0644,2
1770125790.2169209,BOT_1,99.33,1100,0.0903,2
1770125790.2169209,BOT_1,86.71,653,0.0585,2
1770125790.2169209,BOT_1,86.57,1369,0.0459,2
1770125790.2169209,BOT_1,62.14,824,0.0176,2
1770125790.2169209,BOT_1,70.28,1014,0.0109,2
1770125790.2169209,BOT_1,67.12,1174,0.0234,2
1770125790.2169209,BOT_1,35.94,932,0.0743,2
1770125790.2169209,BOT_1,95.32,681,0.0265,2
1770125790.2169209,BOT_1,38.14,724,0.0332,2
1770125790.2169209,BOT_1,44.71,674,0.0289,2
1770125790.2169209,BOT_1,47.06,1381,0.0237,2
1770125790.2169209,BOT_1,96.13,627,0.0083,2
1770125790.2169209,BOT_1,47.38,1379,0.011,2
1770125790.2169209,BOT_1,54.82,845,0.0351,2
1770125790.2169209,BOT_1,48.17,1153,0.0693,2
1770125790.2169209,BOT_1,52.15,785,0.0422,2
1770125790.2169209,BOT_1,73.67,665,0.0162,2
1770125790.2169209,BOT_1,72.36,1284,0.0613,2
1770125790.2169209,BOT_1,61.72,832,0.0132,2
1770125790.2169209,BOT_1,93.19,667,0.0237,2
1770125790.2169209,BOT_1,98.25,640,0.0975,2
1770125790.2169209,BOT_1,72.95,664,0.0936,2
1770125790.2169209,BOT_1,49.22,604,0.016,2
1770125790.2169209,BOT_1,67.92,648,0.054,2
1770125790.2169209,BOT_1,44.26,1077,0.0703,2
1770125790.2169209,BOT_1,72.87,1108,0.0741,2
1770125790.2169209,BOT_1,61.57,1162,0.0771,2
1770125790.2169209,BOT_1,62.3,710,0.0923,2
1770125790.2169209,BOT_1,84.21,1387,0.0318,2
1770125790.2169209,BOT_1,64.33,1381,0.0379,2
1770125790.2169209,BOT_1,86.18,1350,0.0476,2
1770125790.2169209,BOT_1,37.22,1011,0.0412,2
1770125790.2169209,BOT_1,73.61,1137,0.0243,2
1770125790.2169209,BOT_1,50.52,1318,0.021,2
1770125790.2169209,BOT_1,61.79,649,0.0054,2
1770125790.2169209,BOT_1,88.28,1088,0.0593,2
1770125790.2169209,BOT_2,93.34,878,0.0637,2
1770125790.2169209,BOT_2,50.01,1214,0.0845,2
1770125790.2169209,BOT_2,42.94,656,0.058,2
1770125790.2169209,BOT_2,88.48,1198,0.0985,2
1770125790.2169209,BOT_2,68.73,1073,0.0789,2
1770125790.2169209,BOT_2,78.0,1392,0.0749,2
1770125790.2169209,BOT_2,81.83,1194,0.0555,2
1770125790.2169209,BOT_2,36.61,1324,0.0647,2
1770125790.2169209,BOT_2,44.86,1065,0.086,2
1770125790.2169209,BOT_2,45.98,698,0.0213,2
1770125790.2169209,BOT_2,50.22,713,0.0691,2
1770125790.2169209,BOT_2,88.74,1112,0.0521,2
1770125790.2169209,BOT_2,98.12,762,0.0903,2
1770125790.2169209,BOT_2,77.12,745,0.017,2
1770125790.2169209,BOT_2,86.62,882,0.0808,2
1770125790.2169209,BOT_2,47.04,1021,0.0157,2
1770125790.2169209,BOT_2,30.68,998,0.0684,2
1770125790.2169209,BOT_2,81.21,996,0.078,2
1770125790.2169209,BOT_2,55.66,750,0.0304,2
1770125790.2169209,BOT_2,72.6,816,0.0864,2
1770125790.2169209,BOT_2,89.64,1185,0.0532,2
1770125790.2169209,BOT_2,56.26,821,0.0658,2
1770125790.2169209,BOT_2,68.69,746,0.0339,2
1770125790.2169209,BOT_2,44.28,766,0.0226,2
1770125790.2169209,BOT_2,77.25,1144,0.0281,2
1770125790.2169209,BOT_2,61.3,1267,0.048,2
1770125790.2169209,BOT_2,92.42,1368,0.0651,2
1770125790.2169209,BOT_2,77.78,936,0.0862,2
1770125790.2169209,BOT_2,48.57,1194,0.0377,2
1770125790.2169209,BOT_2,38.57,612,0.0738,2
1770125790.2169209,BOT_2,54.9,606,0.0313,2
1770125790.2169209,BOT_2,93.55,1233,0.0948,2
1770125790.2169209,BOT_2,57.19,1110,0.0498,2
1770125790.2169209,BOT_2,60.02,1054,0.0788,2
1770125790.2169209,BOT_2,65.1,1322,0.0763,2
1770125790.2169209,BOT_2,83.51,1194,0.0224,2
1770125790.2169209,BOT_2,68.29,1140,0.0496,2
1770125790.2169209,BOT_2,31.92,928,0.0061,2
1770125790.2169209,BOT_2,93.5,703,0.0137,2
1770125790.2169209,BOT_2,53.85,784,0.017,2
1770125790.2169209,BOT_2,81.95,1217,0.038,2
1770125790.2169209,BOT_2,72.66,678,0.0647,2
1770125790.2169209,BOT_2,61.25,1067,0.0594,2
1770125790.2169209,BOT_2,99.52,1135,0.0336,2
1770125790.2169209,BOT_2,53.01,1084,0.0374,2
1770125790.2169209,BOT_2,46.89,1023,0.0773,2
1770125790.2169209,BOT_2,61.07,1103,0.0838,2
1770125790.2169209,BOT_2,69.45,774,0.0478,2
1770125790.2169209,BOT_2,38.8,1053,0.0471,2
1770125790.2169209,BOT_2,54.24,977,0.0328,2
1770125790.2169209,BOT_2,66.09,927,0.0808,2
1770125790.2169209,BOT_2,93.98,841,0.0606,2
1770125790.2169209,BOT_2,34.25,749,0.0284,2
1770125790.2169209,BOT_2,82.11,956,0.0914,2
1770125790.2169209,BOT_2,48.13,716,0.0432,2
1770125790.2169209,BOT_2,53.58,681,0.0471,2
1770125790.2169209,BOT_2,59.13,923,0.07,2
1770125790.2169209,BOT_2,34.1,1384,0.0889,2
1770125790.2169209,BOT_2,49.81,1345,0.0454,2
1770125790.2169209,BOT_2,36.04,1352,0.0641,2
1770125790.2169209,BOT_2,74.82,1344,0.0141,2
1770125790.2169209,BOT_2,91.33,1335,0.0815,2
1770125790.2169209,BOT_2,43.37,899,0.0752,2
1770125790.2169209,BOT_2,44.97,672,0.0586,2
1770125790.2169209,BOT_2,90.98,1253,0.0188,2
1770125790.2169209,BOT_2,80.18,1398,0.0501,2
1770125790.2169209,BOT_2,75.93,927,0.0562,2
1770125790.2169209,BOT_2,54.18,1018,0.081,2
1770125790.2169209,BOT_2,59.42,1012,0.075,2
1770125790.2169209,BOT_2,37.01,640,0.0082,2
1770125790.2169209,BOT_2,59.57,1152,0.0347,2
1770125790.2179215,BOT_2,44.74,841,0.0496,2
1770125790.2179215,BOT_2,83.42,1323,0.0176,2
1770125790.2179215,BOT_2,89.81,747,0.0249,2
1770125790.2179215,BOT_2,33.58,1013,0.0421,2
1770125790.2179215,BOT_2,71.92,1321,0.0148,2
1770125790.2179215,BOT_2,91.74,1005,0.0159,2
1770125790.2179215,BOT_2,43.18,748,0.0626,2
1770125790.2179215,BOT_2,59.54,1150,0.056,2
1770125790.2179215,BOT_2,65.96,878,0.0336,2
1770125790.2179215,BOT_2,68.86,959,0.0907,2
1770125790.2179215,BOT_2,89.07,652,0.0608,2
1770125790.2179215,BOT_2,96.32,1109,0.0872,2
1770125790.2179215,BOT_2,43.54,1068,0.0202,2
1770125790.2179215,BOT_2,62.25,1001,0.0136,2
1770125790.2179215,BOT_2,52.38,776,0.0493,2
1770125790.2179215,BOT_2,81.04,1395,0.0925,2
1770125790.2179215,BOT_2,88.04,938,0.0408,2
1770125790.2179215,BOT_2,38.71,1235,0.0223,2
1770125790.2179215,BOT_2,75.86,1012,0.0193,2
1770125790.2179215,BOT_2,77.56,828,0.0462,2
1770125790.2179215,BOT_2,36.11,1168,0.0751,2
1770125790.2179215,BOT_2,44.41,1386,0.0104,2
1770125790.2179215,BOT_2,58.07,1302,0.054,2
1770125790.2179215,BOT_2,64.81,1359,0.0265,2
1770125790.2179215,BOT_2,80.64,847,0.0113,2
1770125790.2179215,BOT_2,82.2,670,0.0565,2
1770125790.2179215,BOT_2,49.27,636,0.0505,2
1770125790.2179215,BOT_2,54.99,1207,0.0328,2
1770125790.2179215,BOT_2,90.13,1067,0.035,2
1770125790.2179215,BOT_2,40.29,1238,0.0192,2
1770125790.2179215,BOT_2,57.29,657,0.0388,2
1770125790.2179215,BOT_2,33.75,937,0.0578,2
1770125790.2179215,BOT_2,87.49,833,0.0633,2
1770125790.2179215,BOT_2,77.61,1132,0.0142,2
1770125790.2179215,BOT_2,91.57,654,0.0713,2
1770125790.2179215,BOT_2,73.72,636,0.042,2
1770125790.2179215,BOT_2,98.25,1275,0.0517,2
1770125790.2179215,BOT_2,61.81,657,0.0863,2
1770125790.2179215,BOT_2,92.13,993,0.0767,2
1770125790.2179215,BOT_2,77.28,1268,0.0782,2
1770125790.2179215,BOT_2,50.77,1116,0.0951,2
1770125790.2179215,BOT_2,72.15,704,0.0894,2
1770125790.2179215,BOT_2,51.82,1110,0.0685,2
1770125790.2179215,BOT_2,45.67,883,0.0345,2
1770125790.2179215,BOT_2,65.85,980,0.048,2
1770125790.2179215,BOT_2,98.89,1058,0.037,2
1770125790.2179215,BOT_2,95.79,885,0.0263,2
1770125790.2179215,BOT_2,79.03,934,0.0316,2
1770125790.2179215,BOT_2,98.64,811,0.0686,2
1770125790.2179215,BOT_2,44.32,622,0.0148,2
1770125790.2179215,BOT_2,93.0,777,0.0506,2
1770125790.2179215,BOT_2,69.21,946,0.0436,2
1770125790.2179215,BOT_2,73.3,1388,0.0909,2
1770125790.2179215,BOT_2,85.98,1251,0.0942,2
1770125790.2179215,BOT_2,80.51,681,0.0451,2
1770125790.2179215,BOT_2,58.18,1112,0.0498,2
1770125790.2179215,BOT_2,42.29,1007,0.0786,2
1770125790.2179215,BOT_2,72.09,1289,0.0638,2
1770125790.2179215,BOT_2,37.99,637,0.0707,2
1770125790.2179215,BOT_2,62.94,995,0.088,2
1770125790.2179215,BOT_2,57.51,809,0.061,2
1770125790.2179215,BOT_2,43.18,640,0.0696,2
1770125790.2179215,BOT_2,69.86,1042,0.0836,2
1770125790.2179215,BOT_2,55.5,1107,0.0451,2
1770125790.2179215,BOT_2,68.02,839,0.0161,2
1770125790.2179215,BOT_2,58.27,1322,0.0705,2
1770125790.2179215,BOT_2,87.56,847,0.043,2
1770125790.2179215,BOT_2,92.23,622,0.0426,2
1770125790.2179215,BOT_2,76.74,1011,0.0872,2
1770125790.2179215,BOT_2,68.02,623,0.0961,2
1770125790.2179215,BOT_2,82.55,1192,0.0958,2
1770125790.2179215,BOT_2,60.65,1216,0.0638,2
1770125790.2179215,BOT_2,90.12,1101,0.0548,2
1770125790.2179215,BOT_2,97.34,1237,0.0363,2
1770125790.2179215,BOT_2,55.22,1272,0.0925,2
1770125790.2179215,BOT_2,38.18,875,0.078,2
1770125790.2179215,BOT_2,55.34,1319,0.0374,2
1770125790.2179215,BOT_2,67.35,1246,0.0811,2
1770125790.2179215,BOT_2,88.63,1036,0.0126,2
1770125790.2179215,BOT_2,42.54,1337,0.0078,2
1770125790.2179215,BOT_2,46.73,959,0.0535,2
1770125790.2179215,BOT_2,79.51,1064,0.0262,2
1770125790.2179215,BOT_2,37.8,911,0.0829,2
1770125790.2179215,BOT_2,97.88,1047,0.0709,2
1770125790.2179215,BOT_2,55.4,784,0.0951,2
1770125790.2179215,BOT_2,95.94,807,0.0152,2
1770125790.2179215,BOT_2,81.17,1042,0.0081,2
1770125790.2179215,BOT_2,43.45,1151,0.0622,2
1770125790.2179215,BOT_2,45.74,615,0.0878,2
1770125790.2179215,BOT_2,51.49,884,0.0941,2
1770125790.2179215,BOT_2,67.33,928,0.011,2
1770125790.2179215,BOT_2,50.66,1281,0.0589,2
1770125790.2179215,BOT_2,43.11,651,0.0517,2
1770125790.2179215,BOT_2,88.87,628,0.0894,2
1770125790.2179215,BOT_2,39.76,937,0.0364,2
1770125790.2179215,BOT_2,47.85,871,0.0537,2
1770125790.2179215,BOT_2,77.93,812,0.0197,2
1770125790.2179215,BOT_2,85.01,1089,0.011,2
1770125790.2179215,BOT_2,98.65,715,0.074,2
1770125790.2179215,BOT_2,68.83,774,0.0707,2
1770125790.2179215,BOT_2,42.12,1294,0.0749,2
1770125790.2179215,BOT_2,62.11,785,0.0828,2
1770125790.2179215,BOT_2,93.39,1041,0.0062,2
1770125790.2179215,BOT_2,36.63,1179,0.0348,2
1770125790.2179215,BOT_2,75.61,719,0.0574,2
1770125790.2179215,BOT_2,50.61,882,0.0641,2
1770125790.2179215,BOT_2,75.39,934,0.0858,2
1770125790.2179215,BOT_2,31.08,767,0.0873,2
1770125790.2179215,BOT_2,92.33,912,0.0278,2
1770125790.2179215,BOT_2,33.49,1385,0.0753,2
1770125790.2179215,BOT_2,97.1,941,0.0135,2
1770125790.2179215,BOT_2,45.07,1114,0.0625,2
1770125790.2179215,BOT_2,86.0,1134,0.0428,2
1770125790.2179215,BOT_2,71.18,655,0.0735,2
1770125790.2179215,BOT_2,31.41,936,0.0077,2
1770125790.2179215,BOT_2,90.49,731,0.0601,2
1770125790.2179215,BOT_2,84.92,1265,0.0662,2
1770125790.2179215,BOT_2,76.49,1265,0.0414,2
1770125790.2179215,BOT_2,33.55,622,0.0134,2
1770125790.2179215,BOT_2,39.28,747,0.0692,2
1770125790.2179215,BOT_2,96.95,1306,0.0534,2
1770125790.2179215,BOT_2,98.79,658,0.041,2
1770125790.2179215,BOT_2,99.05,1215,0.0108,2
1770125790.2179215,BOT_2,92.37,887,0.0761,2
1770125790.2179215,BOT_2,94.43,1294,0.0818,2
1770125790.2179215,BOT_2,94.41,1092,0.0882,2
1770125790.2179215,BOT_2,72.49,1208,0.0549,2
1770125790.2179215,BOT_2,92.34,1106,0.0347,2
1770125790.2189207,BOT_2,52.05,1342,0.0814,2
1770125790.2189207,BOT_2,56.33,621,0.0776,2
1770125790.2189207,BOT_2,98.21,946,0.0389,2
1770125790.2189207,BOT_2,97.57,1049,0.0524,2
1770125790.2189207,BOT_2,82.98,1337,0.0308,2
1770125790.2189207,BOT_2,92.24,1362,0.0351,2
1770125790.2189207,BOT_2,55.11,687,0.059,2
1770125790.2189207,BOT_2,33.83,703,0.0125,2
1770125790.2189207,BOT_2,58.15,1217,0.0842,2
1770125790.2189207,BOT_2,63.42,1296,0.0557,2
1770125790.2189207,BOT_2,87.14,1230,0.0215,2
1770125790.2189207,BOT_2,31.71,853,0.0138,2
1770125790.2189207,BOT_2,65.3,944,0.0699,2
1770125790.2189207,BOT_2,45.24,938,0.0613,2
1770125790.2189207,BOT_2,46.62,964,0.0557,2
1770125790.2189207,BOT_2,97.24,605,0.0613,2
1770125790.2189207,BOT_2,74.4,1158,0.0321,2
1770125790.2189207,BOT_2,64.51,1236,0.0334,2
1770125790.2189207,BOT_2,92.41,1209,0.0287,2
1770125790.2189207,BOT_2,58.02,852,0.0972,2
1770125790.2189207,BOT_2,67.45,615,0.0149,2
1770125790.2189207,BOT_2,46.9,715,0.0295,2
1770125790.2189207,BOT_2,44.72,622,0.071,2
1770125790.2189207,BOT_2,37.38,1274,0.0345,2
1770125790.2189207,BOT_2,87.05,957,0.0519,2
1770125790.2189207,BOT_2,85.75,851,0.0644,2
1770125790.2189207,BOT_2,56.77,1043,0.0935,2
1770125790.2189207,BOT_2,94.61,1294,0.0231,2
1770125790.2189207,BOT_2,88.09,762,0.013,2
1770125790.2189207,BOT_2,84.81,1194,0.031,2
1770125790.2189207,BOT_2,93.33,879,0.0583,2
1770125790.2189207,BOT_2,81.3,1050,0.0349,2
1770125790.2189207,BOT_2,51.82,1291,0.0971,2
1770125790.2189207,BOT_2,85.85,933,0.046,2
1770125790.2189207,BOT_2,50.87,791,0.0519,2
1770125790.2189207,BOT_2,58.84,616,0.0583,2
1770125790.2189207,BOT_2,77.61,1162,0.0688,2
1770125790.2189207,BOT_2,82.02,803,0.0823,2
1770125790.2189207,BOT_2,52.62,712,0.073,2
1770125790.2189207,BOT_2,37.6,1297,0.0358,2
1770125790.2189207,BOT_2,40.3,1295,0.0187,2
1770125790.2189207,BOT_2,45.74,1097,0.0929,2
1770125790.2189207,BOT_2,47.78,601,0.028,2
1770125790.2189207,BOT_2,48.56,889,0.0139,2
1770125790.2189207,BOT_2,43.6,1111,0.0897,2
1770125790.2189207,BOT_2,88.68,857,0.0674,2
1770125790.2189207,BOT_2,84.09,877,0.0704,2
1770125790.2189207,BOT_2,83.95,795,0.0962,2
1770125790.2189207,BOT_2,71.27,1062,0.0961,2
1770125790.2189207,BOT_2,85.64,964,0.022,2
1770125790.2189207,BOT_2,96.96,636,0.0218,2
1770125790.2189207,BOT_2,96.3,1326,0.0483,2
1770125790.2189207,BOT_2,45.73,1319,0.0917,2
1770125790.2189207,BOT_2,90.86,1043,0.0628,2
1770125790.2189207,BOT_2,56.2,1321,0.0927,2
1770125790.2189207,BOT_2,50.6,958,0.0188,2
1770125790.2189207,BOT_2,79.4,776,0.045,2
1770125790.2189207,BOT_2,56.06,962,0.0374,2
1770125790.2189207,BOT_2,72.93,1034,0.0269,2
1770125790.2189207,BOT_2,53.02,958,0.095,2
1770125790.2189207,BOT_2,50.25,1207,0.0459,2
1770125790.2189207,BOT_2,61.58,983,0.0803,2
1770125790.2189207,BOT_2,74.3,1311,0.027,2
1770125790.2189207,BOT_2,89.34,936,0.0282,2
1770125790.2189207,BOT_2,93.74,652,0.0438,2
1770125790.2189207,BOT_2,30.32,1339,0.0324,2
1770125790.2189207,BOT_2,90.85,979,0.0216,2
1770125790.2189207,BOT_2,77.17,923,0.0617,2
1770125790.2189207,BOT_2,62.85,1292,0.0544,2
1770125790.2189207,BOT_2,75.44,879,0.0522,2
1770125790.2189207,BOT_2,96.02,761,0.0221,2
1770125790.2189207,BOT_2,55.36,1085,0.0497,2
1770125790.2189207,BOT_2,88.0,856,0.0751,2
1770125790.2189207,BOT_2,72.18,773,0.095,2
1770125790.2189207,BOT_2,57.26,1365,0.066,2
1770125790.2189207,BOT_2,67.54,1078,0.0841,2
1770125790.2189207,BOT_2,49.59,1255,0.0221,2
1770125790.2189207,BOT_2,57.35,952,0.0806,2
1770125790.2189207,BOT_2,77.06,754,0.0803,2
1770125790.2189207,BOT_2,87.19,959,0.0141,2
1770125790.2189207,BOT_2,75.17,1036,0.053,2
1770125790.2189207,BOT_2,54.8,1029,0.0257,2
1770125790.2189207,BOT_2,85.08,1371,0.0292,2
1770125790.2189207,BOT_2,83.74,887,0.0216,2
1770125790.2189207,BOT_2,83.04,616,0.0293,2
1770125790.2189207,BOT_2,85.21,1046,0.0678,2
1770125790.2189207,BOT_2,68.39,1032,0.0581,2
1770125790.2189207,BOT_2,57.0,1328,0.0258,2
1770125790.2189207,BOT_2,90.2,1122,0.0974,2
1770125790.2189207,BOT_2,88.91,716,0.014,2
1770125790.2189207,BOT_2,91.65,1196,0.037,2
1770125790.2189207,BOT_2,81.65,1154,0.0196,2
1770125790.2199214,BOT_2,40.08,1188,0.0727,2
1770125790.2199214,BOT_2,38.44,985,0.0704,2
1770125790.2199214,BOT_2,88.1,1177,0.0775,2
1770125790.2199214,BOT_2,90.43,1230,0.011,2
1770125790.2199214,BOT_2,83.51,656,0.0114,2
1770125790.2199214,BOT_2,69.76,1171,0.0454,2
1770125790.2199214,BOT_2,54.87,1273,0.035,2
1770125790.2199214,BOT_2,96.78,931,0.028,2
1770125790.2199214,BOT_2,89.24,1308,0.0272,2
1770125790.2199214,BOT_3,44.18,1310,0.0813,2
1770125790.2199214,BOT_3,78.99,1205,0.0753,2
1770125790.2199214,BOT_3,32.55,732,0.0599,2
1770125790.2199214,BOT_3,37.14,1373,0.0289,2
1770125790.2199214,BOT_3,92.31,750,0.0327,2
1770125790.2199214,BOT_3,58.28,823,0.1,2
1770125790.2199214,BOT_3,30.28,880,0.0986,2
1770125790.2199214,BOT_3,47.54,1078,0.0934,2
1770125790.2199214,BOT_3,77.12,1142,0.0148,2
1770125790.2199214,BOT_3,87.7,1091,0.0319,2
1770125790.2199214,BOT_3,97.6,902,0.0156,2
1770125790.2199214,BOT_3,47.34,620,0.0661,2
1770125790.2199214,BOT_3,53.43,838,0.0331,2
1770125790.2199214,BOT_3,55.65,915,0.08,2
1770125790.2199214,BOT_3,66.98,945,0.0657,2
1770125790.2199214,BOT_3,52.68,681,0.0794,2
1770125790.2199214,BOT_3,48.93,846,0.0177,2
1770125790.2199214,BOT_3,90.29,1365,0.0939,2
1770125790.2199214,BOT_3,70.64,807,0.0883,2
1770125790.2199214,BOT_3,58.44,694,0.0628,2
1770125790.2199214,BOT_3,64.0,1289,0.0422,2
1770125790.2199214,BOT_3,52.09,661,0.0333,2
1770125790.2199214,BOT_3,95.45,933,0.0654,2
1770125790.2199214,BOT_3,69.22,1334,0.0597,2
1770125790.2199214,BOT_3,72.53,607,0.0131,2
1770125790.2199214,BOT_3,35.41,604,0.0589,2
1770125790.2199214,BOT_3,79.68,1007,0.0448,2
1770125790.2199214,BOT_3,53.73,1395,0.0889,2
1770125790.2199214,BOT_3,51.39,1096,0.0107,2
1770125790.2199214,BOT_3,91.93,1168,0.0264,2
1770125790.2199214,BOT_3,31.94,844,0.0645,2
1770125790.2199214,BOT_3,72.55,734,0.0946,2
1770125790.2199214,BOT_3,52.36,1212,0.0854,2
1770125790.2199214,BOT_3,34.08,771,0.0453,2
1770125790.2199214,BOT_3,82.6,1207,0.0976,2
1770125790.2199214,BOT_3,59.65,717,0.0394,2
1770125790.2199214,BOT_3,64.82,1064,0.0963,2
1770125790.2199214,BOT_3,87.14,1102,0.04,2
1770125790.2199214,BOT_3,60.04,1077,0.0743,2
1770125790.2199214,BOT_3,74.56,1079,0.0279,2
1770125790.2199214,BOT_3,58.29,934,0.0751,2
1770125790.2199214,BOT_3,47.03,1371,0.0936,2
1770125790.2199214,BOT_3,79.5,662,0.0723,2
1770125790.2199214,BOT_3,71.13,634,0.0164,2
1770125790.2199214,BOT_3,91.6,740,0.0061,2
1770125790.2199214,BOT_3,48.55,1178,0.0916,2
1770125790.2199214,BOT_3,48.34,1099,0.0826,2
1770125790.2199214,BOT_3,49.43,1015,0.0544,2
1770125790.2199214,BOT_3,57.75,1182,0.0062,2
1770125790.2199214,BOT_3,93.77,742,0.0997,2
1770125790.2199214,BOT_3,37.21,710,0.0102,2
1770125790.2199214,BOT_3,72.06,1160,0.085,2
1770125790.2199214,BOT_3,72.2,1021,0.0899,2
1770125790.2199214,BOT_3,67.88,939,0.0722,2
1770125790.2199214,BOT_3,74.25,1381,0.0244,2
1770125790.2199214,BOT_3,35.22,666,0.0255,2
1770125790.2199214,BOT_3,73.22,980,0.0651,2
1770125790.2199214,BOT_3,61.83,1128,0.0685,2
1770125790.2199214,BOT_3,85.59,1082,0.0817,2
1770125790.2199214,BOT_3,94.22,891,0.0152,2
1770125790.2199214,BOT_3,46.15,1021,0.0531,2
1770125790.2199214,BOT_3,43.06,942,0.0733,2
1770125790.2199214,BOT_3,80.08,1001,0.0667,2
1770125790.2199214,BOT_3,49.77,963,0.0148,2
1770125790.2199214,BOT_3,58.57,704,0.0392,2
1770125790.2199214,BOT_3,54.09,1084,0.051,2
1770125790.2199214,BOT_3,60.32,1087,0.0218,2
1770125790.2199214,BOT_3,55.5,1247,0.0977,2
1770125790.2199214,BOT_3,81.35,1216,0.0577,2
1770125790.2199214,BOT_3,68.29,905,0.0599,2
1770125790.2199214,BOT_3,94.15,639,0.0736,2
1770125790.2199214,BOT_3,43.94,1376,0.0934,2
1770125790.2199214,BOT_3,86.82,1262,0.0549,2
1770125790.2199214,BOT_3,92.94,793,0.0156,2
1770125790.2199214,BOT_3,42.18,1370,0.0212,2
1770125790.2199214,BOT_3,79.31,1205,0.0292,2
1770125790.2199214,BOT_3,69.72,1281,0.0388,2
1770125790.2199214,BOT_3,87.07,1118,0.0602,2
1770125790.2199214,BOT_3,75.77,1395,0.0651,2
1770125790.2199214,BOT_3,53.88,801,0.0979,2
1770125790.2199214,BOT_3,43.23,1299,0.0508,2
1770125790.2199214,BOT_3,54.18,1089,0.0736,2
1770125790.2199214,BOT_3,54.65,797,0.082,2
1770125790.2199214,BOT_3,65.23,1001,0.0978,2
1770125790.2199214,BOT_3,69.13,696,0.0859,2
1770125790.2199214,BOT_3,86.53,1104,0.0108,2
1770125790.2199214,BOT_3,47.42,1114,0.0995,2
1770125790.2199214,BOT_3,45.97,880,0.0877,2
1770125790.2199214,BOT_3,83.06,1020,0.0774,2
1770125790.2199214,BOT_3,46.61,661,0.0124,2
1770125790.2199214,BOT_3,30.89,1218,0.03,2
1770125790.2199214,BOT_3,53.22,677,0.0604,2
1770125790.2199214,BOT_3,58.34,1120,0.0955,2
1770125790.2199214,BOT_3,33.98,1173,0.0386,2
1770125790.2199214,BOT_3,68.06,1122,0.0473,2
1770125790.2199214,BOT_3,34.78,645,0.0457,2
1770125790.2199214,BOT_3,61.71,1008,0.0729,2
1770125790.2199214,BOT_3,38.66,698,0.0208,2
1770125790.2199214,BOT_3,86.61,1219,0.0111,2
1770125790.2199214,BOT_3,45.85,1380,0.0564,2
1770125790.2199214,BOT_3,49.53,858,0.0052,2
1770125790.2199214,BOT_3,86.1,989,0.0516,2
1770125790.2199214,BOT_3,98.62,634,0.0221,2
1770125790.2199214,BOT_3,46.62,1134,0.043,2
1770125790.2199214,BOT_3,34.34,778,0.0162,2
1770125790.2199214,BOT_3,52.64,646,0.0398,2
1770125790.2199214,BOT_3,88.43,882,0.0534,2
1770125790.2199214,BOT_3,74.5,938,0.0573,2
1770125790.2199214,BOT_3,74.56,635,0.0054,2
1770125790.2199214,BOT_3,58.1,804,0.0189,2
1770125790.2199214,BOT_3,94.18,1059,0.0187,2
1770125790.2199214,BOT_3,89.3,1021,0.0076,2
1770125790.2199214,BOT_3,79.86,970,0.0431,2
1770125790.2199214,BOT_3,46.57,639,0.0455,2
1770125790.2199214,BOT_3,75.04,1027,0.0686,2
1770125790.2199214,BOT_3,58.19,991,0.0774,2
1770125790.2199214,BOT_3,87.54,1210,0.0503,2
1770125790.2199214,BOT_3,71.03,1000,0.0744,2
1770125790.2199214,BOT_3,94.44,1322,0.0964,2
1770125790.2199214,BOT_3,92.94,1378,0.0941,2
1770125790.220921,BOT_3,57.09,1346,0.0508,2
1770125790.220921,BOT_3,90.03,849,0.0529,2
1770125790.220921,BOT_3,48.18,944,0.0169,2
1770125790.220921,BOT_3,47.33,837,0.0553,2
1770125790.220921,BOT_3,54.17,1014,0.0061,2
1770125790.220921,BOT_3,79.82,1082,0.0709,2
1770125790.220921,BOT_3,94.82,748,0.0742,2
1770125790.220921,BOT_3,68.47,619,0.0568,2
1770125790.220921,BOT_3,88.98,1105,0.0232,2
1770125790.220921,BOT_3,85.76,763,0.0186,2
1770125790.220921,BOT_3,87.91,967,0.0908,2
1770125790.220921,BOT_3,91.43,1395,0.0545,2
1770125790.220921,BOT_3,94.16,651,0.0533,2
1770125790.220921,BOT_3,35.13,811,0.0514,2
1770125790.220921,BOT_3,48.94,1216,0.0649,2
1770125790.220921,BOT_3,80.9,1180,0.0946,2
1770125790.220921,BOT_3,93.27,1228,0.0409,2
1770125790.220921,BOT_3,48.09,1229,0.098,2
1770125790.220921,BOT_3,49.34,747,0.0125,2
1770125790.220921,BOT_3,70.19,1041,0.0381,2
1770125790.220921,BOT_3,41.19,1077,0.0705,2
1770125790.220921,BOT_3,72.81,1276,0.038,2
1770125790.220921,BOT_3,69.27,707,0.0857,2
1770125790.220921,BOT_3,74.26,1365,0.0747,2
1770125790.220921,BOT_3,42.03,959,0.0767,2
1770125790.220921,BOT_3,70.88,1106,0.0642,2
1770125790.220921,BOT_3,96.78,1113,0.0627,2
1770125790.220921,BOT_3,39.97,730,0.057,2
1770125790.220921,BOT_3,71.57,600,0.0353,2
1770125790.220921,BOT_3,62.99,1218,0.0992,2
1770125790.220921,BOT_3,85.13,1363,0.0133,2
1770125790.220921,BOT_3,47.37,887,0.0272,2
1770125790.220921,BOT_3,70.5,915,0.0213,2
1770125790.220921,BOT_3,64.78,1383,0.0065,2
1770125790.220921,BOT_3,95.55,691,0.0988,2
1770125790.220921,BOT_3,72.63,676,0.0973,2
1770125790.220921,BOT_3,70.42,998,0.0776,2
1770125790.220921,BOT_3,62.49,774,0.0964,2
1770125790.220921,BOT_3,41.13,845,0.0771,2
1770125790.220921,BOT_3,97.79,674,0.0722,2
1770125790.220921,BOT_3,92.14,1092,0.0964,2
1770125790.220921,BOT_3,71.35,810,0.0526,2
1770125790.220921,BOT_3,85.21,1375,0.0521,2
1770125790.220921,BOT_3,56.91,1012,0.06,2
1770125790.220921,BOT_3,58.03,920,0.008,2
1770125790.220921,BOT_3,53.33,799,0.0155,2
1770125790.220921,BOT_3,45.18,853,0.0768,2
1770125790.220921,BOT_3,64.84,1237,0.0889,2
1770125790.220921,BOT_3,95.93,898,0.0222,2
1770125790.220921,BOT_3,33.89,917,0.0332,2
1770125790.220921,BOT_3,80.38,733,0.0205,2
1770125790.220921,BOT_3,36.82,910,0.0067,2
1770125790.220921,BOT_3,34.04,829,0.0799,2
1770125790.220921,BOT_3,59.82,1090,0.0151,2
1770125790.220921,BOT_3,66.71,782,0.0491,2
1770125790.220921,BOT_3,96.39,1234,0.0416,2
1770125790.220921,BOT_3,90.1,957,0.0485,2
1770125790.220921,BOT_3,90.02,923,0.0244,2
1770125790.220921,BOT_3,55.12,1337,0.0731,2
1770125790.220921,BOT_3,97.81,1098,0.0295,2
1770125790.220921,BOT_3,92.15,874,0.0556,2
1770125790.220921,BOT_3,38.33,1116,0.096,2
1770125790.220921,BOT_3,94.6,1277,0.087,2
1770125790.220921,BOT_3,61.39,1190,0.0056,2
1770125790.220921,BOT_3,90.66,630,0.0296,2
1770125790.220921,BOT_3,37.15,985,0.0589,2
1770125790.220921,BOT_3,57.62,831,0.0326,2
1770125790.220921,BOT_3,53.6,978,0.0183,2
1770125790.220921,BOT_3,43.84,664,0.0089,2
1770125790.220921,BOT_3,64.13,842,0.0547,2
1770125790.220921,BOT_3,99.9,627,0.0598,2
1770125790.220921,BOT_3,49.48,1165,0.0818,2
1770125790.220921,BOT_3,78.36,772,0.0175,2
1770125790.220921,BOT_3,94.41,946,0.0879,2
1770125790.220921,BOT_3,49.54,866,0.0669,2
1770125790.220921,BOT_3,36.02,1231,0.0557,2
1770125790.220921,BOT_3,94.75,1140,0.0785,2
1770125790.220921,BOT_3,70.79,1065,0.0601,2
1770125790.220921,BOT_3,81.56,1258,0.0833,2
1770125790.220921,BOT_3,54.1,1131,0.0379,2
1770125790.220921,BOT_3,96.9,1309,0.0696,2
1770125790.220921,BOT_3,49.94,1224,0.0847,2
1770125790.220921,BOT_3,46.9,1358,0.0068,2
1770125790.220921,BOT_3,40.34,1184,0.0075,2
1770125790.220921,BOT_3,50.89,1264,0.029,2
1770125790.220921,BOT_3,83.42,782,0.0379,2
1770125790.220921,BOT_3,87.11,1316,0.0278,2
1770125790.220921,BOT_3,59.93,1137,0.0407,2
1770125790.220921,BOT_3,49.62,997,0.0523,2
1770125790.220921,BOT_3,62.02,1039,0.0449,2
1770125790.220921,BOT_3,54.38,1365,0.0257,2
1770125790.220921,BOT_3,44.05,1311,0.0767,2
1770125790.220921,BOT_3,40.35,1125,0.084,2
1770125790.220921,BOT_3,36.41,639,0.0348,2
1770125790.220921,BOT_3,51.59,683,0.0692,2
1770125790.220921,BOT_3,78.66,1054,0.0324,2
1770125790.220921,BOT_3,64.56,825,0.0601,2
1770125790.220921,BOT_3,64.62,736,0.0644,2
1770125790.220921,BOT_3,71.06,1372,0.0421,2
1770125790.220921,BOT_3,91.3,1384,0.0963,2
1770125790.220921,BOT_3,31.3,1099,0.0419,2
1770125790.220921,BOT_3,53.07,1035,0.0615,2
1770125790.220921,BOT_3,44.2,983,0.085,2
1770125790.220921,BOT_3,94.95,771,0.0157,2
1770125790.220921,BOT_3,68.51,1354,0.039,2
1770125790.220921,BOT_3,37.73,1004,0.0318,2
1770125790.220921,BOT_3,72.35,1075,0.026,2
1770125790.220921,BOT_3,96.05,1178,0.0176,2
1770125790.220921,BOT_3,51.86,1321,0.0371,2
1770125790.220921,BOT_3,48.34,1060,0.0878,2
1770125790.220921,BOT_3,96.94,929,0.0813,2
1770125790.220921,BOT_3,72.22,1358,0.0066,2
1770125790.220921,BOT_3,30.1,1311,0.0906,2
1770125790.220921,BOT_3,63.74,1136,0.0063,2
1770125790.2219212,BOT_3,37.09,849,0.0384,2
1770125790.2219212,BOT_3,94.3,1048,0.0464,2
1770125790.2219212,BOT_3,96.95,841,0.0099,2
1770125790.2219212,BOT_3,63.34,846,0.0177,2
1770125790.2219212,BOT_3,92.44,1143,0.0719,2
1770125790.2219212,BOT_3,48.86,905,0.0245,2
1770125790.2219212,BOT_3,88.83,890,0.0329,2
1770125790.2219212,BOT_3,33.2,1060,0.0622,2
1770125790.2219212,BOT_3,67.63,702,0.0442,2
1770125790.2219212,BOT_3,36.03,1192,0.0415,2
1770125790.2219212,BOT_3,53.37,1397,0.0533,2
1770125790.2219212,BOT_3,46.35,1302,0.0581,2
1770125790.2219212,BOT_3,31.31,1344,0.0322,2
1770125790.2219212,BOT_3,79.19,865,0.0548,2
1770125790.2219212,BOT_3,61.05,772,0.0428,2
1770125790.2219212,BOT_3,44.74,1056,0.0751,2
1770125790.2219212,BOT_3,84.35,1270,0.0224,2
1770125790.2219212,BOT_3,76.0,745,0.0757,2
1770125790.2219212,BOT_3,39.19,1288,0.0512,2
1770125790.2219212,BOT_3,67.99,1311,0.0302,2
1770125790.2219212,BOT_3,44.26,1037,0.0198,2
1770125790.2219212,BOT_3,55.51,1368,0.0574,2
1770125790.2219212,BOT_3,84.72,1314,0.0243,2
1770125790.2219212,BOT_3,43.16,742,0.0193,2
1770125790.2219212,BOT_3,92.23,739,0.0194,2
1770125790.2219212,BOT_3,53.31,1396,0.0555,2
1770125790.2219212,BOT_3,46.63,951,0.0912,2
1770125790.2219212,BOT_3,47.99,1219,0.0786,2
1770125790.2219212,BOT_3,59.44,715,0.0602,2
1770125790.2219212,BOT_3,32.69,876,0.087,2
1770125790.2219212,BOT_3,66.24,835,0.095,2
1770125790.2219212,BOT_3,38.78,1308,0.0337,2
1770125790.2219212,BOT_3,41.7,774,0.0916,2
1770125790.2219212,BOT_3,92.88,727,0.0614,2
1770125790.2219212,BOT_3,60.57,658,0.0403,2
1770125790.2219212,BOT_3,47.09,666,0.0836,2
1770125790.2219212,BOT_3,51.4,1051,0.0486,2
1770125790.2219212,BOT_3,88.45,1315,0.0739,2
1770125790.2219212,BOT_3,47.04,947,0.0828,2
1770125790.2219212,BOT_3,93.5,821,0.0278,2
1770125790.2219212,BOT_3,53.81,983,0.0249,2
1770125790.2219212,BOT_3,80.19,1082,0.0629,2
1770125790.2219212,BOT_3,71.81,938,0.0161,2
1770125790.2219212,BOT_3,86.61,719,0.0888,2
1770125790.2219212,BOT_3,72.6,1391,0.0754,2
1770125790.2219212,BOT_3,40.55,1344,0.0519,2
1770125790.2219212,BOT_3,86.4,749,0.0832,2
1770125790.2219212,BOT_3,63.71,660,0.0867,2
1770125790.2219212,BOT_3,86.75,1360,0.0602,2
1770125790.2219212,BOT_3,87.49,1379,0.0509,2
1770125790.2219212,BOT_3,35.12,962,0.0856,2
1770125790.2219212,BOT_3,51.3,893,0.0279,2
1770125790.2219212,BOT_3,40.85,1058,0.0688,2
1770125790.2219212,BOT_3,74.51,1194,0.0652,2
1770125790.2219212,BOT_3,43.46,889,0.0216,2
1770125790.2219212,BOT_3,41.29,883,0.0699,2
1770125790.2219212,BOT_3,54.48,1312,0.0293,2
1770125790.2219212,BOT_3,89.87,1323,0.0429,2
1770125790.2219212,BOT_3,51.67,958,0.05,2
1770125790.2219212,BOT_3,43.34,677,0.0832,2
1770125790.2219212,BOT_3,97.53,1136,0.066,2
1770125790.2219212,BOT_3,43.33,959,0.0923,2
1770125790.2219212,BOT_3,58.72,884,0.0861,2
1770125790.2219212,BOT_3,93.69,683,0.0179,2
1770125790.2219212,BOT_3,37.51,1138,0.0209,2
1770125790.2219212,BOT_3,37.18,1176,0.049,2
1770125790.2219212,BOT_4,45.81,1009,0.027,2
1770125790.2219212,BOT_4,34.37,1086,0.095,2
1770125790.2219212,BOT_4,92.29,600,0.0438,2
1770125790.2219212,BOT_4,41.28,1222,0.0258,2
1770125790.2219212,BOT_4,36.06,744,0.0057,2
1770125790.2219212,BOT_4,94.52,888,0.0908,2
1770125790.2219212,BOT_4,58.87,885,0.0662,2
1770125790.2219212,BOT_4,79.96,1125,0.0193,2
1770125790.2219212,BOT_4,47.96,782,0.014,2
1770125790.2219212,BOT_4,91.28,825,0.087,2
1770125790.2219212,BOT_4,85.38,1128,0.0194,2
1770125790.2219212,BOT_4,34.09,685,0.0422,2
1770125790.2219212,BOT_4,30.75,1062,0.0624,2
1770125790.2219212,BOT_4,65.43,670,0.0581,2
1770125790.2219212,BOT_4,41.24,722,0.0354,2
1770125790.2219212,BOT_4,77.84,866,0.0575,2
1770125790.2219212,BOT_4,81.43,1221,0.0325,2
1770125790.2219212,BOT_4,54.65,828,0.0709,2
1770125790.2219212,BOT_4,38.23,1282,0.0696,2
1770125790.2219212,BOT_4,97.15,622,0.0609,2
1770125790.2219212,BOT_4,69.84,805,0.0762,2
1770125790.2219212,BOT_4,56.6,1303,0.0364,2
1770125790.2219212,BOT_4,36.86,1339,0.0273,2
1770125790.2219212,BOT_4,66.58,1265,0.0619,2
1770125790.2219212,BOT_4,54.48,1269,0.0794,2
1770125790.2219212,BOT_4,62.94,871,0.0286,2
1770125790.2219212,BOT_4,43.69,1221,0.0991,2
1770125790.2219212,BOT_4,37.63,1053,0.0558,2
1770125790.2219212,BOT_4,65.68,781,0.0774,2
1770125790.2219212,BOT_4,39.59,1340,0.089,2
1770125790.2219212,BOT_4,92.81,690,0.0226,2
1770125790.2219212,BOT_4,85.08,873,0.0654,2
1770125790.2219212,BOT_4,88.72,893,0.025,2
1770125790.2219212,BOT_4,82.74,693,0.039,2
1770125790.2219212,BOT_4,43.48,1212,0.0254,2
1770125790.2219212,BOT_4,86.16,625,0.0546,2
1770125790.2219212,BOT_4,92.64,1018,0.0188,2
1770125790.2219212,BOT_4,67.96,1086,0.0712,2
1770125790.2229211,BOT_4,93.17,1128,0.091,2
1770125790.2229211,BOT_4,39.35,1297,0.0118,2
1770125790.2229211,BOT_4,63.71,929,0.0389,2
1770125790.2229211,BOT_4,86.42,887,0.0571,2
1770125790.2229211,BOT_4,61.66,1256,0.0766,2
1770125790.2229211,BOT_4,75.5,1342,0.0764,2
1770125790.2229211,BOT_4,67.85,762,0.0522,2
1770125790.2229211,BOT_4,49.05,1351,0.0606,2
1770125790.2229211,BOT_4,65.13,792,0.0726,2
1770125790.2229211,BOT_4,74.07,1068,0.0448,2
1770125790.2229211,BOT_4,48.02,723,0.0381,2
1770125790.2229211,BOT_4,77.77,717,0.0889,2
1770125790.2229211,BOT_4,84.27,1308,0.0703,2
1770125790.2229211,BOT_4,37.5,855,0.0264,2
1770125790.2229211,BOT_4,36.53,966,0.0893,2
1770125790.2229211,BOT_4,98.21,784,0.0682,2
1770125790.2229211,BOT_4,37.46,986,0.0053,2
1770125790.2229211,BOT_4,58.61,1325,0.0118,2
1770125790.2229211,BOT_4,91.89,833,0.0643,2
1770125790.2229211,BOT_4,66.78,650,0.0789,2
1770125790.2229211,BOT_4,95.3,1108,0.0445,2
1770125790.2229211,BOT_4,55.5,1231,0.0377,2
1770125790.2229211,BOT_4,32.7,988,0.0948,2
1770125790.2229211,BOT_4,60.2,1143,0.0318,2
1770125790.2229211,BOT_4,32.34,964,0.0377,2
1770125790.2229211,BOT_4,83.08,1400,0.0984,2
1770125790.2229211,BOT_4,58.57,1282,0.0081,2
1770125790.2229211,BOT_4,91.49,975,0.0283,2
1770125790.2229211,BOT_4,96.36,764,0.0303,2
1770125790.2229211,BOT_4,85.29,966,0.0167,2
1770125790.2229211,BOT_4,74.8,695,0.0368,2
1770125790.2229211,BOT_4,59.3,1030,0.07,2
1770125790.2229211,BOT_4,95.32,871,0.0614,2
1770125790.2229211,BOT_4,56.26,1282,0.06,2
1770125790.2229211,BOT_4,42.85,1040,0.0332,2
1770125790.2229211,BOT_4,46.33,742,0.0125,2
1770125790.2229211,BOT_4,45.7,1200,0.0319,2
1770125790.2229211,BOT_4,36.03,1076,0.0379,2
1770125790.2229211,BOT_4,83.16,1132,0.0603,2
1770125790.2229211,BOT_4,91.05,938,0.0692,2
1770125790.2229211,BOT_4,47.86,770,0.0236,2
1770125790.2229211,BOT_4,33.77,946,0.0442,2
1770125790.2229211,BOT_4,47.72,706,0.0281,2
1770125790.2229211,BOT_4,37.56,819,0.0875,2
1770125790.2229211,BOT_4,45.92,1237,0.0078,2
1770125790.2229211,BOT_4,78.31,894,0.0517,2
1770125790.2229211,BOT_4,77.11,767,0.0985,2
1770125790.2229211,BOT_4,97.73,1238,0.0819,2
1770125790.2229211,BOT_4,43.48,820,0.0725,2
1770125790.2229211,BOT_4,70.32,1349,0.0235,2
1770125790.2229211,BOT_4,51.8,657,0.0398,2
1770125790.2229211,BOT_4,66.34,722,0.0148,2
1770125790.2229211,BOT_4,97.05,686,0.023,2
1770125790.2229211,BOT_4,54.62,1357,0.0575,2
1770125790.2229211,BOT_4,87.1,1203,0.0307,2
1770125790.2229211,BOT_4,43.59,1001,0.015,2
1770125790.2229211,BOT_4,83.54,1271,0.0504,2
1770125790.2229211,BOT_4,71.98,1273,0.0236,2
1770125790.2229211,BOT_4,76.55,668,0.0154,2
1770125790.2229211,BOT_4,68.54,625,0.0602,2
1770125790.2229211,BOT_4,47.59,1122,0.0129,2
1770125790.2229211,BOT_4,89.03,732,0.0765,2
1770125790.2229211,BOT_4,49.19,1245,0.0065,2
1770125790.2229211,BOT_4,82.65,1223,0.0824,2
1770125790.2229211,BOT_4,31.43,984,0.0838,2
1770125790.2229211,BOT_4,34.54,1190,0.0108,2
1770125790.2229211,BOT_4,40.6,1083,0.0247,2
1770125790.2229211,BOT_4,40.55,1059,0.0939,2
1770125790.2229211,BOT_4,97.62,945,0.0937,2
1770125790.2229211,BOT_4,41.89,788,0.0714,2
1770125790.2229211,BOT_4,99.48,943,0.099,2
1770125790.2229211,BOT_4,52.01,652,0.0591,2
1770125790.2229211,BOT_4,70.72,850,0.0438,2
1770125790.2229211,BOT_4,91.08,1061,0.0946,2
1770125790.2229211,BOT_4,95.86,759,0.0881,2
1770125790.2229211,BOT_4,81.32,726,0.0968,2
1770125790.2229211,BOT_4,97.69,1126,0.0189,2
1770125790.2229211,BOT_4,84.58,733,0.0285,2
1770125790.2229211,BOT_4,39.05,723,0.0849,2
1770125790.2229211,BOT_4,67.0,650,0.0705,2
1770125790.2229211,BOT_4,46.36,632,0.0264,2
1770125790.2229211,BOT_4,64.63,1331,0.054,2
1770125790.2229211,BOT_4,40.9,1073,0.0564,2
1770125790.2229211,BOT_4,37.3,1281,0.0655,2
1770125790.2229211,BOT_4,31.42,849,0.0738,2
1770125790.2229211,BOT_4,91.05,762,0.066,2
1770125790.2229211,BOT_4,77.29,649,0.052,2
1770125790.2229211,BOT_4,34.05,841,0.0935,2
1770125790.2229211,BOT_4,74.94,1373,0.0814,2
1770125790.2229211,BOT_4,33.58,1252,0.0285,2
1770125790.2229211,BOT_4,39.13,716,0.0638,2
1770125790.2229211,BOT_4,31.72,1203,0.0505,2
1770125790.2229211,BOT_4,56.74,1011,0.0624,2
1770125790.2229211,BOT_4,33.55,805,0.0828,2
1770125790.2229211,BOT_4,93.66,1328,0.0766,2
1770125790.2229211,BOT_4,31.37,606,0.079,2
1770125790.2229211,BOT_4,75.98,1339,0.0602,2
1770125790.2229211,BOT_4,60.07,1203,0.0564,2
1770125790.2229211,BOT_4,65.38,1381,0.0868,2
1770125790.2229211,BOT_4,80.71,862,0.0294,2
1770125790.2229211,BOT_4,97.35,642,0.0524,2
1770125790.2229211,BOT_4,43.65,1069,0.0647,2
1770125790.2229211,BOT_4,38.91,1068,0.0128,2
1770125790.2229211,BOT_4,88.77,677,0.0809,2
1770125790.2229211,BOT_4,70.68,804,0.0237,2
1770125790.2229211,BOT_4,94.65,987,0.0764,2
1770125790.2229211,BOT_4,30.54,1227,0.0437,2
1770125790.2229211,BOT_4,64.18,1166,0.0362,2
1770125790.2229211,BOT_4,42.05,1193,0.0198,2
1770125790.2229211,BOT_4,92.63,1318,0.0342,2
1770125790.2229211,BOT_4,57.06,1125,0.07,2
1770125790.2229211,BOT_4,63.28,837,0.027,2
1770125790.2229211,BOT_4,31.3,1240,0.0805,2
1770125790.2229211,BOT_4,98.75,1097,0.085,2
1770125790.2229211,BOT_4,52.33,1182,0.0838,2
1770125790.2229211,BOT_4,86.91,601,0.043,2
1770125790.2229211,BOT_4,79.52,866,0.0069,2
1770125790.2229211,BOT_4,32.91,1156,0.0427,2
1770125790.2229211,BOT_4,35.57,1359,0.087,2
1770125790.2229211,BOT_4,48.3,985,0.0184,2
1770125790.2229211,BOT_4,86.32,1272,0.0655,2
1770125790.2229211,BOT_4,68.28,954,0.0907,2
1770125790.2229211,BOT_4,82.26,1276,0.0159,2
1770125790.2229211,BOT_4,47.78,1366,0.0631,2
1770125790.2229211,BOT_4,61.48,656,0.0713,2
1770125790.2229211,BOT_4,82.37,1205,0.0863,2
1770125790.2229211,BOT_4,90.92,1384,0.0243,2
1770125790.2229211,BOT_4,69.15,633,0.0138,2
1770125790.2229211,BOT_4,80.69,682,0.0319,2
1770125790.2229211,BOT_4,81.44,1048,0.0752,2
1770125790.2229211,BOT_4,98.47,1180,0.029,2
1770125790.2229211,BOT_4,72.64,1154,0.0721,2
1770125790.2229211,BOT_4,88.69,1259,0.0781,2
1770125790.2229211,BOT_4,44.08,745,0.0931,2
1770125790.2229211,BOT_4,88.6,806,0.089,2
1770125790.2229211,BOT_4,85.68,979,0.0125,2
1770125790.2239208,BOT_4,79.75,771,0.0988,2
1770125790.2239208,BOT_4,75.4,1255,0.0116,2
1770125790.2239208,BOT_4,42.59,676,0.0326,2
1770125790.2239208,BOT_4,38.9,775,0.0594,2
1770125790.2239208,BOT_4,57.03,1318,0.097,2
1770125790.2239208,BOT_4,37.46,1357,0.0248,2
1770125790.2239208,BOT_4,62.41,732,0.0228,2
1770125790.2239208,BOT_4,42.48,655,0.0347,2
1770125790.2239208,BOT_4,67.93,813,0.0905,2
1770125790.2239208,BOT_4,90.33,1169,0.0332,2
1770125790.2239208,BOT_4,63.54,1297,0.0711,2
1770125790.2239208,BOT_4,62.15,1347,0.0139,2
1770125790.2239208,BOT_4,79.25,1104,0.0503,2
1770125790.2239208,BOT_4,44.7,1267,0.081,2
1770125790.2239208,BOT_4,38.74,1279,0.0254,2
1770125790.2239208,BOT_4,60.05,1061,0.0456,2
1770125790.2239208,BOT_4,51.75,790,0.0707,2
1770125790.2239208,BOT_4,64.33,1233,0.093,2
1770125790.2239208,BOT_4,78.21,659,0.0529,2
1770125790.2239208,BOT_4,96.41,1067,0.0312,2
1770125790.2239208,BOT_4,99.95,734,0.0774,2
1770125790.2239208,BOT_4,44.28,1016,0.049,2
1770125790.2239208,BOT_4,82.5,1103,0.0341,2
1770125790.2239208,BOT_4,30.99,1012,0.0723,2
1770125790.2239208,BOT_4,52.48,979,0.0774,2
1770125790.2239208,BOT_4,64.97,808,0.0138,2
1770125790.2239208,BOT_4,56.02,1347,0.032,2
1770125790.2239208,BOT_4,84.49,1228,0.0057,2
1770125790.2239208,BOT_4,49.81,1013,0.0757,2
1770125790.2239208,BOT_4,37.15,769,0.0328,2
1770125790.2239208,BOT_4,71.89,719,0.0141,2
1770125790.2239208,BOT_4,30.3,949,0.0507,2
1770125790.2239208,BOT_4,62.88,839,0.0079,2
1770125790.2239208,BOT_4,31.23,1051,0.0377,2
1770125790.2239208,BOT_4,55.99,1008,0.0782,2
1770125790.2239208,BOT_4,33.25,1371,0.08,2
1770125790.2239208,BOT_4,86.32,958,0.0501,2
1770125790.2239208,BOT_4,46.94,657,0.0691,2
1770125790.2239208,BOT_4,34.79,943,0.0211,2
1770125790.2239208,BOT_4,53.41,672,0.0286,2
1770125790.2239208,BOT_4,98.36,784,0.0699,2
1770125790.2239208,BOT_4,62.22,1202,0.0815,2
1770125790.2239208,BOT_4,98.95,604,0.0412,2
1770125790.2239208,BOT_4,42.21,685,0.0924,2
1770125790.2239208,BOT_4,54.89,1083,0.0328,2
1770125790.2239208,BOT_4,52.57,1334,0.0711,2
1770125790.2239208,BOT_4,54.28,944,0.0981,2
1770125790.2239208,BOT_4,41.78,1220,0.0588,2
1770125790.2239208,BOT_4,75.3,1103,0.0282,2
1770125790.2239208,BOT_4,35.59,613,0.0682,2
1770125790.2239208,BOT_4,78.81,1062,0.0994,2
1770125790.2239208,BOT_4,86.3,1247,0.0138,2
1770125790.2239208,BOT_4,56.05,835,0.0422,2
1770125790.2239208,BOT_4,69.72,660,0.0953,2
1770125790.2239208,BOT_4,77.95,770,0.0475,2
1770125790.2239208,BOT_4,75.02,735,0.0136,2
1770125790.2239208,BOT_4,40.66,669,0.0217,2
1770125790.2239208,BOT_4,40.34,1136,0.0443,2
1770125790.2239208,BOT_4,93.26,611,0.0919,2
1770125790.2239208,BOT_4,87.49,1339,0.082,2
1770125790.2239208,BOT_4,72.42,987,0.0253,2
1770125790.2239208,BOT_4,73.66,782,0.0254,2
1770125790.2239208,BOT_4,69.85,1073,0.0821,2
1770125790.2239208,BOT_4,98.61,1261,0.0558,2
1770125790.2239208,BOT_4,80.96,792,0.0464,2
1770125790.2239208,BOT_4,30.41,1364,0.0665,2
1770125790.2239208,BOT_4,31.42,1121,0.0802,2
1770125790.2239208,BOT_4,34.95,708,0.0866,2
1770125790.2239208,BOT_4,63.11,606,0.0644,2
1770125790.2239208,BOT_4,85.68,1172,0.0782,2
1770125790.2239208,BOT_4,59.75,872,0.0418,2
1770125790.2239208,BOT_4,34.16,833,0.0813,2
1770125790.2239208,BOT_4,99.0,833,0.0955,2
1770125790.2239208,BOT_4,83.52,883,0.0823,2
1770125790.2239208,BOT_4,92.07,1005,0.0232,2
1770125790.2239208,BOT_4,51.08,1297,0.0336,2
1770125790.2239208,BOT_4,62.89,1059,0.0151,2
1770125790.2239208,BOT_4,75.39,616,0.0746,2
1770125790.2239208,BOT_4,66.46,1371,0.0933,2
1770125790.2239208,BOT_4,96.0,702,0.0633,2
1770125790.2239208,BOT_4,89.86,1302,0.0549,2
1770125790.2239208,BOT_4,85.82,850,0.0332,2
1770125790.2239208,BOT_4,85.68,1092,0.0996,2
1770125790.2239208,BOT_4,97.33,761,0.0816,2
1770125790.2239208,BOT_4,64.97,1371,0.079,2
1770125790.2239208,BOT_4,34.67,721,0.0336,2
1770125790.2239208,BOT_4,56.33,857,0.0555,2
1770125790.2239208,BOT_4,90.5,661,0.0116,2
1770125790.2239208,BOT_4,66.03,754,0.0912,2
1770125790.2239208,BOT_4,74.65,954,0.0888,2
1770125790.2239208,BOT_4,99.33,1235,0.071,2
1770125790.2239208,BOT_4,84.61,661,0.0431,2
1770125790.2239208,BOT_4,85.29,645,0.0178,2
1770125790.2239208,BOT_4,63.43,1133,0.0415,2
1770125790.2239208,BOT_4,79.52,1136,0.0715,2
1770125790.2239208,BOT_4,46.99,679,0.0147,2
1770125790.2239208,BOT_4,45.32,878,0.0224,2
1770125790.2239208,BOT_4,54.86,897,0.0464,2
1770125790.2239208,BOT_4,55.09,879,0.0884,2
1770125790.2239208,BOT_4,91.76,1062,0.0435,2
1770125790.2239208,BOT_4,58.48,628,0.0411,2
1770125790.2239208,BOT_4,83.24,1044,0.0084,2
1770125790.2239208,BOT_4,96.64,1289,0.0255,2
1770125790.2239208,BOT_4,93.56,1381,0.0675,2
1770125790.2239208,BOT_4,80.31,901,0.0194,2
1770125790.2239208,BOT_4,91.74,951,0.0349,2
1770125790.2239208,BOT_4,56.97,877,0.0361,2
1770125790.2239208,BOT_4,72.32,939,0.0559,2
1770125790.2239208,BOT_4,32.71,953,0.0551,2
1770125790.2239208,BOT_4,31.12,1231,0.048,2
1770125790.2239208,BOT_4,95.89,1014,0.0431,2
1770125790.2239208,BOT_4,63.31,921,0.0904,2
1770125790.2239208,BOT_4,99.91,803,0.0399,2
1770125790.2239208,BOT_4,30.53,1116,0.0293,2
1770125790.2239208,BOT_4,61.51,1174,0.0884,2
1770125790.2239208,BOT_4,77.47,1005,0.0291,2
1770125790.2239208,BOT_4,96.5,1218,0.0126,2
1770125790.2239208,BOT_4,83.21,1083,0.0748,2
1770125790.2239208,BOT_4,82.2,644,0.0198,2
1770125790.2239208,BOT_4,59.53,698,0.0628,2
1770125790.2239208,BOT_4,64.04,736,0.0572,2
1770125790.2239208,BOT_4,54.55,880,0.0975,2
1770125790.2239208,BOT_4,95.93,881,0.0612,2
1770125790.2239208,BOT_4,88.27,1124,0.098,2
1770125790.2239208,BOT_4,43.37,1268,0.0289,2
1770125790.2239208,BOT_4,58.45,796,0.0129,2
1770125790.2239208,BOT_5,66.25,1350,0.0381,2
1770125790.2239208,BOT_5,61.34,1038,0.0097,2
1770125790.2239208,BOT_5,66.49,736,0.0745,2
1770125790.2239208,BOT_5,52.19,850,0.046,2
1770125790.2239208,BOT_5,66.29,1255,0.0349,2
1770125790.2239208,BOT_5,63.16,786,0.0417,2
1770125790.2239208,BOT_5,75.51,899,0.0136,2
1770125790.2239208,BOT_5,39.7,981,0.0259,2
1770125790.2249207,BOT_5,57.28,759,0.0256,2
1770125790.2249207,BOT_5,57.65,631,0.0272,2
1770125790.2249207,BOT_5,44.66,860,0.029,2
1770125790.2249207,BOT_5,98.46,935,0.0881,2
1770125790.2249207,BOT_5,83.4,1391,0.0463,2
1770125790.2249207,BOT_5,55.06,1294,0.0163,2
1770125790.2249207,BOT_5,93.7,805,0.006,2
1770125790.2249207,BOT_5,68.0,1055,0.0641,2
1770125790.2249207,BOT_5,75.8,1315,0.0389,2
1770125790.2249207,BOT_5,58.7,770,0.0758,2
1770125790.2249207,BOT_5,82.12,847,0.0324,2
1770125790.2249207,BOT_5,94.4,1176,0.0657,2
1770125790.2249207,BOT_5,54.04,908,0.0258,2
1770125790.2249207,BOT_5,93.58,1191,0.0312,2
1770125790.2249207,BOT_5,68.93,1157,0.0484,2
1770125790.2249207,BOT_5,87.22,1288,0.0844,2
1770125790.2249207,BOT_5,72.54,1125,0.0708,2
1770125790.2249207,BOT_5,55.01,1106,0.025,2
1770125790.2249207,BOT_5,45.67,936,0.0175,2
1770125790.2249207,BOT_5,40.18,985,0.0111,2
1770125790.2249207,BOT_5,41.46,1104,0.0885,2
1770125790.2249207,BOT_5,78.96,986,0.0142,2
1770125790.2249207,BOT_5,32.65,823,0.0468,2
1770125790.2249207,BOT_5,93.57,879,0.0074,2
1770125790.2249207,BOT_5,91.35,670,0.0507,2
1770125790.2249207,BOT_5,73.78,1216,0.0635,2
1770125790.2249207,BOT_5,83.19,919,0.0222,2
1770125790.2249207,BOT_5,31.76,1166,0.0231,2
1770125790.2249207,BOT_5,40.44,1376,0.056,2
1770125790.2249207,BOT_5,39.35,751,0.0515,2
1770125790.2249207,BOT_5,81.69,687,0.0386,2
1770125790.2249207,BOT_5,39.29,1237,0.056,2
1770125790.2249207,BOT_5,56.92,1390,0.0972,2
1770125790.2249207,BOT_5,57.37,891,0.0709,2
1770125790.2249207,BOT_5,47.25,928,0.0809,2
1770125790.2249207,BOT_5,49.39,795,0.0238,2
1770125790.2249207,BOT_5,47.69,1210,0.0298,2
1770125790.2249207,BOT_5,31.86,1087,0.0339,2
1770125790.2249207,BOT_5,78.23,774,0.0138,2
1770125790.2249207,BOT_5,52.1,1222,0.0307,2
1770125790.2249207,BOT_5,97.09,667,0.0926,2
1770125790.2249207,BOT_5,32.33,1262,0.0689,2
1770125790.2249207,BOT_5,59.57,657,0.0148,2
1770125790.2249207,BOT_5,93.34,686,0.0199,2
1770125790.2249207,BOT_5,30.25,1381,0.0997,2
1770125790.2249207,BOT_5,41.26,1284,0.0209,2
1770125790.2249207,BOT_5,42.91,641,0.0108,2
1770125790.2249207,BOT_5,62.21,808,0.0941,2
1770125790.2249207,BOT_5,61.12,872,0.0845,2
1770125790.2249207,BOT_5,52.1,653,0.0104,2
1770125790.2249207,BOT_5,66.59,629,0.073,2
1770125790.2249207,BOT_5,58.53,733,0.0605,2
1770125790.2249207,BOT_5,44.64,807,0.0287,2
1770125790.2249207,BOT_5,63.32,931,0.0561,2
1770125790.2249207,BOT_5,41.58,660,0.0471,2
1770125790.2249207,BOT_5,80.47,1152,0.0227,2
1770125790.2249207,BOT_5,68.44,1153,0.0617,2
1770125790.2249207,BOT_5,93.19,716,0.0673,2
1770125790.2249207,BOT_5,58.39,939,0.0355,2
1770125790.2249207,BOT_5,64.73,778,0.0934,2
1770125790.2249207,BOT_5,91.08,953,0.0122,2
1770125790.2249207,BOT_5,99.43,692,0.0829,2
1770125790.2249207,BOT_5,37.19,949,0.0097,2
1770125790.2249207,BOT_5,43.74,786,0.0675,2
1770125790.2249207,BOT_5,70.23,1091,0.0866,2
1770125790.2249207,BOT_5,44.94,996,0.0709,2
1770125790.2249207,BOT_5,41.45,997,0.0878,2
1770125790.2249207,BOT_5,56.74,633,0.0368,2
1770125790.2249207,BOT_5,98.73,832,0.0321,2
1770125790.2249207,BOT_5,66.08,626,0.0435,2
1770125790.2249207,BOT_5,49.19,923,0.0523,2
1770125790.2249207,BOT_5,33.14,1282,0.0632,2
1770125790.2249207,BOT_5,91.29,1225,0.0401,2
1770125790.2249207,BOT_5,94.72,695,0.0516,2
1770125790.2249207,BOT_5,53.28,1284,0.0086,2
1770125790.2249207,BOT_5,66.6,743,0.0306,2
1770125790.2249207,BOT_5,33.07,1211,0.0558,2
1770125790.2249207,BOT_5,41.7,756,0.0315,2
1770125790.2249207,BOT_5,64.99,622,0.0737,2
1770125790.2249207,BOT_5,43.56,695,0.049,2
1770125790.2249207,BOT_5,45.97,628,0.0321,2
1770125790.2249207,BOT_5,97.05,1180,0.0966,2
1770125790.2249207,BOT_5,48.39,714,0.0202,2
1770125790.2249207,BOT_5,30.67,844,0.0053,2
1770125790.2249207,BOT_5,94.41,766,0.0544,2
1770125790.2249207,BOT_5,71.73,1248,0.0625,2
1770125790.2249207,BOT_5,82.52,1166,0.059,2
1770125790.2249207,BOT_5,87.45,1116,0.0112,2
1770125790.2249207,BOT_5,79.17,1204,0.0523,2
1770125790.2249207,BOT_5,76.73,768,0.0476,2
1770125790.2249207,BOT_5,42.02,729,0.0786,2
1770125790.2249207,BOT_5,65.5,1056,0.0127,2
1770125790.2249207,BOT_5,66.69,716,0.0707,2
1770125790.2249207,BOT_5,61.55,1187,0.0103,2
1770125790.2249207,BOT_5,56.64,871,0.0305,2
1770125790.2249207,BOT_5,90.86,1386,0.0149,2
1770125790.2249207,BOT_5,74.4,975,0.0683,2
1770125790.2249207,BOT_5,84.15,1189,0.0707,2
1770125790.2249207,BOT_5,54.44,749,0.0141,2
1770125790.2249207,BOT_5,53.85,1317,0.0246,2
1770125790.2249207,BOT_5,47.26,1012,0.0528,2
1770125790.2249207,BOT_5,78.48,1222,0.0764,2
1770125790.2249207,BOT_5,38.71,684,0.0716,2
1770125790.2249207,BOT_5,42.71,608,0.0548,2
1770125790.2249207,BOT_5,75.0,997,0.0994,2
1770125790.2249207,BOT_5,81.62,711,0.0651,2
1770125790.2249207,BOT_5,90.19,1251,0.0348,2
1770125790.2249207,BOT_5,80.11,1226,0.0098,2
1770125790.2249207,BOT_5,45.78,994,0.02,2
1770125790.2249207,BOT_5,33.19,764,0.0208,2
1770125790.2249207,BOT_5,86.45,989,0.0594,2
1770125790.2249207,BOT_5,44.26,727,0.0715,2
1770125790.2249207,BOT_5,84.07,1086,0.0633,2
1770125790.2249207,BOT_5,64.18,969,0.0417,2
1770125790.2249207,BOT_5,96.38,1339,0.031,2
1770125790.2259216,BOT_5,36.03,973,0.0508,2
1770125790.2259216,BOT_5,37.83,1024,0.0958,2
1770125790.2259216,BOT_5,94.22,619,0.0649,2
1770125790.2259216,BOT_5,79.37,1191,0.0226,2
1770125790.2259216,BOT_5,47.62,942,0.0527,2
1770125790.2259216,BOT_5,39.92,1152,0.0551,2
1770125790.2259216,BOT_5,76.38,682,0.0792,2
1770125790.2259216,BOT_5,72.71,1283,0.016,2
1770125790.2259216,BOT_5,30.5,780,0.0421,2
1770125790.2259216,BOT_5,92.9,1276,0.0548,2
1770125790.2259216,BOT_5,72.91,1153,0.0552,2
1770125790.2259216,BOT_5,93.21,1366,0.0261,2
1770125790.2259216,BOT_5,70.42,1185,0.019,2
1770125790.2259216,BOT_5,84.55,758,0.082,2
1770125790.2259216,BOT_5,70.61,1214,0.0304,2
1770125790.2259216,BOT_5,48.55,1047,0.0735,2
1770125790.2259216,BOT_5,78.74,1311,0.0217,2
1770125790.2259216,BOT_5,83.23,1092,0.0194,2
1770125790.2259216,BOT_5,63.75,621,0.0505,2
1770125790.2259216,BOT_5,90.4,1323,0.0861,2
1770125790.2259216,BOT_5,33.43,959,0.0619,2
1770125790.2259216,BOT_5,31.17,1000,0.0224,2
1770125790.2259216,BOT_5,99.13,1181,0.0394,2
1770125790.2259216,BOT_5,94.26,962,0.0683,2
1770125790.2259216,BOT_5,49.66,809,0.0805,2
1770125790.2259216,BOT_5,99.25,1283,0.0849,2
1770125790.2259216,BOT_5,96.39,1151,0.0709,2
1770125790.2259216,BOT_5,53.88,790,0.0835,2
1770125790.2259216,BOT_5,86.63,799,0.0773,2
1770125790.2259216,BOT_5,96.92,845,0.0935,2
1770125790.2259216,BOT_5,81.2,704,0.0421,2
1770125790.2259216,BOT_5,73.64,877,0.0739,2
1770125790.2259216,BOT_5,64.54,921,0.0333,2
1770125790.2259216,BOT_5,62.05,1283,0.0581,2
1770125790.2259216,BOT_5,46.54,1369,0.0823,2
1770125790.2259216,BOT_5,59.72,1190,0.0137,2
1770125790.2259216,BOT_5,73.33,1192,0.0881,2
1770125790.2259216,BOT_5,95.77,1327,0.0291,2
1770125790.2259216,BOT_5,71.56,1008,0.0077,2
1770125790.2259216,BOT_5,85.95,1201,0.014,2
1770125790.2259216,BOT_5,62.78,1205,0.0453,2
1770125790.2259216,BOT_5,78.14,996,0.0221,2
1770125790.2259216,BOT_5,82.69,1265,0.0866,2
1770125790.2259216,BOT_5,60.67,753,0.0739,2
1770125790.2259216,BOT_5,60.73,996,0.0947,2
1770125790.2259216,BOT_5,52.78,957,0.0524,2
1770125790.2259216,BOT_5,35.61,695,0.0277,2
1770125790.2259216,BOT_5,84.7,1343,0.0384,2
1770125790.2259216,BOT_5,83.85,1354,0.0118,2
1770125790.2259216,BOT_5,95.7,938,0.0108,2
1770125790.2259216,BOT_5,90.9,805,0.0502,2
1770125790.2259216,BOT_5,39.67,835,0.0317,2
1770125790.2259216,BOT_5,69.61,1162,0.0466,2
1770125790.2259216,BOT_5,90.04,878,0.0766,2
1770125790.2259216,BOT_5,47.75,876,0.0407,2
1770125790.2259216,BOT_5,60.04,829,0.0473,2
1770125790.2259216,BOT_5,34.67,959,0.0426,2
1770125790.2259216,BOT_5,49.48,889,0.0482,2
1770125790.2259216,BOT_5,51.68,758,0.0726,2
1770125790.2259216,BOT_5,73.8,756,0.0476,2
1770125790.2259216,BOT_5,39.07,1163,0.0831,2
1770125790.2259216,BOT_5,98.64,631,0.0467,2
1770125790.2259216,BOT_5,89.59,989,0.097,2
1770125790.2259216,BOT_5,56.88,761,0.0228,2
1770125790.2259216,BOT_5,60.22,907,0.0796,2
1770125790.2259216,BOT_5,62.59,879,0.081,2
1770125790.2259216,BOT_5,97.08,828,0.0522,2
1770125790.2259216,BOT_5,53.12,681,0.0241,2
1770125790.2259216,BOT_5,65.03,606,0.0885,2
1770125790.2259216,BOT_5,98.61,1305,0.0411,2
1770125790.2259216,BOT_5,87.96,1127,0.0647,2
1770125790.2259216,BOT_5,63.96,823,0.0469,2
1770125790.2259216,BOT_5,54.67,1215,0.0514,2
1770125790.2259216,BOT_5,47.03,1101,0.0337,2
1770125790.2259216,BOT_5,95.81,1104,0.0909,2
1770125790.2259216,BOT_5,55.27,631,0.0905,2
1770125790.2259216,BOT_5,66.93,821,0.0985,2
1770125790.2259216,BOT_5,54.91,1082,0.0381,2
1770125790.2259216,BOT_5,77.62,812,0.015,2
1770125790.2259216,BOT_5,76.58,1183,0.092,2
1770125790.2259216,BOT_5,75.55,1282,0.0084,2
1770125790.2259216,BOT_5,44.15,1201,0.0544,2
1770125790.2259216,BOT_5,33.94,1270,0.0591,2
1770125790.2259216,BOT_5,50.91,1097,0.0854,2
1770125790.2259216,BOT_5,48.06,1210,0.0088,2
1770125790.2259216,BOT_5,55.35,696,0.0508,2
1770125790.2259216,BOT_5,71.68,704,0.0178,2
1770125790.2259216,BOT_5,35.21,1269,0.0836,2
1770125790.2259216,BOT_5,38.88,738,0.055,2
1770125790.2259216,BOT_5,43.48,714,0.0732,2
1770125790.2259216,BOT_5,67.84,791,0.0992,2
1770125790.2259216,BOT_5,39.52,625,0.0852,2
1770125790.2259216,BOT_5,49.19,892,0.0155,2
1770125790.2259216,BOT_5,36.45,1209,0.0295,2
1770125790.2259216,BOT_5,39.63,808,0.0707,2
1770125790.2259216,BOT_5,44.0,739,0.0193,2
1770125790.2259216,BOT_5,47.58,1384,0.0088,2
1770125790.2259216,BOT_5,62.62,1325,0.07,2
1770125790.2259216,BOT_5,73.4,979,0.0908,2
1770125790.2259216,BOT_5,69.14,1318,0.0143,2
1770125790.2259216,BOT_5,40.29,1344,0.0131,2
1770125790.2259216,BOT_5,93.86,722,0.0775,2
1770125790.2259216,BOT_5,64.37,1294,0.0306,2
1770125790.2259216,BOT_5,34.93,670,0.0615,2
1770125790.2259216,BOT_5,77.53,753,0.0382,2
1770125790.2259216,BOT_5,61.56,688,0.082,2
1770125790.2259216,BOT_5,44.61,1037,0.0159,2
1770125790.2259216,BOT_5,33.88,1273,0.0533,2
1770125790.2259216,BOT_5,77.57,1130,0.0416,2
1770125790.2259216,BOT_5,38.34,1220,0.0358,2
1770125790.2259216,BOT_5,72.56,935,0.0863,2
1770125790.2259216,BOT_5,87.37,1119,0.0273,2
1770125790.2259216,BOT_5,87.8,1073,0.088,2
1770125790.2259216,BOT_5,43.64,1218,0.0973,2
1770125790.2259216,BOT_5,96.05,763,0.0845,2
1770125790.2259216,BOT_5,60.17,651,0.0417,2
1770125790.2259216,BOT_5,33.24,671,0.0406,2
1770125790.2259216,BOT_5,77.92,744,0.0426,2
1770125790.2259216,BOT_5,41.64,960,0.077,2
1770125790.2259216,BOT_5,59.11,853,0.0974,2
1770125790.2259216,BOT_5,31.74,1365,0.0695,2
1770125790.2259216,BOT_5,30.45,845,0.0355,2
1770125790.2259216,BOT_5,34.79,1377,0.025,2
1770125790.2259216,BOT_5,59.37,814,0.0993,2
1770125790.2259216,BOT_5,93.93,1257,0.0231,2
1770125790.2259216,BOT_5,37.23,1215,0.0475,2
1770125790.2259216,BOT_5,91.67,1146,0.0891,2
1770125790.2259216,BOT_5,63.36,1047,0.0878,2
1770125790.2259216,BOT_5,68.52,1262,0.0335,2
1770125790.2259216,BOT_5,87.17,1240,0.0266,2
1770125790.2259216,BOT_5,62.06,1079,0.0753,2
1770125790.2259216,BOT_5,32.22,1342,0.0582,2
1770125790.2259216,BOT_5,69.12,1289,0.0941,2
1770125790.2269208,BOT_5,42.36,677,0.0642,2
1770125790.2269208,BOT_5,33.9,752,0.0734,2
1770125790.2269208,BOT_5,48.4,1085,0.0259,2
1770125790.2269208,BOT_5,69.34,1199,0.0818,2
1770125790.2269208,BOT_5,54.05,1195,0.0962,2
1770125790.2269208,BOT_5,65.88,1175,0.0632,2
1770125790.2269208,BOT_5,31.45,666,0.0422,2
1770125790.2269208,BOT_5,40.09,771,0.0114,2
1770125790.2269208,BOT_5,55.76,1379,0.0962,2
1770125790.2269208,BOT_5,94.78,1239,0.0117,2
1770125790.2269208,BOT_5,58.11,984,0.0478,2
1770125790.2269208,BOT_5,96.12,1190,0.0997,2
1770125790.2269208,BOT_5,97.92,731,0.0305,2
1770125790.2269208,BOT_5,94.3,949,0.0148,2
1770125790.2269208,BOT_5,93.49,814,0.0131,2
1770125790.2269208,BOT_5,83.08,1031,0.0579,2
1770125790.2269208,BOT_5,93.26,1351,0.0678,2
1770125790.2269208,BOT_5,56.53,1384,0.0289,2
1770125790.2269208,BOT_5,71.55,955,0.0852,2
1770125790.2269208,BOT_5,34.75,1142,0.0154,2
1770125790.2269208,BOT_5,75.96,1000,0.065,2
1770125790.2269208,BOT_5,84.61,647,0.0215,2
1770125790.2269208,BOT_5,59.65,727,0.0361,2
1770125790.2269208,BOT_5,68.16,950,0.0938,2
1770125790.2269208,BOT_5,86.23,1068,0.0864,2
1770125790.2269208,BOT_5,58.01,1113,0.0451,2
1770125790.2269208,BOT_5,75.11,688,0.0333,2
1770125790.2269208,BOT_5,38.64,1311,0.0616,2
1770125790.2269208,BOT_5,38.71,1013,0.0615,2
1770125790.2269208,BOT_5,81.52,797,0.018,2
1770125790.2269208,BOT_5,45.41,621,0.0501,2
1770125790.2269208,BOT_5,82.18,1249,0.0521,2
1770125790.2269208,BOT_5,80.11,979,0.0965,2
1770125790.2269208,BOT_5,67.6,1359,0.0506,2
1770125790.2269208,BOT_5,74.87,609,0.0175,2
1770125790.2269208,BOT_5,90.27,1227,0.0374,2
1770125790.2269208,BOT_5,87.93,774,0.0471,2
1770125790.2269208,BOT_5,30.15,880,0.0659,2
1770125790.2269208,BOT_5,36.83,831,0.0618,2
1770125790.2269208,BOT_5,54.49,1165,0.0155,2
1770125790.2269208,BOT_5,85.04,943,0.0511,2
1770125790.2269208,BOT_5,90.58,1193,0.0552,2
1770125790.2269208,BOT_5,93.45,727,0.0576,2
1770125790.2269208,BOT_5,48.4,1009,0.0384,2
1770125790.2269208,BOT_6,36.49,1068,0.0481,2
1770125790.2269208,BOT_6,42.82,704,0.0908,2
1770125790.2269208,BOT_6,74.29,729,0.0326,2
1770125790.2269208,BOT_6,52.48,1096,0.0349,2
1770125790.2269208,BOT_6,96.52,1239,0.0752,2
1770125790.2269208,BOT_6,79.57,1153,0.0715,2
1770125790.2269208,BOT_6,32.23,955,0.0378,2
1770125790.2269208,BOT_6,54.1,673,0.0772,2
1770125790.2269208,BOT_6,37.37,1190,0.0518,2
1770125790.2269208,BOT_6,81.06,726,0.0887,2
1770125790.2269208,BOT_6,70.62,739,0.0785,2
1770125790.2269208,BOT_6,46.39,1247,0.0365,2
1770125790.2269208,BOT_6,46.0,802,0.0845,2
1770125790.2269208,BOT_6,89.67,743,0.0808,2
1770125790.2269208,BOT_6,69.61,1393,0.0366,2
1770125790.2269208,BOT_6,36.33,974,0.0545,2
1770125790.2269208,BOT_6,30.49,843,0.0191,2
1770125790.2269208,BOT_6,49.67,1120,0.0779,2
1770125790.2269208,BOT_6,91.36,1030,0.047,2
1770125790.2269208,BOT_6,58.3,792,0.0299,2
1770125790.2269208,BOT_6,62.29,1258,0.0317,2
1770125790.2269208,BOT_6,37.89,1059,0.0972,2
1770125790.2269208,BOT_6,50.94,710,0.057,2
1770125790.2269208,BOT_6,31.69,1240,0.0727,2
1770125790.2269208,BOT_6,76.45,1187,0.0799,2
1770125790.2269208,BOT_6,74.78,787,0.0168,2
1770125790.2269208,BOT_6,71.03,773,0.0827,2
1770125790.2269208,BOT_6,64.42,821,0.0338,2
1770125790.2269208,BOT_6,94.63,917,0.0497,2
1770125790.2269208,BOT_6,47.12,741,0.005,2
1770125790.2269208,BOT_6,84.01,1123,0.0094,2
1770125790.2269208,BOT_6,62.92,990,0.0307,2
1770125790.2269208,BOT_6,48.09,1153,0.0263,2
1770125790.2269208,BOT_6,56.99,674,0.0389,2
1770125790.2269208,BOT_6,87.76,1327,0.0207,2
1770125790.2269208,BOT_6,62.54,912,0.0982,2
1770125790.2269208,BOT_6,44.58,1152,0.0807,2
1770125790.2269208,BOT_6,85.68,1094,0.02,2
1770125790.2269208,BOT_6,42.08,863,0.025,2
1770125790.2269208,BOT_6,48.86,1185,0.0995,2
1770125790.2269208,BOT_6,43.68,912,0.0747,2
1770125790.2269208,BOT_6,47.69,1091,0.0401,2
1770125790.2269208,BOT_6,44.0,1365,0.0677,2
1770125790.2269208,BOT_6,49.18,698,0.091,2
1770125790.2269208,BOT_6,59.87,1003,0.0896,2
1770125790.2269208,BOT_6,59.46,618,0.0717,2
1770125790.2269208,BOT_6,30.43,1205,0.0176,2
1770125790.2269208,BOT_6,36.54,667,0.0329,2
1770125790.2269208,BOT_6,44.33,771,0.0953,2
1770125790.2269208,BOT_6,98.85,1220,0.0541,2
1770125790.2269208,BOT_6,71.74,851,0.0482,2
1770125790.2269208,BOT_6,84.2,1397,0.0187,2
1770125790.2269208,BOT_6,94.64,1229,0.0701,2
1770125790.2269208,BOT_6,90.75,916,0.0268,2
1770125790.2269208,BOT_6,50.03,622,0.095,2
1770125790.2269208,BOT_6,84.16,925,0.0637,2
1770125790.2269208,BOT_6,57.37,1390,0.0662,2
1770125790.2269208,BOT_6,71.01,952,0.0219,2
1770125790.2269208,BOT_6,48.75,737,0.0708,2
1770125790.2269208,BOT_6,54.01,950,0.077,2
1770125790.2269208,BOT_6,39.84,1194,0.0146,2
1770125790.2269208,BOT_6,49.94,653,0.0978,2
1770125790.2269208,BOT_6,80.98,698,0.0606,2
1770125790.2269208,BOT_6,73.72,1395,0.013,2
1770125790.2269208,BOT_6,67.25,1232,0.0371,2
1770125790.2269208,BOT_6,83.29,1030,0.017,2
1770125790.2269208,BOT_6,47.16,898,0.0747,2
1770125790.2269208,BOT_6,38.91,1137,0.0078,2
1770125790.2269208,BOT_6,78.25,720,0.0824,2
1770125790.2269208,BOT_6,66.37,1367,0.0263,2
1770125790.2269208,BOT_6,38.71,864,0.0433,2
1770125790.2269208,BOT_6,71.09,1177,0.0402,2
1770125790.2269208,BOT_6,70.2,757,0.0147,2
1770125790.2269208,BOT_6,37.2,1141,0.0388,2
1770125790.2269208,BOT_6,52.64,655,0.0855,2
1770125790.2269208,BOT_6,89.54,713,0.0893,2
1770125790.2269208,BOT_6,38.61,966,0.0953,2
1770125790.2269208,BOT_6,99.98,872,0.0536,2
1770125790.2269208,BOT_6,68.32,1051,0.0603,2
1770125790.2269208,BOT_6,64.18,882,0.0071,2
1770125790.2269208,BOT_6,82.43,1250,0.0145,2
1770125790.2269208,BOT_6,47.49,646,0.0215,2
1770125790.2269208,BOT_6,36.87,963,0.0726,2
1770125790.2269208,BOT_6,30.5,801,0.095,2
1770125790.2269208,BOT_6,97.47,647,0.0074,2
1770125790.2269208,BOT_6,48.74,1132,0.0634,2
1770125790.2269208,BOT_6,38.08,668,0.0997,2
1770125790.2269208,BOT_6,74.21,1185,0.0515,2
1770125790.2269208,BOT_6,33.05,788,0.0753,2
1770125790.2269208,BOT_6,42.36,936,0.0206,2
1770125790.2269208,BOT_6,67.44,1149,0.0121,2
1770125790.2269208,BOT_6,85.54,1375,0.0435,2
1770125790.2269208,BOT_6,80.64,1390,0.0612,2
1770125790.227921,BOT_6,90.57,1217,0.0925,2
1770125790.227921,BOT_6,63.66,614,0.0929,2
1770125790.227921,BOT_6,50.1,864,0.0555,2
1770125790.227921,BOT_6,36.27,1020,0.0255,2
1770125790.227921,BOT_6,36.13,995,0.0943,2
1770125790.227921,BOT_6,35.18,805,0.0731,2
1770125790.227921,BOT_6,80.78,714,0.0872,2
1770125790.227921,BOT_6,31.16,951,0.0657,2
1770125790.227921,BOT_6,43.29,1261,0.0283,2
1770125790.227921,BOT_6,56.01,842,0.0153,2
1770125790.227921,BOT_6,76.46,857,0.0244,2
1770125790.227921,BOT_6,44.57,834,0.0541,2
1770125790.227921,BOT_6,72.96,1241,0.0155,2
1770125790.227921,BOT_6,40.12,691,0.0348,2
1770125790.227921,BOT_6,47.95,746,0.0837,2
1770125790.227921,BOT_6,48.41,621,0.0879,2
1770125790.227921,BOT_6,76.48,944,0.0159,2
1770125790.227921,BOT_6,94.68,1381,0.0722,2
1770125790.227921,BOT_6,65.19,752,0.0433,2
1770125790.227921,BOT_6,41.96,955,0.0303,2
1770125790.227921,BOT_6,42.77,1192,0.0663,2
1770125790.227921,BOT_6,80.0,1187,0.0763,2
1770125790.227921,BOT_6,41.02,861,0.0556,2
1770125790.227921,BOT_6,88.85,674,0.023,2
1770125790.227921,BOT_6,68.79,742,0.0929,2
1770125790.227921,BOT_6,94.09,640,0.085,2
1770125790.227921,BOT_6,94.24,798,0.0489,2
1770125790.227921,BOT_6,95.82,1004,0.0392,2
1770125790.227921,BOT_6,34.38,912,0.0525,2
1770125790.227921,BOT_6,93.09,905,0.0059,2
1770125790.227921,BOT_6,38.65,1393,0.0859,2
1770125790.227921,BOT_6,42.78,1357,0.0365,2
1770125790.227921,BOT_6,36.41,1016,0.0812,2
1770125790.227921,BOT_6,84.1,1131,0.0127,2
1770125790.227921,BOT_6,44.87,876,0.0357,2
1770125790.227921,BOT_6,92.29,1245,0.0486,2
1770125790.227921,BOT_6,77.51,804,0.0562,2
1770125790.227921,BOT_6,53.16,945,0.0663,2
1770125790.227921,BOT_6,44.79,959,0.0941,2
1770125790.227921,BOT_6,46.49,1104,0.0741,2
1770125790.227921,BOT_6,38.83,1198,0.0726,2
1770125790.227921,BOT_6,71.75,1102,0.0274,2
1770125790.227921,BOT_6,68.77,1293,0.0207,2
1770125790.227921,BOT_6,44.85,964,0.092,2
1770125790.227921,BOT_6,45.49,1086,0.015,2
1770125790.227921,BOT_6,62.81,959,0.0072,2
1770125790.227921,BOT_6,36.77,1110,0.0426,2
1770125790.227921,BOT_6,78.77,921,0.0434,2
1770125790.227921,BOT_6,75.35,1269,0.0732,2
1770125790.227921,BOT_6,51.64,689,0.0226,2
1770125790.227921,BOT_6,36.75,662,0.09,2
1770125790.227921,BOT_6,31.65,666,0.0824,2
1770125790.227921,BOT_6,61.39,1117,0.0763,2
1770125790.227921,BOT_6,95.94,903,0.0988,2
1770125790.227921,BOT_6,97.37,1009,0.052,2
1770125790.227921,BOT_6,45.25,791,0.0832,2
1770125790.227921,BOT_6,58.95,616,0.0379,2
1770125790.227921,BOT_6,64.31,1024,0.0597,2
1770125790.227921,BOT_6,73.99,774,0.0125,2
1770125790.227921,BOT_6,79.4,705,0.0308,2
1770125790.227921,BOT_6,31.69,846,0.0747,2
1770125790.227921,BOT_6,42.68,1119,0.0371,2
1770125790.227921,BOT_6,70.61,1323,0.0469,2
1770125790.227921,BOT_6,46.78,1362,0.0347,2
1770125790.227921,BOT_6,41.46,1334,0.0924,2
1770125790.227921,BOT_6,78.34,942,0.0763,2
1770125790.227921,BOT_6,65.03,961,0.0862,2
1770125790.227921,BOT_6,39.4,741,0.0311,2
1770125790.227921,BOT_6,64.57,1198,0.0522,2
1770125790.227921,BOT_6,54.96,634,0.0316,2
1770125790.227921,BOT_6,60.22,797,0.0386,2
1770125790.227921,BOT_6,76.45,907,0.0515,2
1770125790.227921,BOT_6,74.24,894,0.0571,2
1770125790.227921,BOT_6,42.86,1199,0.0237,2
1770125790.227921,BOT_6,59.71,1321,0.0383,2
1770125790.227921,BOT_6,97.27,1324,0.0366,2
1770125790.227921,BOT_6,91.19,915,0.0983,2
1770125790.227921,BOT_6,76.64,755,0.0624,2
1770125790.227921,BOT_6,58.44,1126,0.0377,2
1770125790.227921,BOT_6,88.57,815,0.0934,2
1770125790.227921,BOT_6,62.77,693,0.049,2
1770125790.227921,BOT_6,97.84,1023,0.036,2
1770125790.227921,BOT_6,30.6,742,0.0731,2
1770125790.227921,BOT_6,40.36,893,0.0891,2
1770125790.227921,BOT_6,71.96,1350,0.0897,2
1770125790.227921,BOT_6,47.2,1379,0.0236,2
1770125790.227921,BOT_6,44.16,1046,0.0389,2
1770125790.227921,BOT_6,63.76,1250,0.0896,2
1770125790.227921,BOT_6,76.44,769,0.0982,2
1770125790.227921,BOT_6,79.44,1140,0.0831,2
1770125790.227921,BOT_6,68.42,904,0.0579,2
1770125790.227921,BOT_6,87.25,1177,0.0104,2
1770125790.227921,BOT_6,53.09,1084,0.0782,2
1770125790.227921,BOT_6,31.31,869,0.0893,2
1770125790.227921,BOT_6,94.0,878,0.0934,2
1770125790.227921,BOT_6,71.95,1353,0.0376,2
1770125790.227921,BOT_6,88.98,747,0.0362,2
1770125790.227921,BOT_6,77.94,713,0.0302,2
1770125790.227921,BOT_6,60.05,1352,0.0639,2
1770125790.227921,BOT_6,64.13,1122,0.0171,2
1770125790.227921,BOT_6,47.19,1181,0.0163,2
1770125790.227921,BOT_6,78.49,1084,0.0185,2
1770125790.227921,BOT_6,83.54,1137,0.0755,2
1770125790.227921,BOT_6,78.71,937,0.0066,2
1770125790.227921,BOT_6,32.46,701,0.0506,2
1770125790.227921,BOT_6,81.7,952,0.0219,2
1770125790.227921,BOT_6,31.41,1179,0.0983,2
1770125790.227921,BOT_6,33.36,841,0.0508,2
1770125790.227921,BOT_6,64.55,1229,0.0366,2
1770125790.227921,BOT_6,99.36,802,0.0897,2
1770125790.227921,BOT_6,66.22,1173,0.0413,2
1770125790.227921,BOT_6,57.24,714,0.0507,2
1770125790.227921,BOT_6,42.48,1320,0.0078,2
1770125790.227921,BOT_6,39.71,1325,0.0923,2
1770125790.227921,BOT_6,89.41,928,0.0165,2
1770125790.227921,BOT_6,33.28,718,0.0221,2
1770125790.227921,BOT_6,86.92,1249,0.0399,2
1770125790.227921,BOT_6,49.01,1132,0.073,2
1770125790.227921,BOT_6,32.51,1092,0.0459,2
1770125790.227921,BOT_6,97.25,1356,0.0976,2
1770125790.227921,BOT_6,69.2,700,0.0088,2
1770125790.227921,BOT_6,97.31,954,0.0233,2
1770125790.227921,BOT_6,77.05,1122,0.0317,2
1770125790.227921,BOT_6,58.45,1168,0.0686,2
1770125790.227921,BOT_6,37.83,678,0.0127,2
1770125790.227921,BOT_6,40.61,682,0.0902,2
1770125790.227921,BOT_6,74.3,862,0.0852,2
1770125790.227921,BOT_6,78.21,1286,0.0206,2
1770125790.227921,BOT_6,62.32,848,0.0983,2
1770125790.227921,BOT_6,92.24,1358,0.042,2
1770125790.227921,BOT_6,56.75,685,0.0322,2
1770125790.227921,BOT_6,40.98,683,0.0458,2
1770125790.227921,BOT_6,85.03,778,0.0267,2
1770125790.227921,BOT_6,53.31,1368,0.0556,2
1770125790.227921,BOT_6,97.95,1338,0.0073,2
1770125790.227921,BOT_6,34.34,704,0.088,2
1770125790.228921,BOT_6,99.61,692,0.0375,2
1770125790.228921,BOT_6,47.14,1319,0.0086,2
1770125790.228921,BOT_6,53.23,1200,0.0316,2
1770125790.228921,BOT_6,67.1,982,0.0311,2
1770125790.228921,BOT_6,98.68,1267,0.0191,2
1770125790.228921,BOT_6,85.24,1193,0.091,2
1770125790.228921,BOT_6,81.36,1133,0.0801,2
1770125790.228921,BOT_6,86.37,745,0.0659,2
1770125790.228921,BOT_6,84.27,685,0.042,2
1770125790.228921,BOT_6,75.12,1314,0.0879,2
1770125790.228921,BOT_6,70.36,702,0.0125,2
1770125790.228921,BOT_6,68.05,1399,0.0878,2
1770125790.228921,BOT_6,72.49,1217,0.0685,2
1770125790.228921,BOT_6,58.07,889,0.0923,2
1770125790.228921,BOT_6,62.08,731,0.0952,2
1770125790.228921,BOT_6,50.47,1311,0.0426,2
1770125790.228921,BOT_6,31.52,1182,0.0476,2
1770125790.228921,BOT_6,86.24,724,0.0337,2
1770125790.228921,BOT_6,47.75,1104,0.0708,2
1770125790.228921,BOT_6,74.21,895,0.0446,2
1770125790.228921,BOT_6,52.85,1343,0.088,2
1770125790.228921,BOT_6,54.68,691,0.0572,2
1770125790.228921,BOT_6,45.42,1085,0.0251,2
1770125790.228921,BOT_6,89.68,1353,0.0762,2
1770125790.228921,BOT_6,90.54,1312,0.0766,2
1770125790.228921,BOT_6,55.34,887,0.0091,2
1770125790.228921,BOT_6,80.21,992,0.0895,2
1770125790.228921,BOT_6,97.78,1197,0.0739,2
1770125790.228921,BOT_6,41.87,1051,0.0183,2
1770125790.228921,BOT_6,30.41,794,0.0417,2
1770125790.228921,BOT_6,55.28,647,0.0844,2
1770125790.228921,BOT_6,73.97,606,0.0097,2
1770125790.228921,BOT_6,41.98,1231,0.0351,2
1770125790.228921,BOT_6,92.45,1000,0.0545,2
1770125790.228921,BOT_6,39.92,631,0.0457,2
1770125790.228921,BOT_6,54.94,1248,0.0373,2
1770125790.228921,BOT_6,30.91,1003,0.0554,2
1770125790.228921,BOT_6,62.06,607,0.0061,2
1770125790.228921,BOT_6,60.95,965,0.0486,2
1770125790.228921,BOT_6,37.98,759,0.0753,2
1770125790.228921,BOT_6,60.05,775,0.017,2
1770125790.228921,BOT_6,91.4,1353,0.0675,2
1770125790.228921,BOT_6,31.76,1001,0.0579,2
1770125790.228921,BOT_6,77.68,689,0.0783,2
1770125790.228921,BOT_6,35.33,1074,0.0872,2
1770125790.228921,BOT_6,85.89,605,0.0279,2
1770125790.228921,BOT_6,50.7,809,0.0163,2
1770125790.228921,BOT_6,86.31,753,0.0661,2
1770125790.228921,BOT_6,39.41,639,0.0605,2
1770125790.228921,BOT_6,59.92,1034,0.042,2
1770125790.228921,BOT_6,69.01,955,0.0923,2
1770125790.228921,BOT_6,74.65,1353,0.0999,2
1770125790.228921,BOT_6,65.37,988,0.0203,2
1770125790.228921,BOT_6,32.89,661,0.0494,2
1770125790.228921,BOT_6,42.06,936,0.0569,2
1770125790.228921,BOT_6,32.72,1343,0.0855,2
1770125790.228921,BOT_6,52.4,1362,0.007,2
1770125790.228921,BOT_6,46.48,685,0.091,2
1770125790.228921,BOT_6,73.48,1228,0.0845,2
1770125790.228921,BOT_6,55.23,1200,0.0763,2
1770125790.228921,BOT_6,94.49,1327,0.0508,2
1770125790.228921,BOT_6,90.7,823,0.0342,2
1770125790.228921,BOT_6,41.73,1096,0.0163,2
1770125790.228921,BOT_6,71.49,1093,0.0644,2
1770125790.228921,BOT_6,34.86,1245,0.0153,2
1770125790.228921,BOT_6,94.5,1293,0.062,2
1770125790.228921,BOT_6,34.46,1068,0.0701,2
1770125790.228921,BOT_6,30.75,774,0.0957,2
1770125790.228921,BOT_6,42.64,940,0.0361,2
1770125790.228921,BOT_6,96.68,772,0.0986,2
1770125790.228921,BOT_6,77.46,703,0.0772,2
1770125790.228921,BOT_7,57.98,1275,0.0854,2
1770125790.228921,BOT_7,43.51,1068,0.0397,2
1770125790.228921,BOT_7,99.9,815,0.0573,2
1770125790.228921,BOT_7,72.05,810,0.0213,2
1770125790.228921,BOT_7,46.88,761,0.0817,2
1770125790.228921,BOT_7,77.9,698,0.0816,2
1770125790.228921,BOT_7,97.62,1199,0.0915,2
1770125790.228921,BOT_7,75.75,649,0.0165,2
1770125790.228921,BOT_7,80.14,1100,0.0087,2
1770125790.228921,BOT_7,48.87,1041,0.0469,2
1770125790.228921,BOT_7,49.25,1025,0.0513,2
1770125790.228921,BOT_7,73.97,912,0.031,2
1770125790.228921,BOT_7,72.7,737,0.0806,2
1770125790.228921,BOT_7,68.65,1304,0.0976,2
1770125790.228921,BOT_7,82.61,762,0.0802,2
1770125790.228921,BOT_7,60.07,1069,0.0576,2
1770125790.228921,BOT_7,51.44,856,0.0065,2
1770125790.228921,BOT_7,98.32,1018,0.059,2
1770125790.228921,BOT_7,70.64,961,0.0663,2
1770125790.228921,BOT_7,69.4,843,0.088,2
1770125790.228921,BOT_7,95.27,1150,0.0612,2
1770125790.228921,BOT_7,57.21,810,0.0323,2
1770125790.228921,BOT_7,90.37,756,0.0738,2
1770125790.228921,BOT_7,91.24,1095,0.0161,2
1770125790.228921,BOT_7,47.73,647,0.0466,2
1770125790.228921,BOT_7,36.65,670,0.0121,2
1770125790.228921,BOT_7,95.68,1217,0.0977,2
1770125790.228921,BOT_7,55.32,1201,0.0287,2
1770125790.228921,BOT_7,58.77,1133,0.0541,2
1770125790.228921,BOT_7,86.95,1284,0.0231,2
1770125790.228921,BOT_7,32.15,763,0.0597,2
1770125790.228921,BOT_7,65.93,1271,0.01,2
1770125790.228921,BOT_7,72.14,924,0.0816,2
1770125790.228921,BOT_7,34.67,1227,0.0301,2
1770125790.228921,BOT_7,75.83,872,0.0129,2
1770125790.228921,BOT_7,34.52,1052,0.0893,2
1770125790.228921,BOT_7,44.71,917,0.0885,2
1770125790.228921,BOT_7,47.75,825,0.0607,2
1770125790.228921,BOT_7,85.62,606,0.0595,2
1770125790.228921,BOT_7,67.27,640,0.042,2
1770125790.228921,BOT_7,86.18,862,0.0192,2
1770125790.228921,BOT_7,82.64,1225,0.0549,2
1770125790.228921,BOT_7,47.14,1130,0.0454,2
1770125790.228921,BOT_7,74.33,1199,0.09,2
1770125790.228921,BOT_7,65.75,663,0.0759,2
1770125790.228921,BOT_7,96.51,859,0.0666,2
1770125790.228921,BOT_7,93.77,906,0.0669,2
1770125790.2299216,BOT_7,61.15,603,0.0888,2
1770125790.2299216,BOT_7,67.89,1073,0.0505,2
1770125790.2299216,BOT_7,74.53,600,0.078,2
1770125790.2299216,BOT_7,68.39,1107,0.0539,2
1770125790.2299216,BOT_7,91.23,1125,0.0814,2
1770125790.2299216,BOT_7,51.66,1256,0.0251,2
1770125790.2299216,BOT_7,32.73,900,0.0332,2
1770125790.2299216,BOT_7,52.37,1327,0.0863,2
1770125790.2299216,BOT_7,39.41,935,0.0791,2
1770125790.2299216,BOT_7,79.11,872,0.0651,2
1770125790.2299216,BOT_7,77.2,1137,0.0095,2
1770125790.2299216,BOT_7,61.38,658,0.0742,2
1770125790.2299216,BOT_7,72.1,749,0.0354,2
1770125790.2299216,BOT_7,40.65,760,0.0265,2
1770125790.2299216,BOT_7,65.98,1140,0.0353,2
1770125790.2299216,BOT_7,86.77,1311,0.0553,2
1770125790.2299216,BOT_7,41.29,1281,0.0394,2
1770125790.2299216,BOT_7,77.99,908,0.0161,2
1770125790.2299216,BOT_7,70.42,720,0.0996,2
1770125790.2299216,BOT_7,79.79,603,0.0457,2
1770125790.2299216,BOT_7,77.56,1121,0.0281,2
1770125790.2299216,BOT_7,52.51,777,0.0663,2
1770125790.2299216,BOT_7,50.04,650,0.0821,2
1770125790.2299216,BOT_7,86.54,899,0.0605,2
1770125790.2299216,BOT_7,31.27,1295,0.0978,2
1770125790.2299216,BOT_7,48.93,1025,0.0333,2
1770125790.2299216,BOT_7,79.65,1224,0.0228,2
1770125790.2299216,BOT_7,91.1,1049,0.0676,2
1770125790.2299216,BOT_7,70.86,1029,0.0091,2
1770125790.2299216,BOT_7,66.55,1183,0.0124,2
1770125790.2299216,BOT_7,85.11,1033,0.0213,2
1770125790.2299216,BOT_7,62.74,1197,0.0542,2
1770125790.2299216,BOT_7,69.37,850,0.054,2
1770125790.2299216,BOT_7,60.44,1121,0.0546,2
1770125790.2299216,BOT_7,58.05,813,0.0068,2
1770125790.2299216,BOT_7,60.46,1366,0.0248,2
1770125790.2299216,BOT_7,79.14,1341,0.0907,2
1770125790.2299216,BOT_7,67.16,1199,0.0734,2
1770125790.2299216,BOT_7,45.98,1314,0.0749,2
1770125790.2299216,BOT_7,42.08,901,0.097,2
1770125790.2299216,BOT_7,74.97,1128,0.0744,2
1770125790.2299216,BOT_7,53.68,1100,0.0336,2
1770125790.2299216,BOT_7,81.26,1278,0.0473,2
1770125790.2299216,BOT_7,38.03,1182,0.0064,2
1770125790.2299216,BOT_7,33.55,815,0.0846,2
1770125790.2299216,BOT_7,85.97,1173,0.0194,2
1770125790.2299216,BOT_7,69.33,1060,0.0195,2
1770125790.2299216,BOT_7,94.14,833,0.0786,2
1770125790.2299216,BOT_7,32.69,1067,0.0696,2
1770125790.2299216,BOT_7,58.18,789,0.0666,2
1770125790.2299216,BOT_7,39.59,954,0.0455,2
1770125790.2299216,BOT_7,30.02,967,0.0988,2
1770125790.2299216,BOT_7,82.46,706,0.0296,2
1770125790.2299216,BOT_7,91.31,1261,0.0233,2
1770125790.2299216,BOT_7,97.69,1145,0.0225,2
1770125790.2299216,BOT_7,47.75,1118,0.0235,2
1770125790.2299216,BOT_7,41.84,966,0.0623,2
1770125790.2299216,BOT_7,54.75,1134,0.0569,2
1770125790.2299216,BOT_7,30.19,861,0.0241,2
1770125790.2299216,BOT_7,91.56,613,0.0372,2
1770125790.2299216,BOT_7,91.21,701,0.0245,2
1770125790.2299216,BOT_7,72.01,702,0.012,2
1770125790.2299216,BOT_7,34.28,857,0.0408,2
1770125790.2299216,BOT_7,83.41,909,0.0186,2
1770125790.2299216,BOT_7,93.61,1054,0.0388,2
1770125790.2299216,BOT_7,93.72,1294,0.0151,2
1770125790.2299216,BOT_7,85.76,739,0.0171,2
1770125790.2299216,BOT_7,75.94,1022,0.0392,2
1770125790.2299216,BOT_7,48.25,928,0.0525,2
1770125790.2299216,BOT_7,99.63,1243,0.0115,2
1770125790.2299216,BOT_7,50.8,920,0.0754,2
1770125790.2299216,BOT_7,99.87,738,0.0284,2
1770125790.2299216,BOT_7,51.58,987,0.0939,2
1770125790.2299216,BOT_7,36.04,938,0.0275,2
1770125790.2299216,BOT_7,76.73,1199,0.0363,2
1770125790.2299216,BOT_7,65.23,1238,0.0989,2
1770125790.2299216,BOT_7,85.39,900,0.0245,2
1770125790.2299216,BOT_7,30.04,1112,0.0576,2
1770125790.2299216,BOT_7,83.19,837,0.0642,2
1770125790.2299216,BOT_7,30.6,1289,0.0441,2
1770125790.2299216,BOT_7,56.44,1134,0.0373,2
1770125790.2299216,BOT_7,70.95,1220,0.0217,2
1770125790.2299216,BOT_7,76.41,1060,0.0988,2
1770125790.2299216,BOT_7,54.14,1108,0.0427,2
1770125790.2299216,BOT_7,32.68,938,0.0635,2
1770125790.2299216,BOT_7,32.1,672,0.0604,2
1770125790.2299216,BOT_7,32.84,1013,0.0615,2
1770125790.2299216,BOT_7,42.51,1031,0.086,2
1770125790.2299216,BOT_7,33.88,734,0.0245,2
1770125790.2299216,BOT_7,48.37,711,0.0766,2
1770125790.2299216,BOT_7,45.41,1247,0.0601,2
1770125790.2299216,BOT_7,52.42,1070,0.0929,2
1770125790.2299216,BOT_7,60.74,662,0.0364,2
1770125790.2299216,BOT_7,74.83,719,0.0533,2
1770125790.2299216,BOT_7,74.4,641,0.0377,2
1770125790.2299216,BOT_7,63.84,936,0.0337,2
1770125790.2299216,BOT_7,87.86,1349,0.0077,2
1770125790.2299216,BOT_7,70.84,1185,0.0788,2
1770125790.2299216,BOT_7,48.13,768,0.0495,2
1770125790.2299216,BOT_7,55.57,976,0.0636,2
1770125790.2299216,BOT_7,91.38,965,0.061,2
1770125790.2299216,BOT_7,51.19,601,0.0863,2
1770125790.2299216,BOT_7,36.49,971,0.0918,2
1770125790.2299216,BOT_7,90.11,778,0.0993,2
1770125790.2299216,BOT_7,32.54,1357,0.036,2
1770125790.2299216,BOT_7,49.26,1268,0.0271,2
1770125790.2299216,BOT_7,99.15,1266,0.0995,2
1770125790.2299216,BOT_7,30.19,829,0.0152,2
1770125790.2299216,BOT_7,59.82,1212,0.0927,2
1770125790.2299216,BOT_7,47.02,1394,0.0985,2
1770125790.2299216,BOT_7,80.34,1228,0.089,2
1770125790.2299216,BOT_7,36.59,1241,0.0407,2
1770125790.2299216,BOT_7,58.35,664,0.0879,2
1770125790.2299216,BOT_7,87.05,1251,0.0404,2
1770125790.2299216,BOT_7,64.86,632,0.0607,2
1770125790.2299216,BOT_7,49.51,1154,0.0584,2
1770125790.2299216,BOT_7,96.14,1041,0.0304,2
1770125790.2299216,BOT_7,90.13,1145,0.0332,2
1770125790.2299216,BOT_7,41.53,1035,0.0345,2
1770125790.2299216,BOT_7,94.09,837,0.0801,2
1770125790.2299216,BOT_7,44.58,659,0.0106,2
1770125790.2299216,BOT_7,72.67,903,0.0735,2
1770125790.2299216,BOT_7,48.72,1200,0.0828,2
1770125790.2299216,BOT_7,99.11,986,0.0535,2
1770125790.2299216,BOT_7,97.43,1241,0.0804,2
1770125790.2299216,BOT_7,99.77,627,0.0384,2
1770125790.2299216,BOT_7,42.02,766,0.0999,2
1770125790.2299216,BOT_7,85.68,1347,0.0936,2
1770125790.2299216,BOT_7,75.04,804,0.0742,2
1770125790.2299216,BOT_7,51.72,895,0.049,2
1770125790.2299216,BOT_7,83.37,1226,0.0363,2
1770125790.2299216,BOT_7,90.8,1295,0.0695,2
1770125790.2299216,BOT_7,48.0,1028,0.0262,2
1770125790.2299216,BOT_7,88.56,1227,0.0424,2
1770125790.2299216,BOT_7,61.98,697,0.077,2
1770125790.2299216,BOT_7,48.54,1017,0.0507,2
1770125790.2299216,BOT_7,86.79,1291,0.0068,2
1770125790.2309213,BOT_7,50.47,1393,0.0692,2
1770125790.2309213,BOT_7,61.14,988,0.0222,2
1770125790.2309213,BOT_7,49.41,1175,0.0404,2
1770125790.2309213,BOT_7,74.45,1233,0.0408,2
1770125790.2309213,BOT_7,86.5,908,0.0185,2
1770125790.2309213,BOT_7,48.47,939,0.0675,2
1770125790.2309213,BOT_7,95.14,1374,0.0813,2
1770125790.2309213,BOT_7,37.47,1250,0.005,2
1770125790.2309213,BOT_7,83.35,1130,0.0533,2
1770125790.2309213,BOT_7,99.15,849,0.0619,2
1770125790.2309213,BOT_7,46.51,1035,0.0887,2
1770125790.2309213,BOT_7,54.84,909,0.0372,2
1770125790.2309213,BOT_7,72.18,715,0.0984,2
1770125790.2309213,BOT_7,70.32,620,0.0474,2
1770125790.2309213,BOT_7,83.54,804,0.0195,2
1770125790.2309213,BOT_7,90.42,657,0.0354,2
1770125790.2309213,BOT_7,31.46,853,0.0156,2
1770125790.2309213,BOT_7,52.62,900,0.0219,2
1770125790.2309213,BOT_7,41.0,781,0.0728,2
1770125790.2309213,BOT_7,83.02,1131,0.0117,2
1770125790.2309213,BOT_7,94.74,934,0.038,2
1770125790.2309213,BOT_7,74.14,1284,0.0463,2
1770125790.2309213,BOT_7,46.78,670,0.0548,2
1770125790.2309213,BOT_7,87.75,775,0.0998,2
1770125790.2309213,BOT_7,73.58,873,0.075,2
1770125790.2309213,BOT_7,63.87,862,0.0557,2
1770125790.2309213,BOT_7,35.22,1371,0.069,2
1770125790.2309213,BOT_7,95.82,756,0.0064,2
1770125790.2309213,BOT_7,57.6,616,0.0718,2
1770125790.2309213,BOT_7,89.3,1173,0.0592,2
1770125790.2309213,BOT_7,99.3,945,0.0922,2
1770125790.2309213,BOT_7,39.21,784,0.0401,2
1770125790.2309213,BOT_7,31.64,787,0.0745,2
1770125790.2309213,BOT_7,78.93,940,0.0526,2
1770125790.2309213,BOT_7,34.73,1012,0.0626,2
1770125790.2309213,BOT_7,50.63,910,0.0321,2
1770125790.2309213,BOT_7,55.79,677,0.0834,2
1770125790.2309213,BOT_7,97.07,1076,0.036,2
1770125790.2309213,BOT_7,82.44,917,0.0084,2
1770125790.2309213,BOT_7,88.06,1334,0.0504,2
1770125790.2309213,BOT_7,96.17,1158,0.0777,2
1770125790.2309213,BOT_7,69.16,890,0.0766,2
1770125790.2309213,BOT_7,69.35,1222,0.087,2
1770125790.2309213,BOT_7,81.29,1104,0.099,2
1770125790.2309213,BOT_7,45.58,803,0.0458,2
1770125790.2309213,BOT_7,57.0,1326,0.0412,2
1770125790.2309213,BOT_7,91.26,889,0.0916,2
1770125790.2309213,BOT_7,91.09,795,0.0461,2
1770125790.2309213,BOT_7,43.02,895,0.0931,2
1770125790.2309213,BOT_7,91.69,736,0.0305,2
1770125790.2309213,BOT_7,32.75,1299,0.0216,2
1770125790.2309213,BOT_7,31.38,1221,0.0137,2
1770125790.2309213,BOT_7,43.69,766,0.0173,2
1770125790.2309213,BOT_7,73.55,663,0.0542,2
1770125790.2309213,BOT_7,54.02,1179,0.0354,2
1770125790.2309213,BOT_7,31.96,936,0.0504,2
1770125790.2309213,BOT_7,80.16,748,0.0482,2
1770125790.2309213,BOT_7,74.4,761,0.0537,2
1770125790.2309213,BOT_7,48.63,1342,0.0486,2
1770125790.2309213,BOT_7,79.55,1042,0.0072,2
1770125790.2309213,BOT_7,86.79,1215,0.0617,2
1770125790.2309213,BOT_7,52.38,1397,0.0738,2
1770125790.2309213,BOT_7,85.28,1000,0.0888,2
1770125790.2309213,BOT_7,41.92,638,0.0185,2
1770125790.2309213,BOT_7,77.14,867,0.0343,2
1770125790.2309213,BOT_7,85.74,1044,0.0365,2
1770125790.2309213,BOT_7,64.8,1380,0.0368,2
1770125790.2309213,BOT_7,77.47,875,0.0238,2
1770125790.2309213,BOT_7,31.75,1234,0.038,2
1770125790.2309213,BOT_7,83.11,657,0.0077,2
1770125790.2309213,BOT_7,85.63,678,0.0786,2
1770125790.2309213,BOT_7,94.64,1333,0.0491,2
1770125790.2309213,BOT_7,59.31,1330,0.043,2
1770125790.2309213,BOT_7,78.72,1318,0.0088,2
1770125790.2309213,BOT_7,99.08,914,0.0304,2
1770125790.2309213,BOT_7,73.53,1235,0.0728,2
1770125790.2309213,BOT_7,48.31,699,0.0131,2
1770125790.2309213,BOT_7,30.49,1332,0.0554,2
1770125790.2309213,BOT_7,63.2,1246,0.0214,2
1770125790.2309213,BOT_7,83.21,1349,0.0102,2
1770125790.2309213,BOT_7,92.29,782,0.0121,2
1770125790.2309213,BOT_7,72.36,1341,0.0891,2
1770125790.2309213,BOT_7,54.95,951,0.0867,2
1770125790.2309213,BOT_7,63.97,1021,0.0255,2
1770125790.2309213,BOT_7,96.43,1220,0.0365,2
1770125790.2309213,BOT_7,95.68,1241,0.0505,2
1770125790.2309213,BOT_7,89.19,820,0.0061,2
1770125790.2309213,BOT_7,57.0,991,0.0108,2
1770125790.2309213,BOT_7,49.57,863,0.096,2
1770125790.2309213,BOT_7,46.53,1389,0.0134,2
1770125790.2309213,BOT_7,46.41,746,0.0939,2
1770125790.2309213,BOT_7,70.23,791,0.0355,2
1770125790.2309213,BOT_7,74.25,1345,0.0931,2
1770125790.2309213,BOT_7,68.01,734,0.0644,2
1770125790.2309213,BOT_7,52.06,722,0.005,2
1770125790.2309213,BOT_7,90.85,788,0.0314,2
1770125790.2309213,BOT_7,92.42,666,0.0117,2
1770125790.2309213,BOT_7,42.12,694,0.0248,2
1770125790.2309213,BOT_7,85.1,848,0.0056,2
1770125790.2309213,BOT_7,66.21,998,0.0361,2
1770125790.2309213,BOT_7,48.97,762,0.0802,2
1770125790.2309213,BOT_7,92.5,668,0.0411,2
1770125790.2309213,BOT_7,31.73,967,0.0583,2
1770125790.2309213,BOT_7,60.36,1190,0.0673,2
1770125790.2309213,BOT_7,34.68,1113,0.0609,2
1770125790.2309213,BOT_7,68.3,726,0.0836,2
1770125790.2309213,BOT_7,64.6,627,0.0264,2
1770125790.2309213,BOT_7,41.03,1313,0.0441,2
1770125790.2309213,BOT_7,79.18,1286,0.0363,2
1770125790.2309213,BOT_7,46.93,1117,0.0217,2
1770125790.2309213,BOT_7,65.03,857,0.0066,2
1770125790.2309213,BOT_7,50.57,933,0.0836,2
1770125790.2309213,BOT_7,37.27,683,0.0472,2
1770125790.2309213,BOT_7,75.5,750,0.0987,2
1770125790.2309213,BOT_7,70.77,903,0.0336,2
1770125790.2309213,BOT_7,32.6,1226,0.0573,2
1770125790.2309213,BOT_8,74.51,855,0.0347,2
1770125790.2309213,BOT_8,53.01,761,0.0705,2
1770125790.2309213,BOT_8,39.3,757,0.0183,2
1770125790.2309213,BOT_8,42.42,1307,0.0466,2
1770125790.2309213,BOT_8,94.56,942,0.0787,2
1770125790.2309213,BOT_8,58.28,710,0.0413,2
1770125790.2309213,BOT_8,57.87,794,0.0351,2
1770125790.2309213,BOT_8,78.51,785,0.0695,2
1770125790.2309213,BOT_8,75.84,745,0.0514,2
1770125790.2309213,BOT_8,33.4,865,0.0403,2
1770125790.2309213,BOT_8,89.35,909,0.0412,2
1770125790.2309213,BOT_8,44.58,1108,0.0638,2
1770125790.2309213,BOT_8,34.28,1332,0.0751,2
1770125790.231921,BOT_8,91.18,886,0.0864,2
1770125790.231921,BOT_8,43.84,1106,0.0379,2
1770125790.231921,BOT_8,30.78,1303,0.0791,2
1770125790.231921,BOT_8,67.55,1311,0.0156,2
1770125790.231921,BOT_8,91.22,1303,0.0658,2
1770125790.231921,BOT_8,72.07,814,0.0261,2
1770125790.231921,BOT_8,39.72,893,0.0999,2
1770125790.231921,BOT_8,83.61,795,0.0416,2
1770125790.231921,BOT_8,60.95,1046,0.076,2
1770125790.231921,BOT_8,64.35,1048,0.0538,2
1770125790.231921,BOT_8,47.69,1256,0.0742,2
1770125790.231921,BOT_8,84.07,1222,0.024,2
1770125790.231921,BOT_8,88.66,825,0.095,2
1770125790.231921,BOT_8,45.06,868,0.0795,2
1770125790.231921,BOT_8,40.01,624,0.0818,2
1770125790.231921,BOT_8,61.55,689,0.0359,2
1770125790.231921,BOT_8,60.36,683,0.0698,2
1770125790.231921,BOT_8,81.1,961,0.0575,2
1770125790.231921,BOT_8,51.14,937,0.0851,2
1770125790.231921,BOT_8,72.77,1282,0.0199,2
1770125790.231921,BOT_8,66.56,1023,0.0974,2
1770125790.231921,BOT_8,53.52,1158,0.0205,2
1770125790.231921,BOT_8,73.12,888,0.0739,2
1770125790.231921,BOT_8,86.63,1394,0.0554,2
1770125790.231921,BOT_8,50.28,1381,0.0941,2
1770125790.231921,BOT_8,75.01,828,0.0876,2
1770125790.231921,BOT_8,37.82,1118,0.0223,2
1770125790.231921,BOT_8,67.47,1357,0.0106,2
1770125790.231921,BOT_8,69.91,847,0.0405,2
1770125790.231921,BOT_8,33.89,1219,0.0404,2
1770125790.231921,BOT_8,48.3,637,0.0927,2
1770125790.231921,BOT_8,68.9,885,0.0223,2
1770125790.231921,BOT_8,94.48,1020,0.0845,2
1770125790.231921,BOT_8,60.5,813,0.0417,2
1770125790.231921,BOT_8,70.77,925,0.0554,2
1770125790.231921,BOT_8,49.59,1109,0.0157,2
1770125790.231921,BOT_8,62.9,780,0.0844,2
1770125790.231921,BOT_8,61.99,1264,0.0668,2
1770125790.231921,BOT_8,39.38,1290,0.0671,2
1770125790.231921,BOT_8,50.34,1026,0.0717,2
1770125790.231921,BOT_8,68.73,699,0.0377,2
1770125790.231921,BOT_8,87.58,1352,0.08,2
1770125790.231921,BOT_8,52.88,1280,0.0481,2
1770125790.231921,BOT_8,40.57,677,0.0762,2
1770125790.231921,BOT_8,73.09,626,0.0191,2
1770125790.231921,BOT_8,88.82,633,0.0612,2
1770125790.231921,BOT_8,57.42,708,0.0977,2
1770125790.231921,BOT_8,49.55,1300,0.0886,2
1770125790.231921,BOT_8,62.78,850,0.0743,2
1770125790.231921,BOT_8,96.54,1302,0.0601,2
1770125790.231921,BOT_8,46.06,609,0.0158,2
1770125790.231921,BOT_8,87.84,918,0.0993,2
1770125790.231921,BOT_8,66.85,663,0.0744,2
1770125790.231921,BOT_8,69.87,1324,0.053,2
1770125790.231921,BOT_8,75.08,800,0.0149,2
1770125790.231921,BOT_8,92.82,1340,0.0294,2
1770125790.231921,BOT_8,71.22,1037,0.0193,2
1770125790.231921,BOT_8,46.57,1138,0.0872,2
1770125790.231921,BOT_8,34.81,1214,0.0361,2
1770125790.231921,BOT_8,77.52,1300,0.0812,2
1770125790.231921,BOT_8,57.67,943,0.0628,2
1770125790.231921,BOT_8,99.44,885,0.0234,2
1770125790.231921,BOT_8,98.41,1157,0.0571,2
1770125790.231921,BOT_8,50.73,659,0.0181,2
1770125790.231921,BOT_8,47.01,1203,0.013,2
1770125790.231921,BOT_8,43.74,673,0.0178,2
1770125790.231921,BOT_8,90.57,826,0.0796,2
1770125790.231921,BOT_8,54.34,1399,0.0645,2
1770125790.231921,BOT_8,37.32,740,0.0073,2
1770125790.231921,BOT_8,75.45,1236,0.0137,2
1770125790.231921,BOT_8,69.86,860,0.0454,2
1770125790.231921,BOT_8,32.28,776,0.096,2
1770125790.231921,BOT_8,87.87,908,0.0985,2
1770125790.231921,BOT_8,98.97,1064,0.0822,2
1770125790.231921,BOT_8,75.84,886,0.0204,2
1770125790.231921,BOT_8,34.36,1313,0.0178,2
1770125790.231921,BOT_8,30.93,965,0.0661,2
1770125790.231921,BOT_8,42.28,1178,0.0661,2
1770125790.231921,BOT_8,76.25,1257,0.0676,2
1770125790.231921,BOT_8,82.58,791,0.0245,2
1770125790.231921,BOT_8,53.69,956,0.0334,2
1770125790.231921,BOT_8,84.19,907,0.0557,2
1770125790.231921,BOT_8,46.1,1206,0.0398,2
1770125790.231921,BOT_8,58.36,1297,0.0223,2
1770125790.231921,BOT_8,55.84,1096,0.0563,2
1770125790.231921,BOT_8,42.67,1093,0.0323,2
1770125790.231921,BOT_8,68.54,729,0.0085,2
1770125790.231921,BOT_8,95.7,1180,0.0822,2
1770125790.231921,BOT_8,95.59,967,0.0836,2
1770125790.231921,BOT_8,64.67,1392,0.0583,2
1770125790.231921,BOT_8,90.52,1089,0.0313,2
1770125790.231921,BOT_8,34.87,984,0.0093,2
1770125790.231921,BOT_8,77.71,908,0.0994,2
1770125790.231921,BOT_8,77.63,867,0.072,2
1770125790.231921,BOT_8,94.91,1144,0.0062,2
1770125790.231921,BOT_8,98.48,1119,0.0714,2
1770125790.231921,BOT_8,80.45,1202,0.0349,2
1770125790.231921,BOT_8,91.97,610,0.0107,2
1770125790.231921,BOT_8,60.39,607,0.0427,2
1770125790.231921,BOT_8,67.33,1291,0.0651,2
1770125790.231921,BOT_8,39.06,691,0.0142,2
1770125790.231921,BOT_8,99.2,1366,0.0835,2
1770125790.231921,BOT_8,54.1,1187,0.0207,2
1770125790.231921,BOT_8,87.14,978,0.0935,2
1770125790.231921,BOT_8,49.71,1249,0.0896,2
1770125790.231921,BOT_8,56.94,945,0.0534,2
1770125790.231921,BOT_8,48.24,1232,0.0124,2
1770125790.231921,BOT_8,67.28,681,0.0405,2
1770125790.231921,BOT_8,74.19,1120,0.0284,2
1770125790.231921,BOT_8,82.92,1339,0.0503,2
1770125790.231921,BOT_8,44.44,889,0.0654,2
1770125790.231921,BOT_8,95.83,1182,0.0914,2
1770125790.231921,BOT_8,93.9,699,0.022,2
1770125790.231921,BOT_8,49.87,1184,0.0593,2
1770125790.231921,BOT_8,60.44,1082,0.0668,2
1770125790.231921,BOT_8,69.76,1392,0.0175,2
1770125790.231921,BOT_8,94.95,1024,0.034,2
1770125790.231921,BOT_8,97.32,661,0.0257,2
1770125790.231921,BOT_8,34.02,1203,0.0805,2
1770125790.231921,BOT_8,52.61,1272,0.0384,2
1770125790.231921,BOT_8,60.41,871,0.0659,2
1770125790.231921,BOT_8,42.16,940,0.0538,2
1770125790.231921,BOT_8,62.83,1352,0.0589,2
1770125790.231921,BOT_8,46.06,781,0.027,2
1770125790.231921,BOT_8,30.27,1115,0.0115,2
1770125790.231921,BOT_8,38.55,1236,0.013,2
1770125790.231921,BOT_8,38.16,694,0.0414,2
1770125790.231921,BOT_8,41.71,1372,0.0561,2
1770125790.231921,BOT_8,79.23,1206,0.0631,2
1770125790.231921,BOT_8,62.81,701,0.0456,2
1770125790.231921,BOT_8,73.77,678,0.074,2
1770125790.231921,BOT_8,46.5,794,0.054,2
1770125790.231921,BOT_8,38.32,1394,0.0566,2
1770125790.231921,BOT_8,45.24,691,0.0237,2
1770125790.231921,BOT_8,50.63,1224,0.0339,2
1770125790.231921,BOT_8,93.4,1236,0.0786,2
1770125790.231921,BOT_8,64.12,1216,0.0223,2
1770125790.232921,BOT_8,65.01,1169,0.0059,2
1770125790.232921,BOT_8,84.92,690,0.0142,2
1770125790.232921,BOT_8,53.12,1346,0.0164,2
1770125790.232921,BOT_8,46.25,886,0.0568,2
1770125790.232921,BOT_8,82.19,750,0.0976,2
1770125790.232921,BOT_8,79.62,1298,0.0263,2
1770125790.232921,BOT_8,72.19,728,0.0155,2
1770125790.232921,BOT_8,99.1,735,0.0507,2
1770125790.232921,BOT_8,83.92,731,0.0643,2
1770125790.232921,BOT_8,75.46,909,0.0715,2
1770125790.232921,BOT_8,45.73,1374,0.0241,2
1770125790.232921,BOT_8,51.99,994,0.0303,2
1770125790.232921,BOT_8,51.05,894,0.0059,2
1770125790.232921,BOT_8,68.8,1001,0.0897,2
1770125790.232921,BOT_8,69.69,1147,0.0525,2
1770125790.232921,BOT_8,84.3,1313,0.0476,2
1770125790.232921,BOT_8,82.91,887,0.0585,2
1770125790.232921,BOT_8,64.19,889,0.0397,2
1770125790.232921,BOT_8,72.33,1135,0.0544,2
1770125790.232921,BOT_8,44.46,1357,0.0214,2
1770125790.232921,BOT_8,35.67,1212,0.0871,2
1770125790.232921,BOT_8,47.45,1223,0.0745,2
1770125790.232921,BOT_8,89.56,792,0.0845,2
1770125790.232921,BOT_8,56.71,1079,0.0909,2
1770125790.232921,BOT_8,63.77,1382,0.0469,2
1770125790.232921,BOT_8,65.32,1290,0.005,2
1770125790.232921,BOT_8,70.3,985,0.0574,2
1770125790.232921,BOT_8,47.09,1291,0.0226,2
1770125790.232921,BOT_8,81.21,993,0.0937,2
1770125790.232921,BOT_8,91.11,999,0.0843,2
1770125790.232921,BOT_8,77.26,1067,0.0772,2
1770125790.232921,BOT_8,83.59,1213,0.0132,2
1770125790.232921,BOT_8,74.43,608,0.088,2
1770125790.232921,BOT_8,51.18,842,0.0649,2
1770125790.232921,BOT_8,72.45,602,0.0387,2
1770125790.232921,BOT_8,73.97,995,0.0995,2
1770125790.232921,BOT_8,76.49,1047,0.0856,2
1770125790.232921,BOT_8,44.45,827,0.0372,2
1770125790.232921,BOT_8,82.17,1393,0.041,2
1770125790.232921,BOT_8,80.62,1246,0.0229,2
1770125790.232921,BOT_8,52.46,746,0.072,2
1770125790.232921,BOT_8,58.78,660,0.0889,2
1770125790.232921,BOT_8,58.35,942,0.0479,2
1770125790.232921,BOT_8,33.35,820,0.0317,2
1770125790.232921,BOT_8,81.1,1127,0.0575,2
1770125790.232921,BOT_8,38.1,1084,0.0878,2
1770125790.232921,BOT_8,81.9,1074,0.0938,2
1770125790.232921,BOT_8,45.99,630,0.038,2
1770125790.232921,BOT_8,74.73,1202,0.086,2
1770125790.232921,BOT_8,84.79,790,0.0663,2
1770125790.232921,BOT_8,79.81,795,0.0475,2
1770125790.232921,BOT_8,47.31,800,0.0608,2
1770125790.232921,BOT_8,45.4,610,0.0509,2
1770125790.232921,BOT_8,41.2,680,0.0382,2
1770125790.232921,BOT_8,52.78,952,0.0225,2
1770125790.232921,BOT_8,48.05,813,0.0211,2
1770125790.232921,BOT_8,40.02,1013,0.0425,2
1770125790.232921,BOT_8,70.97,1318,0.032,2
1770125790.232921,BOT_8,50.99,989,0.0503,2
1770125790.232921,BOT_8,73.45,891,0.026,2
1770125790.232921,BOT_8,38.69,1199,0.0797,2
1770125790.232921,BOT_8,54.04,1340,0.088,2
1770125790.232921,BOT_8,85.96,1047,0.0664,2
1770125790.232921,BOT_8,39.59,984,0.0624,2
1770125790.232921,BOT_8,94.15,811,0.0972,2
1770125790.232921,BOT_8,88.36,757,0.0851,2
1770125790.232921,BOT_8,90.04,609,0.0348,2
1770125790.232921,BOT_8,73.83,1237,0.0741,2
1770125790.232921,BOT_8,31.45,963,0.0259,2
1770125790.232921,BOT_8,37.23,1243,0.0601,2
1770125790.232921,BOT_8,84.12,803,0.0397,2
1770125790.232921,BOT_8,63.3,959,0.0704,2
1770125790.232921,BOT_8,86.85,999,0.0536,2
1770125790.232921,BOT_8,59.99,796,0.0807,2
1770125790.232921,BOT_8,58.16,992,0.0653,2
1770125790.232921,BOT_8,82.17,942,0.0473,2
1770125790.232921,BOT_8,72.7,1121,0.038,2
1770125790.232921,BOT_8,69.0,865,0.0522,2
1770125790.232921,BOT_8,67.41,1038,0.0906,2
1770125790.232921,BOT_8,48.87,704,0.0962,2
1770125790.232921,BOT_8,65.76,1041,0.043,2
1770125790.232921,BOT_8,74.63,1208,0.0298,2
1770125790.232921,BOT_8,65.69,1328,0.0434,2
1770125790.232921,BOT_8,38.76,996,0.0398,2
1770125790.232921,BOT_8,86.05,651,0.0466,2
1770125790.232921,BOT_8,61.12,745,0.0988,2
1770125790.232921,BOT_8,51.48,1129,0.0436,2
1770125790.232921,BOT_8,90.8,1003,0.0563,2
1770125790.232921,BOT_8,64.18,825,0.0271,2
1770125790.232921,BOT_8,61.98,745,0.0662,2
1770125790.232921,BOT_8,44.37,1175,0.028,2
1770125790.232921,BOT_8,55.95,1228,0.0919,2
1770125790.232921,BOT_8,33.42,1203,0.0593,2
1770125790.232921,BOT_8,91.82,888,0.0999,2
1770125790.232921,BOT_8,53.7,735,0.0768,2
1770125790.232921,BOT_8,53.48,1293,0.084,2
1770125790.232921,BOT_8,72.53,920,0.0724,2
1770125790.232921,BOT_8,79.84,1266,0.0349,2
1770125790.232921,BOT_8,32.51,874,0.0279,2
1770125790.232921,BOT_8,48.8,1136,0.016,2
1770125790.232921,BOT_8,41.6,1369,0.0229,2
1770125790.232921,BOT_8,86.07,1008,0.041,2
1770125790.232921,BOT_8,79.25,781,0.0961,2
1770125790.232921,BOT_8,73.26,1336,0.0198,2
1770125790.232921,BOT_8,67.48,608,0.021,2
1770125790.232921,BOT_8,80.47,917,0.0482,2
1770125790.232921,BOT_8,59.42,614,0.0604,2
1770125790.2339208,BOT_8,32.14,1015,0.0717,2
1770125790.2339208,BOT_8,95.79,1226,0.0176,2
1770125790.2339208,BOT_8,57.36,600,0.0284,2
1770125790.2339208,BOT_8,71.99,944,0.0936,2
1770125790.2339208,BOT_8,40.49,1240,0.0954,2
1770125790.2339208,BOT_8,77.24,1041,0.0556,2
1770125790.2339208,BOT_8,34.95,1174,0.0088,2
1770125790.2339208,BOT_8,85.11,769,0.0178,2
1770125790.2339208,BOT_8,60.61,1361,0.0894,2
1770125790.2339208,BOT_8,32.12,727,0.0461,2
1770125790.2339208,BOT_8,88.68,1098,0.0218,2
1770125790.2339208,BOT_8,74.66,1127,0.0197,2
1770125790.2339208,BOT_8,61.89,1245,0.062,2
1770125790.2339208,BOT_8,64.73,628,0.0688,2
1770125790.2339208,BOT_8,33.6,862,0.0961,2
1770125790.2339208,BOT_8,59.58,613,0.0713,2
1770125790.2339208,BOT_8,63.95,849,0.0146,2
1770125790.2339208,BOT_8,71.15,954,0.0608,2
1770125790.2339208,BOT_8,96.15,1334,0.0368,2
1770125790.2339208,BOT_8,50.48,1104,0.0815,2
1770125790.2339208,BOT_8,76.42,959,0.0427,2
1770125790.2339208,BOT_8,96.87,723,0.0577,2
1770125790.2339208,BOT_8,80.3,722,0.0773,2
1770125790.2339208,BOT_8,38.94,685,0.088,2
1770125790.2339208,BOT_8,34.49,827,0.0829,2
1770125790.2339208,BOT_8,81.23,1072,0.0218,2
1770125790.2339208,BOT_8,90.32,915,0.0653,2
1770125790.2339208,BOT_8,60.69,1097,0.0858,2
1770125790.2339208,BOT_8,58.87,829,0.0874,2
1770125790.2339208,BOT_8,72.63,1121,0.0511,2
1770125790.2339208,BOT_8,75.13,671,0.0292,2
1770125790.2339208,BOT_8,38.56,1211,0.0296,2
1770125790.2339208,BOT_8,36.09,865,0.0929,2
1770125790.2339208,BOT_8,75.9,1182,0.0532,2
1770125790.2339208,BOT_8,87.54,954,0.0335,2
1770125790.2339208,BOT_8,72.45,1216,0.0303,2
1770125790.2339208,BOT_8,33.69,1135,0.0431,2
1770125790.2339208,BOT_8,38.25,605,0.0831,2
1770125790.2339208,BOT_8,39.35,986,0.0342,2
1770125790.2339208,BOT_8,83.77,682,0.008,2
1770125790.2339208,BOT_8,46.3,1327,0.0248,2
1770125790.2339208,BOT_8,61.56,797,0.0652,2
1770125790.2339208,BOT_8,74.99,783,0.092,2
1770125790.2339208,BOT_9,81.7,882,0.0862,2
1770125790.2339208,BOT_9,48.68,1343,0.031,2
1770125790.2339208,BOT_9,49.23,1184,0.0856,2
1770125790.2339208,BOT_9,66.64,900,0.0131,2
1770125790.2339208,BOT_9,71.43,1387,0.0061,2
1770125790.2339208,BOT_9,61.32,1219,0.0623,2
1770125790.2339208,BOT_9,69.5,1072,0.0957,2
1770125790.2339208,BOT_9,66.4,1362,0.0769,2
1770125790.2339208,BOT_9,91.38,1367,0.034,2
1770125790.2339208,BOT_9,40.28,665,0.0682,2
1770125790.2339208,BOT_9,50.75,1350,0.0739,2
1770125790.2339208,BOT_9,90.27,898,0.0414,2
1770125790.2339208,BOT_9,67.19,765,0.0784,2
1770125790.2339208,BOT_9,81.83,773,0.0511,2
1770125790.2339208,BOT_9,88.53,1337,0.0929,2
1770125790.2339208,BOT_9,96.41,1044,0.084,2
1770125790.2339208,BOT_9,63.48,830,0.082,2
1770125790.2339208,BOT_9,47.77,1333,0.0138,2
1770125790.2339208,BOT_9,83.2,983,0.0062,2
1770125790.2339208,BOT_9,88.59,1004,0.0445,2
1770125790.2339208,BOT_9,40.84,1234,0.0876,2
1770125790.2339208,BOT_9,53.23,1217,0.0708,2
1770125790.2339208,BOT_9,53.47,752,0.0775,2
1770125790.2339208,BOT_9,34.87,1157,0.0461,2
1770125790.2339208,BOT_9,83.03,1121,0.0981,2
1770125790.2339208,BOT_9,70.64,869,0.057,2
1770125790.2339208,BOT_9,30.62,1145,0.0647,2
1770125790.2339208,BOT_9,92.21,1118,0.0548,2
1770125790.2339208,BOT_9,68.23,878,0.0341,2
1770125790.2339208,BOT_9,59.42,1310,0.0782,2
1770125790.2339208,BOT_9,93.46,796,0.0455,2
1770125790.2339208,BOT_9,51.72,1372,0.0279,2
1770125790.2339208,BOT_9,63.95,1163,0.0936,2
1770125790.2339208,BOT_9,61.63,1282,0.0698,2
1770125790.2339208,BOT_9,42.59,678,0.0675,2
1770125790.2339208,BOT_9,74.37,1355,0.0899,2
1770125790.2339208,BOT_9,63.22,1344,0.0671,2
1770125790.2339208,BOT_9,90.37,885,0.0307,2
1770125790.2339208,BOT_9,61.83,816,0.0244,2
1770125790.2339208,BOT_9,45.7,778,0.0614,2
1770125790.2339208,BOT_9,66.55,1030,0.0134,2
1770125790.2339208,BOT_9,74.45,1019,0.0944,2
1770125790.2339208,BOT_9,93.36,976,0.0957,2
1770125790.2339208,BOT_9,86.73,981,0.0126,2
1770125790.2339208,BOT_9,61.93,1384,0.089,2
1770125790.2339208,BOT_9,64.26,862,0.0646,2
1770125790.2339208,BOT_9,60.24,730,0.0104,2
1770125790.2339208,BOT_9,33.69,1197,0.0128,2
1770125790.2339208,BOT_9,58.18,1290,0.099,2
1770125790.2339208,BOT_9,60.53,1067,0.0209,2
1770125790.2339208,BOT_9,34.46,766,0.0066,2
1770125790.2339208,BOT_9,38.12,984,0.0612,2
1770125790.2339208,BOT_9,83.02,901,0.0875,2
1770125790.2339208,BOT_9,76.19,1005,0.032,2
1770125790.2339208,BOT_9,65.63,854,0.026,2
1770125790.2339208,BOT_9,75.82,786,0.0888,2
1770125790.2339208,BOT_9,70.88,1306,0.0221,2
1770125790.2339208,BOT_9,89.79,1238,0.0847,2
1770125790.2339208,BOT_9,36.98,897,0.095,2
1770125790.2339208,BOT_9,47.98,866,0.0659,2
1770125790.2339208,BOT_9,99.04,787,0.0087,2
1770125790.2339208,BOT_9,53.4,1194,0.0751,2
1770125790.2339208,BOT_9,68.91,927,0.0838,2
1770125790.2339208,BOT_9,66.09,1385,0.0485,2
1770125790.2339208,BOT_9,41.74,1321,0.0353,2
1770125790.2339208,BOT_9,98.1,1252,0.0861,2
1770125790.2339208,BOT_9,54.92,1183,0.0708,2
1770125790.2339208,BOT_9,77.58,746,0.0081,2
1770125790.2339208,BOT_9,72.39,668,0.0973,2
1770125790.2339208,BOT_9,82.91,1164,0.023,2
1770125790.2339208,BOT_9,73.45,1219,0.043,2
1770125790.2339208,BOT_9,95.7,1172,0.0275,2
1770125790.2339208,BOT_9,62.88,826,0.0189,2
1770125790.2339208,BOT_9,77.33,753,0.0523,2
1770125790.2339208,BOT_9,38.35,1181,0.0096,2
1770125790.2339208,BOT_9,30.08,1294,0.0665,2
1770125790.2339208,BOT_9,91.14,642,0.0589,2
1770125790.2339208,BOT_9,71.51,635,0.0839,2
1770125790.2339208,BOT_9,84.03,809,0.0836,2
1770125790.2339208,BOT_9,40.8,800,0.0408,2
1770125790.2339208,BOT_9,60.52,850,0.0829,2
1770125790.2339208,BOT_9,64.96,686,0.1,2
1770125790.234921,BOT_9,89.82,1262,0.0692,2
1770125790.234921,BOT_9,58.79,825,0.0791,2
1770125790.234921,BOT_9,32.07,1303,0.0269,2
1770125790.234921,BOT_9,96.4,662,0.0945,2
1770125790.234921,BOT_9,53.53,747,0.0267,2
1770125790.234921,BOT_9,91.87,1110,0.0149,2
1770125790.234921,BOT_9,45.62,724,0.0216,2
1770125790.234921,BOT_9,60.92,900,0.0406,2
1770125790.234921,BOT_9,77.32,1187,0.0783,2
1770125790.234921,BOT_9,82.43,1293,0.0137,2
1770125790.234921,BOT_9,61.85,715,0.0778,2
1770125790.234921,BOT_9,47.89,1367,0.0267,2
1770125790.234921,BOT_9,57.33,1210,0.0051,2
1770125790.234921,BOT_9,42.43,936,0.0711,2
1770125790.234921,BOT_9,48.11,1248,0.0581,2
1770125790.234921,BOT_9,86.99,1173,0.0739,2
1770125790.234921,BOT_9,79.06,832,0.0526,2
1770125790.234921,BOT_9,48.33,882,0.081,2
1770125790.234921,BOT_9,43.73,650,0.084,2
1770125790.234921,BOT_9,65.78,736,0.0952,2
1770125790.234921,BOT_9,78.41,1243,0.091,2
1770125790.234921,BOT_9,52.79,793,0.0876,2
1770125790.234921,BOT_9,57.82,672,0.0571,2
1770125790.234921,BOT_9,32.48,1097,0.0903,2
1770125790.234921,BOT_9,34.27,1278,0.0985,2
1770125790.234921,BOT_9,61.59,1000,0.082,2
1770125790.234921,BOT_9,52.95,1372,0.0227,2
1770125790.234921,BOT_9,69.52,1281,0.0323,2
1770125790.234921,BOT_9,33.54,1220,0.0327,2
1770125790.234921,BOT_9,47.75,1399,0.0158,2
1770125790.234921,BOT_9,52.02,1163,0.0908,2
1770125790.234921,BOT_9,65.17,1155,0.0601,2
1770125790.234921,BOT_9,66.82,1033,0.069,2
1770125790.234921,BOT_9,62.46,836,0.0074,2
1770125790.234921,BOT_9,97.05,673,0.0423,2
1770125790.234921,BOT_9,65.96,640,0.0813,2
1770125790.234921,BOT_9,72.87,1201,0.093,2
1770125790.234921,BOT_9,84.15,1394,0.0422,2
1770125790.234921,BOT_9,39.53,950,0.0238,2
1770125790.234921,BOT_9,37.23,1349,0.0086,2
1770125790.234921,BOT_9,57.5,1245,0.0786,2
1770125790.234921,BOT_9,50.65,737,0.0058,2
1770125790.234921,BOT_9,86.03,1384,0.0712,2
1770125790.234921,BOT_9,77.68,1225,0.047,2
1770125790.234921,BOT_9,47.85,1356,0.0574,2
1770125790.234921,BOT_9,63.76,1192,0.0354,2
1770125790.234921,BOT_9,87.21,944,0.0641,2
1770125790.234921,BOT_9,74.97,1354,0.0689,2
1770125790.234921,BOT_9,76.31,1399,0.0231,2
1770125790.234921,BOT_9,56.57,1330,0.0522,2
1770125790.234921,BOT_9,86.88,675,0.0893,2
1770125790.234921,BOT_9,66.34,1050,0.0975,2
1770125790.234921,BOT_9,44.54,698,0.0162,2
1770125790.234921,BOT_9,37.76,741,0.0779,2
1770125790.234921,BOT_9,77.09,760,0.0966,2
1770125790.234921,BOT_9,49.51,1154,0.0939,2
1770125790.234921,BOT_9,94.67,633,0.0466,2
1770125790.234921,BOT_9,43.64,986,0.0692,2
1770125790.234921,BOT_9,99.57,1028,0.0587,2
1770125790.234921,BOT_9,83.76,822,0.0425,2
1770125790.234921,BOT_9,34.51,609,0.0083,2
1770125790.234921,BOT_9,58.37,1151,0.0636,2
1770125790.234921,BOT_9,66.13,614,0.0203,2
1770125790.234921,BOT_9,61.28,1193,0.0142,2
1770125790.234921,BOT_9,41.24,1284,0.0418,2
1770125790.234921,BOT_9,39.46,994,0.0307,2
1770125790.234921,BOT_9,48.69,995,0.0578,2
1770125790.234921,BOT_9,75.38,1192,0.0662,2
1770125790.234921,BOT_9,43.99,1053,0.0833,2
1770125790.234921,BOT_9,97.76,1032,0.0445,2
1770125790.234921,BOT_9,96.23,819,0.01,2
1770125790.234921,BOT_9,48.19,1132,0.0828,2
1770125790.234921,BOT_9,36.43,816,0.078,2
1770125790.234921,BOT_9,79.35,946,0.0442,2
1770125790.234921,BOT_9,32.14,702,0.0131,2
1770125790.234921,BOT_9,82.59,1206,0.0487,2
1770125790.234921,BOT_9,75.52,1274,0.0874,2
1770125790.234921,BOT_9,86.24,1165,0.0961,2
1770125790.234921,BOT_9,31.66,1105,0.0307,2
1770125790.234921,BOT_9,58.26,1261,0.0897,2
1770125790.234921,BOT_9,99.45,736,0.0994,2
1770125790.234921,BOT_9,41.1,1228,0.0115,2
1770125790.234921,BOT_9,94.71,752,0.0718,2
1770125790.234921,BOT_9,81.75,1026,0.0475,2
1770125790.234921,BOT_9,42.71,1365,0.0611,2
1770125790.234921,BOT_9,30.67,868,0.0831,2
1770125790.234921,BOT_9,81.91,904,0.0116,2
1770125790.234921,BOT_9,55.89,1043,0.0633,2
1770125790.234921,BOT_9,89.43,881,0.0811,2
1770125790.234921,BOT_9,68.51,859,0.0752,2
1770125790.234921,BOT_9,92.92,795,0.0709,2
1770125790.234921,BOT_9,84.69,685,0.0667,2
1770125790.234921,BOT_9,52.8,1098,0.0051,2
1770125790.234921,BOT_9,87.02,1345,0.0595,2
1770125790.234921,BOT_9,31.36,860,0.0708,2
1770125790.234921,BOT_9,32.66,724,0.0691,2
1770125790.234921,BOT_9,36.49,1163,0.0197,2
1770125790.234921,BOT_9,35.21,1069,0.0096,2
1770125790.234921,BOT_9,42.28,1226,0.0867,2
1770125790.234921,BOT_9,36.78,913,0.0587,2
1770125790.234921,BOT_9,68.11,869,0.0364,2
1770125790.234921,BOT_9,73.75,939,0.0782,2
1770125790.234921,BOT_9,80.48,843,0.0182,2
1770125790.234921,BOT_9,65.92,1117,0.0738,2
1770125790.234921,BOT_9,59.86,739,0.0724,2
1770125790.234921,BOT_9,47.96,1061,0.0606,2
1770125790.234921,BOT_9,71.25,798,0.0435,2
1770125790.234921,BOT_9,41.67,891,0.0772,2
1770125790.234921,BOT_9,32.18,788,0.0515,2
1770125790.234921,BOT_9,68.15,727,0.0546,2
1770125790.234921,BOT_9,93.4,786,0.0274,2
1770125790.234921,BOT_9,61.81,1173,0.0853,2
1770125790.234921,BOT_9,42.9,1008,0.0632,2
1770125790.234921,BOT_9,48.95,994,0.0612,2
1770125790.234921,BOT_9,39.23,1364,0.0631,2
1770125790.234921,BOT_9,76.64,715,0.0849,2
1770125790.234921,BOT_9,39.97,1198,0.0554,2
1770125790.234921,BOT_9,42.14,1350,0.0621,2
1770125790.234921,BOT_9,77.91,1006,0.0115,2
1770125790.234921,BOT_9,55.26,734,0.0188,2
1770125790.234921,BOT_9,67.79,614,0.0587,2
1770125790.234921,BOT_9,50.21,1237,0.0084,2
1770125790.234921,BOT_9,85.54,1247,0.0996,2
1770125790.234921,BOT_9,41.86,1165,0.0846,2
1770125790.234921,BOT_9,85.29,926,0.0374,2
1770125790.234921,BOT_9,72.18,1043,0.0093,2
1770125790.234921,BOT_9,51.45,1242,0.0798,2
1770125790.234921,BOT_9,36.54,708,0.0187,2
1770125790.234921,BOT_9,38.87,1300,0.0293,2
1770125790.234921,BOT_9,30.74,700,0.0056,2
1770125790.234921,BOT_9,36.1,1258,0.0698,2
1770125790.234921,BOT_9,80.75,1035,0.0715,2
1770125790.234921,BOT_9,54.09,1312,0.0913,2
1770125790.234921,BOT_9,99.02,1358,0.0869,2
1770125790.234921,BOT_9,42.39,702,0.0497,2
1770125790.234921,BOT_9,32.25,1173,0.0683,2
1770125790.234921,BOT_9,64.1,950,0.0248,2
1770125790.2359207,BOT_9,81.47,998,0.0063,2
1770125790.2359207,BOT_9,49.62,912,0.0844,2
1770125790.2359207,BOT_9,78.15,626,0.036,2
1770125790.2359207,BOT_9,33.39,1343,0.0784,2
1770125790.2359207,BOT_9,31.81,893,0.0382,2
1770125790.2359207,BOT_9,84.56,910,0.0122,2
1770125790.2359207,BOT_9,85.06,1193,0.0763,2
1770125790.2359207,BOT_9,95.79,1152,0.0067,2
1770125790.2359207,BOT_9,84.72,1395,0.0479,2
1770125790.2359207,BOT_9,43.35,1216,0.035,2
1770125790.2359207,BOT_9,82.41,1111,0.0359,2
1770125790.2359207,BOT_9,59.38,867,0.0963,2
1770125790.2359207,BOT_9,96.43,998,0.0163,2
1770125790.2359207,BOT_9,55.36,802,0.0865,2
1770125790.2359207,BOT_9,64.68,696,0.0692,2
1770125790.2359207,BOT_9,91.38,1068,0.0106,2
1770125790.2359207,BOT_9,50.84,721,0.0641,2
1770125790.2359207,BOT_9,89.45,745,0.068,2
1770125790.2359207,BOT_9,81.67,1051,0.0957,2
1770125790.2359207,BOT_9,46.62,1104,0.0598,2
1770125790.2359207,BOT_9,58.81,1046,0.009,2
1770125790.2359207,BOT_9,97.24,1131,0.0148,2
1770125790.2359207,BOT_9,52.69,836,0.0333,2
1770125790.2359207,BOT_9,89.95,836,0.0554,2
1770125790.2359207,BOT_9,50.66,867,0.0765,2
1770125790.2359207,BOT_9,35.93,938,0.0432,2
1770125790.2359207,BOT_9,33.49,1228,0.0885,2
1770125790.2359207,BOT_9,87.66,1153,0.0157,2
1770125790.2359207,BOT_9,47.79,1231,0.0198,2
1770125790.2359207,BOT_9,61.08,961,0.0625,2
1770125790.2359207,BOT_9,50.61,1344,0.0837,2
1770125790.2359207,BOT_9,84.89,1346,0.0218,2
1770125790.2359207,BOT_9,71.31,1133,0.0752,2
1770125790.2359207,BOT_9,79.26,1395,0.0689,2
1770125790.2359207,BOT_9,80.41,1209,0.0715,2
1770125790.2359207,BOT_9,91.36,812,0.0995,2
1770125790.2359207,BOT_9,62.89,988,0.0518,2
1770125790.2359207,BOT_9,79.93,1322,0.0328,2
1770125790.2359207,BOT_9,50.79,1394,0.0912,2
1770125790.2359207,BOT_9,69.37,1280,0.0664,2
1770125790.2359207,BOT_9,44.55,1247,0.0889,2
1770125790.2359207,BOT_9,75.31,725,0.0278,2
1770125790.2359207,BOT_9,85.27,673,0.0714,2
1770125790.2359207,BOT_9,81.57,971,0.0719,2
1770125790.2359207,BOT_9,47.32,1099,0.0335,2
1770125790.2359207,BOT_9,74.13,681,0.0847,2
1770125790.2359207,BOT_9,48.25,864,0.027,2
1770125790.2359207,BOT_9,99.21,1176,0.0282,2
1770125790.2359207,BOT_9,30.85,631,0.0097,2
1770125790.2359207,BOT_9,82.9,609,0.07,2
1770125790.2359207,BOT_9,91.47,683,0.0834,2
1770125790.2359207,BOT_9,48.95,695,0.0304,2
1770125790.2359207,BOT_9,82.67,1261,0.0244,2
1770125790.2359207,BOT_9,67.15,1296,0.0698,2
1770125790.2359207,BOT_9,52.96,1287,0.0204,2
1770125790.2359207,BOT_9,89.81,927,0.0093,2
1770125790.2359207,BOT_9,97.67,713,0.0387,2
1770125790.2359207,BOT_9,55.05,670,0.0438,2
1770125790.2359207,BOT_9,52.16,683,0.0259,2
1770125790.2359207,BOT_9,30.41,874,0.0707,2
1770125790.2359207,BOT_9,55.22,608,0.0306,2
1770125790.2359207,BOT_9,88.82,802,0.0316,2
1770125790.2359207,BOT_9,89.29,1398,0.0943,2
1770125790.2359207,BOT_9,83.09,1312,0.0387,2
1770125790.2359207,BOT_9,36.87,879,0.0117,2
1770125790.2359207,BOT_9,30.89,609,0.0143,2
1770125790.2359207,BOT_9,82.62,1030,0.0512,2
1770125790.2359207,BOT_9,62.2,1180,0.0676,2
1770125790.2359207,BOT_9,99.77,848,0.0381,2
1770125790.2359207,BOT_9,32.44,629,0.0052,2
1770125790.2359207,BOT_9,85.4,1034,0.0944,2
1770125790.2359207,BOT_9,99.68,791,0.0652,2
1770125790.2359207,BOT_9,62.52,1041,0.0117,2
1770125790.2359207,BOT_9,49.04,907,0.0673,2
1770125790.2359207,BOT_9,43.22,1246,0.0498,2
1770125790.2359207,BOT_9,38.66,1189,0.0967,2
1770125790.2359207,BOT_9,97.09,1369,0.0449,2
1770125790.2359207,BOT_9,49.69,1162,0.0897,2
1770125790.2359207,BOT_9,79.3,1244,0.0435,2
1770125790.2359207,BOT_9,75.43,1353,0.0083,2
1770125790.2359207,BOT_9,50.61,998,0.0501,2
1770125790.2359207,BOT_10,79.89,905,0.0864,2
1770125790.2359207,BOT_10,52.43,1321,0.0612,2
1770125790.2359207,BOT_10,54.1,1057,0.0113,2
1770125790.2359207,BOT_10,74.35,687,0.0423,2
1770125790.2359207,BOT_10,58.63,807,0.0169,2
1770125790.2359207,BOT_10,72.66,1317,0.0212,2
1770125790.2359207,BOT_10,91.1,1398,0.0875,2
1770125790.2359207,BOT_10,60.71,888,0.039,2
1770125790.2359207,BOT_10,63.97,925,0.0381,2
1770125790.2359207,BOT_10,30.92,1091,0.0082,2
1770125790.2359207,BOT_10,90.92,769,0.0545,2
1770125790.2359207,BOT_10,89.21,1354,0.0736,2
1770125790.2359207,BOT_10,40.36,870,0.0685,2
1770125790.2359207,BOT_10,48.25,988,0.0125,2
1770125790.2359207,BOT_10,75.65,1152,0.0784,2
1770125790.2359207,BOT_10,48.79,1307,0.0596,2
1770125790.2359207,BOT_10,69.34,1399,0.0769,2
1770125790.2359207,BOT_10,76.35,626,0.0385,2
1770125790.2359207,BOT_10,97.54,994,0.0627,2
1770125790.2359207,BOT_10,56.26,766,0.0935,2
1770125790.2359207,BOT_10,87.12,1268,0.0887,2
1770125790.2359207,BOT_10,38.21,864,0.0688,2
1770125790.2359207,BOT_10,50.08,728,0.0768,2
1770125790.2359207,BOT_10,31.39,1078,0.0197,2
1770125790.2359207,BOT_10,39.47,918,0.0224,2
1770125790.2359207,BOT_10,56.33,850,0.0714,2
1770125790.2359207,BOT_10,82.43,944,0.0409,2
1770125790.2359207,BOT_10,84.88,926,0.0892,2
1770125790.2359207,BOT_10,95.51,828,0.0479,2
1770125790.2359207,BOT_10,73.33,630,0.0755,2
1770125790.2359207,BOT_10,76.43,616,0.0073,2
1770125790.2359207,BOT_10,46.54,1283,0.0514,2
1770125790.2359207,BOT_10,57.73,754,0.074,2
1770125790.2359207,BOT_10,48.29,1300,0.0965,2
1770125790.2359207,BOT_10,51.98,1114,0.0409,2
1770125790.2359207,BOT_10,94.72,771,0.0623,2
1770125790.2359207,BOT_10,72.55,1197,0.0775,2
1770125790.2359207,BOT_10,52.92,820,0.0337,2
1770125790.2359207,BOT_10,84.2,1186,0.0745,2
1770125790.2359207,BOT_10,58.57,1226,0.0819,2
1770125790.2359207,BOT_10,58.82,719,0.0969,2
1770125790.2359207,BOT_10,68.81,1028,0.0446,2
1770125790.2359207,BOT_10,56.6,1248,0.0078,2
1770125790.2359207,BOT_10,32.39,1359,0.0248,2
1770125790.2359207,BOT_10,96.69,1379,0.0692,2
1770125790.2359207,BOT_10,80.64,1313,0.062,2
1770125790.2359207,BOT_10,95.59,963,0.0808,2
1770125790.2359207,BOT_10,66.36,1061,0.0671,2
1770125790.2369215,BOT_10,54.68,753,0.03,2
1770125790.2369215,BOT_10,83.56,1308,0.0964,2
1770125790.2369215,BOT_10,84.35,1346,0.0765,2
1770125790.2369215,BOT_10,98.72,1026,0.0148,2
1770125790.2369215,BOT_10,98.79,1236,0.0635,2
1770125790.2369215,BOT_10,69.61,1020,0.0782,2
1770125790.2369215,BOT_10,99.99,1163,0.0375,2
1770125790.2369215,BOT_10,99.32,1366,0.0254,2
1770125790.2369215,BOT_10,93.52,854,0.091,2
1770125790.2369215,BOT_10,71.49,673,0.0927,2
1770125790.2369215,BOT_10,43.58,1220,0.0422,2
1770125790.2369215,BOT_10,74.43,1368,0.0983,2
1770125790.2369215,BOT_10,30.75,1061,0.0531,2
1770125790.2369215,BOT_10,83.25,642,0.0647,2
1770125790.2369215,BOT_10,32.72,613,0.0406,2
1770125790.2369215,BOT_10,79.77,1150,0.0466,2
1770125790.2369215,BOT_10,83.48,890,0.0269,2
1770125790.2369215,BOT_10,41.62,1062,0.0367,2
1770125790.2369215,BOT_10,85.34,1361,0.0155,2
1770125790.2369215,BOT_10,89.35,1131,0.023,2
1770125790.2369215,BOT_10,31.17,1237,0.042,2
1770125790.2369215,BOT_10,93.43,1221,0.0497,2
1770125790.2369215,BOT_10,91.09,1106,0.0916,2
1770125790.2369215,BOT_10,52.08,914,0.0396,2
1770125790.2369215,BOT_10,63.46,986,0.0801,2
1770125790.2369215,BOT_10,99.72,842,0.0481,2
1770125790.2369215,BOT_10,59.14,1084,0.0352,2
1770125790.2369215,BOT_10,43.52,837,0.04,2
1770125790.2369215,BOT_10,53.81,851,0.0361,2
1770125790.2369215,BOT_10,95.98,618,0.0088,2
1770125790.2369215,BOT_10,43.15,1219,0.0808,2
1770125790.2369215,BOT_10,31.35,1161,0.0876,2
1770125790.2369215,BOT_10,54.25,1399,0.0459,2
1770125790.2369215,BOT_10,51.43,1185,0.0978,2
1770125790.2369215,BOT_10,94.19,1036,0.0632,2
1770125790.2369215,BOT_10,71.52,1070,0.0515,2
1770125790.2369215,BOT_10,30.37,690,0.0239,2
1770125790.2369215,BOT_10,51.75,1244,0.0609,2
1770125790.2369215,BOT_10,33.82,814,0.0531,2
1770125790.2369215,BOT_10,46.39,616,0.0676,2
1770125790.2369215,BOT_10,45.33,862,0.0779,2
1770125790.2369215,BOT_10,92.36,827,0.0671,2
1770125790.2369215,BOT_10,36.97,1151,0.0794,2
1770125790.2369215,BOT_10,75.4,964,0.0687,2
1770125790.2369215,BOT_10,54.31,1280,0.0157,2
1770125790.2369215,BOT_10,42.33,661,0.0383,2
1770125790.2369215,BOT_10,79.02,1188,0.0936,2
1770125790.2369215,BOT_10,47.9,1363,0.0633,2
1770125790.2369215,BOT_10,83.25,1395,0.0446,2
1770125790.2369215,BOT_10,75.04,1350,0.0722,2
1770125790.2369215,BOT_10,57.1,1286,0.0398,2
1770125790.2369215,BOT_10,58.03,751,0.0625,2
1770125790.2369215,BOT_10,76.08,1262,0.0245,2
1770125790.2369215,BOT_10,89.75,1357,0.0296,2
1770125790.2369215,BOT_10,84.37,633,0.0179,2
1770125790.2369215,BOT_10,56.15,1168,0.0428,2
1770125790.2369215,BOT_10,86.08,621,0.0536,2
1770125790.2369215,BOT_10,37.99,605,0.0727,2
1770125790.2369215,BOT_10,76.02,1124,0.0896,2
1770125790.2369215,BOT_10,34.19,988,0.0227,2
1770125790.2369215,BOT_10,74.9,935,0.0221,2
1770125790.2369215,BOT_10,77.57,1107,0.0666,2
1770125790.2369215,BOT_10,37.71,605,0.0793,2
1770125790.2369215,BOT_10,50.97,1087,0.0881,2
1770125790.2369215,BOT_10,96.08,991,0.0473,2
1770125790.2369215,BOT_10,62.6,834,0.0953,2
1770125790.2369215,BOT_10,68.81,809,0.0127,2
1770125790.2369215,BOT_10,68.62,923,0.0894,2
1770125790.2369215,BOT_10,95.2,1093,0.0742,2
1770125790.2369215,BOT_10,31.33,1044,0.0133,2
1770125790.2369215,BOT_10,56.59,1151,0.0556,2
1770125790.2369215,BOT_10,86.09,731,0.0257,2
1770125790.2369215,BOT_10,78.16,885,0.0233,2
1770125790.2369215,BOT_10,72.24,675,0.0919,2
1770125790.2369215,BOT_10,99.15,1185,0.0189,2
1770125790.2369215,BOT_10,66.02,1056,0.0668,2
1770125790.2369215,BOT_10,43.83,799,0.0711,2
1770125790.2369215,BOT_10,78.43,1209,0.0589,2
1770125790.2369215,BOT_10,50.9,894,0.0728,2
1770125790.2369215,BOT_10,91.76,644,0.0933,2
1770125790.2369215,BOT_10,82.01,808,0.0467,2
1770125790.2369215,BOT_10,55.29,1022,0.09,2
1770125790.2369215,BOT_10,36.45,679,0.0111,2
1770125790.2369215,BOT_10,76.8,1295,0.0959,2
1770125790.2369215,BOT_10,70.98,1353,0.0326,2
1770125790.2369215,BOT_10,70.44,879,0.0151,2
1770125790.2369215,BOT_10,88.0,860,0.0371,2
1770125790.2369215,BOT_10,33.66,1197,0.0865,2
1770125790.2369215,BOT_10,66.02,1055,0.0489,2
1770125790.2369215,BOT_10,79.47,1078,0.0915,2
1770125790.2369215,BOT_10,71.74,1353,0.0116,2
1770125790.2369215,BOT_10,68.06,607,0.017,2
1770125790.2369215,BOT_10,92.84,867,0.0187,2
1770125790.2369215,BOT_10,68.24,1258,0.0442,2
1770125790.2369215,BOT_10,91.93,1309,0.0167,2
1770125790.2369215,BOT_10,39.12,1023,0.0067,2
1770125790.2369215,BOT_10,39.41,979,0.0057,2
1770125790.2369215,BOT_10,63.28,605,0.0479,2
1770125790.2369215,BOT_10,61.36,770,0.0816,2
1770125790.2369215,BOT_10,89.2,1274,0.086,2
1770125790.2369215,BOT_10,49.02,1298,0.0108,2
1770125790.2369215,BOT_10,66.25,747,0.0072,2
1770125790.2369215,BOT_10,74.97,1042,0.0615,2
1770125790.2369215,BOT_10,66.97,1195,0.0424,2
1770125790.2369215,BOT_10,75.16,629,0.0747,2
1770125790.2369215,BOT_10,53.05,697,0.0556,2
1770125790.2369215,BOT_10,61.28,661,0.053,2
1770125790.2369215,BOT_10,97.04,757,0.0989,2
1770125790.2369215,BOT_10,80.07,638,0.0276,2
1770125790.2369215,BOT_10,86.29,929,0.0071,2
1770125790.2369215,BOT_10,46.12,657,0.0913,2
1770125790.2369215,BOT_10,80.11,931,0.0526,2
1770125790.2369215,BOT_10,37.53,1116,0.0673,2
1770125790.2369215,BOT_10,84.51,1237,0.0874,2
1770125790.2369215,BOT_10,99.56,1265,0.0245,2
1770125790.2369215,BOT_10,86.34,812,0.018,2
1770125790.2369215,BOT_10,41.09,1150,0.0766,2
1770125790.2369215,BOT_10,37.56,1020,0.024,2
1770125790.2369215,BOT_10,69.77,1023,0.0822,2
1770125790.2369215,BOT_10,78.25,845,0.0482,2
1770125790.2369215,BOT_10,84.09,1207,0.0674,2
1770125790.2369215,BOT_10,69.51,986,0.098,2
1770125790.2369215,BOT_10,46.52,1215,0.0797,2
1770125790.2369215,BOT_10,65.81,768,0.0265,2
1770125790.2369215,BOT_10,57.45,871,0.0112,2
1770125790.2369215,BOT_10,35.37,1164,0.0831,2
1770125790.2369215,BOT_10,44.97,717,0.079,2
1770125790.2369215,BOT_10,56.39,866,0.0769,2
1770125790.2369215,BOT_10,54.55,661,0.0305,2
1770125790.2379212,BOT_10,46.06,982,0.0391,2
1770125790.2379212,BOT_10,95.65,1096,0.0808,2
1770125790.2379212,BOT_10,70.07,672,0.09,2
1770125790.2379212,BOT_10,65.3,957,0.086,2
1770125790.2379212,BOT_10,76.43,613,0.0284,2
1770125790.2379212,BOT_10,72.82,830,0.0101,2
1770125790.2379212,BOT_10,67.14,932,0.0139,2
1770125790.2379212,BOT_10,67.79,951,0.0188,2
1770125790.2379212,BOT_10,84.49,683,0.0109,2
1770125790.2379212,BOT_10,92.48,1283,0.0965,2
1770125790.2379212,BOT_10,61.21,826,0.0287,2
1770125790.2379212,BOT_10,41.3,1086,0.067,2
1770125790.2379212,BOT_10,48.73,678,0.0939,2
1770125790.2379212,BOT_10,61.45,1233,0.0992,2
1770125790.2379212,BOT_10,56.94,1234,0.055,2
1770125790.2379212,BOT_10,84.01,1163,0.0991,2
1770125790.2379212,BOT_10,96.39,812,0.0444,2
1770125790.2379212,BOT_10,51.64,957,0.0176,2
1770125790.2379212,BOT_10,95.8,1074,0.0819,2
1770125790.2379212,BOT_10,87.25,755,0.0652,2
1770125790.2379212,BOT_10,52.84,935,0.0569,2
1770125790.2379212,BOT_10,86.42,1148,0.077,2
1770125790.2379212,BOT_10,50.06,1000,0.036,2
1770125790.2379212,BOT_10,98.04,1054,0.0107,2
1770125790.2379212,BOT_10,70.89,1238,0.0557,2
1770125790.2379212,BOT_10,49.91,1358,0.0776,2
1770125790.2379212,BOT_10,55.01,602,0.0602,2
1770125790.2379212,BOT_10,87.54,985,0.0706,2
1770125790.2379212,BOT_10,64.0,737,0.0824,2
1770125790.2379212,BOT_10,42.71,1004,0.0582,2
1770125790.2379212,BOT_10,34.37,960,0.0254,2
1770125790.2379212,BOT_10,54.26,993,0.0256,2
1770125790.2379212,BOT_10,50.01,661,0.0721,2
1770125790.2379212,BOT_10,74.39,1270,0.0251,2
1770125790.2379212,BOT_10,56.48,647,0.0619,2
1770125790.2379212,BOT_10,60.56,1035,0.0882,2
1770125790.2379212,BOT_10,42.53,702,0.0832,2
1770125790.2379212,BOT_10,61.91,896,0.0689,2
1770125790.2379212,BOT_10,51.27,886,0.0194,2
1770125790.2379212,BOT_10,94.99,893,0.0652,2
1770125790.2379212,BOT_10,67.02,863,0.0981,2
1770125790.2379212,BOT_10,95.26,1050,0.0765,2
1770125790.2379212,BOT_10,58.11,1262,0.0099,2
1770125790.2379212,BOT_10,47.47,871,0.0464,2
1770125790.2379212,BOT_10,53.45,777,0.065,2
1770125790.2379212,BOT_10,74.83,902,0.08,2
1770125790.2379212,BOT_10,34.4,970,0.0274,2
1770125790.2379212,BOT_10,62.93,934,0.0918,2
1770125790.2379212,BOT_10,96.23,1250,0.0533,2
1770125790.2379212,BOT_10,50.01,819,0.0859,2
1770125790.2379212,BOT_10,39.0,799,0.0725,2
1770125790.2379212,BOT_10,96.33,704,0.0386,2
1770125790.2379212,BOT_10,49.42,1373,0.0591,2
1770125790.2379212,BOT_10,78.93,961,0.0427,2
1770125790.2379212,BOT_10,39.29,1149,0.0451,2
1770125790.2379212,BOT_10,52.09,891,0.0887,2
1770125790.2379212,BOT_10,44.22,1254,0.074,2
1770125790.2379212,BOT_10,57.18,624,0.0177,2
1770125790.2379212,BOT_10,86.41,864,0.0887,2
1770125790.2379212,BOT_10,32.62,1362,0.0618,2
1770125790.2379212,BOT_10,75.42,695,0.0708,2
1770125790.2379212,BOT_10,65.78,883,0.0877,2
1770125790.2379212,BOT_10,87.8,703,0.0826,2
1770125790.2379212,BOT_10,92.79,970,0.0274,2
1770125790.2379212,BOT_10,92.08,618,0.0644,2
1770125790.2379212,BOT_10,81.23,782,0.0875,2
1770125790.2379212,BOT_10,80.07,1109,0.0476,2
1770125790.2379212,BOT_10,96.02,859,0.0642,2
1770125790.2379212,BOT_10,63.67,871,0.081,2
1770125790.2379212,BOT_10,88.76,808,0.0408,2
1770125790.2379212,BOT_10,39.17,992,0.0595,2
1770125790.2379212,BOT_10,70.16,1390,0.0593,2
1770125790.2379212,BOT_10,35.6,988,0.0174,2
1770125790.2379212,BOT_10,58.89,1344,0.0301,2
1770125790.2379212,BOT_10,89.29,1301,0.0992,2
1770125790.2379212,BOT_10,83.3,1269,0.0875,2
1770125790.2379212,BOT_10,57.19,853,0.0466,2
1770125790.2379212,BOT_10,33.1,814,0.0582,2
1770125790.2379212,BOT_10,99.86,681,0.0815,2
1770125790.2379212,BOT_10,53.77,638,0.0335,2
1770125790.2379212,BOT_10,40.12,917,0.0721,2
1770125790.2379212,BOT_10,40.97,1217,0.0839,2
1770125790.2379212,BOT_10,99.66,679,0.0425,2
1770125790.2379212,BOT_10,40.02,1369,0.0976,2
1770125790.2379212,BOT_10,88.82,991,0.0138,2
1770125790.2379212,BOT_10,82.4,1297,0.0212,2
1770125790.2379212,BOT_10,87.29,809,0.0866,2
1770125790.2379212,BOT_10,47.18,1010,0.064,2
1770125790.2379212,BOT_10,41.98,1346,0.0721,2
1770125790.2379212,BOT_10,97.34,626,0.0312,2
1770125790.2379212,BOT_10,80.87,822,0.0901,2
1770125790.2379212,BOT_10,49.34,687,0.0353,2
1770125790.2379212,BOT_10,31.82,986,0.0496,2
1770125790.2379212,BOT_10,97.9,803,0.078,2
1770125790.2379212,BOT_10,37.66,742,0.007,2
1770125790.2379212,BOT_10,45.76,1099,0.0691,2
1770125790.2379212,BOT_10,99.34,759,0.0555,2
1770125790.2379212,BOT_10,49.01,1161,0.0797,2
1770125790.2379212,BOT_10,70.8,787,0.0975,2
1770125790.2379212,BOT_10,67.65,728,0.0987,2
1770125790.2379212,BOT_10,71.47,1015,0.0775,2
1770125790.2379212,BOT_10,50.09,1245,0.083,2
1770125790.2379212,BOT_10,95.28,900,0.0643,2
1770125790.2379212,BOT_10,40.17,958,0.0089,2
1770125790.2379212,BOT_10,91.63,826,0.0895,2
1770125790.2379212,BOT_10,86.59,990,0.0319,2
1770125790.2379212,BOT_10,75.66,876,0.0739,2
1770125790.2379212,BOT_10,55.13,956,0.0778,2
1770125790.2379212,BOT_10,85.52,1138,0.0873,2
1770125790.2379212,BOT_10,33.62,994,0.0748,2
1770125790.2379212,BOT_10,77.38,653,0.0578,2
1770125790.2379212,BOT_10,39.49,1158,0.0466,2
1770125790.2379212,BOT_10,77.7,1394,0.0059,2
1770125790.2379212,BOT_10,88.18,622,0.098,2
1770125790.2379212,BOT_10,33.88,901,0.0745,2
1770125790.2379212,BOT_10,65.72,834,0.0524,2
1770125790.2379212,BOT_10,39.89,1201,0.0951,2
1770125790.2379212,BOT_10,67.99,1185,0.0486,2
1770125790.2379212,BOT_10,52.61,697,0.0322,2
1770125790.2379212,BOT_10,82.36,833,0.0602,2
1770125790.2379212,BOT_10,38.57,1054,0.0784,2
1770125790.2379212,BOT_10,87.37,1206,0.0927,2
1770125790.2379212,BOT_10,93.86,730,0.0534,2
