0,1,2
1.2072227373339213,0.7006629737673225,-0.8321727261361195
-0.8240555882455801,-0.5562832594281919,1.164392689509984
-0.8273681752083646,-0.5534618312953176,-0.19525500997012268
-0.11207023037774873,0.35080588529090545,-0.8277867658152159
0.9267570411514939,0.6414129829769615,-0.8392284014349644
-0.8262639795541031,-0.34185472132974276,1.82228673764552
0.15249504838331257,-0.013158343849883222,-0.8951017220447359
-0.8395143274052415,-0.4448368481796558,0.7372382930393757
-0.845035305676549,-0.46599755917621327,-0.2543701273388229
1.830651603729978,0.38607373695183456,-0.9252313625100734
0.8770682367097253,0.5666451374557917,-0.9423938159396962
1.2628741983087022,0.18010948325200843,-0.9446821430636458
-0.8322266360871154,-0.5294796921658858,1.7574508024669455
1.0243679369882128,0.6315379845119014,-0.8184427633924213
-0.8368642578350137,-0.5732118282254378,0.10794833395321109
-0.8355392230499,-0.30799758373525077,0.7124480825299208
0.3843761357782328,0.2647523272382383,-0.9774814985069247
0.3792968357686299,0.33810945869297093,-0.8197776208813919
0.6142696709954822,0.3310558883607851,-0.8253077447642704
3.5017413068893704,0.81634152721517,-0.9507843487275117
0.4080059227794295,0.12085949246164748,-0.8220659480053417
-0.8222888751987617,-0.6310511049493617,0.09650669833346263
-0.8278098534700693,-0.6465689596801705,1.7536369239270293
-0.808817688216771,-0.5054975530364539,1.2959714991370916
0.09043925261381483,0.5892165625187864,-0.8090987609696269
0.837758871418015,-0.070997620573807,-0.9252313625100734
0.7918243322007356,0.6103772735153439,-0.9719513746240462
-0.08159443032013074,-1.0740153218106316,-0.09380584080835308
-0.1626423913429267,0.2139666208465004,-0.9259941382180568
0.7818865713123818,0.5398415701934856,-0.9221802596781405
-0.8439311100222875,-0.7424975161978977,1.7364744704974064
-0.8364225795733092,-0.8200867898519418,0.04120545950467864
1.1557672198453344,0.5144487169976166,-0.9477332458955788
0.2127841311059918,0.5370201420606112,-0.8348424411140607
0.18076245713240766,-0.2854261586722561,-0.9446821430636458
-0.8324474752179677,-0.36301543232630024,1.389411523365037
-0.8249389447689893,-0.3503190057283657,1.5515013613114734
3.2813438542987696,0.714770114431694,-0.9294266289039813
2.97570249719918,0.016466651545297247,-0.9288545471229939
-0.851439640471266,-0.6465689596801705,1.4828515475929827
-0.8339933491339339,-0.6310511049493617,1.4199225516843663
-0.8445936274148445,-0.49562255457139376,1.6773593531287063
-0.8249389447689893,-0.7664796553273295,0.26241041481981525
-0.6601929531531698,-1.078247464009943,1.8686253619055013
-0.8463603404616629,-0.6719618128760394,-0.04842068618335093
0.2512101398742929,0.4001808776162062,-0.8300750929391656
-0.8335516708722291,-0.3277475806653711,1.2940645598671332
0.7408104929738532,0.8078772428165469,-0.8159637423414757
-0.8432685926297308,-0.7467296583972092,0.9317460985750993
-0.8474645361159244,-0.6649082425438536,0.7715631998986211
0.8574135540638702,0.5511272827249829,-0.9462076944796123
1.3198506940685968,-0.0018726313183859006,-0.8270239901072327
-0.8119094360487034,-0.5633368297603777,1.0900220579816193
1.0674315675044124,-0.041372625178626526,-0.9082596030074466
-0.8306807621711493,-0.5520511172288803,0.16706345132191144
0.28742775733407094,0.6611629799070818,-0.9248499746560819
-0.8090385273476234,-0.6550332440787935,0.3463157426979704
0.055104991677446154,-1.1008188890729378,0.9946750944837156
0.21985098329326555,0.7006629737673225,-0.8291216233041865
0.47160759246489337,0.34234160089228244,-0.8531490581056582
-0.15645889567906215,0.40723444794839203,-0.9105479301313963
-0.8311224404328539,-0.41239042465160103,0.6990995076402142
0.20461308326445654,0.14343091752464213,-0.951356430508499
-0.8092593664784756,-0.4786939857741478,1.1472302360803617
1.4483790682246385,0.9122700837328972,-0.9174129115032453
1.3123421636196184,0.782484389620678,-0.8323634200631153
0.1560284744769494,-1.110693887537998,0.5162240316512349
-0.8472436969850722,-0.370069002658486,0.8383060743471535
1.2169396590914228,0.824805811613793,-0.9280917714150105
0.4899372403256346,0.43121658707782384,-0.9814860709738366
-0.8198596447593863,-0.6239975346171758,0.5198472162641553
-0.8470228578542198,-0.4688189873090876,1.1472302360803617
0.8470341149138119,-0.04701548144437519,-0.9074968272994635
-0.8410602013212076,-0.4575332747775903,-0.4164599652852593
-0.8479062143776289,-0.6423368174808589,0.6800301149406335
0.40248494450812183,-0.1852654599552174,-0.8891902103078659
0.1706038571132016,0.4171094464134522,-0.9341939770788765
-0.8406185230595029,-0.549229689096006,1.7994034664060232
-0.04162254763586349,-0.27978330240650745,-0.8468561585147967
-0.8097010447401802,-0.787640366323887,0.35585043904776076
0.12268176571825137,-1.0838903202756918,0.6315938574836985
-0.8494520882935951,-0.6945332379390341,1.4256433694942403
-0.8161053795348971,-0.5421761187638202,-0.23530073463924217
1.37572299417423,0.16741305665407394,-0.9307614863929519
0.1551451179535402,0.424163016745638,-0.8840414742789791
1.1813845590242016,0.14343091752464213,-0.9868255009297192
-0.11427862168627181,-1.1276224563352437,0.6910903627063903
-0.8116885969178509,-0.3065868696688136,1.0251861228030448
-0.8410602013212076,-0.6508011018794819,1.7593577417369033
-0.8264848186849554,-0.7467296583972092,0.5637068194731908
1.1089493241046455,-0.07946190497243,-0.9505936548005159
0.07387631779989196,-0.20783688501821204,-0.8874739649649036
0.4261147315093185,0.7627343926905576,-0.9406775705967338
3.4725905416168663,0.9574129338588865,-0.9221802596781405
1.0873070892811196,0.12227020652808465,-0.9353381406408513
0.3287246748034519,0.6569308377077703,-0.8466654645878008
0.4594614402680165,0.774020105222055,-0.9826302345358116
-0.8512188013404137,-0.8412475008484993,0.5408235482336942
0.4316357097806261,0.39594873541689474,-0.9309521803199476
0.2183051093772994,0.5102165747983051,-0.8420888103399015
0.18562091801115832,0.31694874769641346,-0.9481146337495704
-0.8339933491339339,-0.6409261034144218,1.358900495045708
-0.8280306926009215,-0.7001760942047828,0.769656260628663
-0.851439640471266,-0.5435868328302573,0.00306667410551712
-0.8291348882551832,-0.8003367929218215,1.234949442498433
-0.8085968490859188,-0.6113011080192413,-0.23720767390920025
-0.8242764273764324,-0.8172653617190675,1.3741560092053724
1.2187063721382412,0.6146094157146553,-0.9757652531639623
-0.8280306926009215,-0.7481403724636464,0.47408067378516144
-0.8227305534604662,-0.8243189320512533,1.8108451020257716
0.5411719186833692,0.20691305051431458,-0.9507843487275117
-0.8505562839478568,-0.40674756838585235,1.131974721920697
0.3139284530363476,0.0672523579370352,-0.9292359349769854
0.6370161014732697,0.4932880060010591,-0.8804182896660587
-0.8337725100030814,-0.29812258527019064,-0.24483543098903254
-0.8130136317029648,-0.7721225115930782,1.3798768270152468
0.2300095833124716,0.02210950781104591,-0.8342703593330734
0.1809832962632599,-1.1248010282023695,1.5274739265100017
-0.8280306926009215,-0.8243189320512533,1.6544760818892095
0.8715472584384177,0.040448790674729056,-0.8977714370226773
0.5791562491899657,0.35785945562309124,-0.8087173731156352
0.20637979631127495,0.5821629921866005,-0.8743160840021929
-0.8368642578350137,-0.4406047059803443,1.0823943009017871
-0.8273681752083646,-0.6917118098061598,0.4664529167053292
-0.038972478065635884,0.3113058914306648,-0.8153916605604884
-0.8156637012731925,-0.41803328091734965,1.5209903329921441
-0.8401768447977984,-0.6592653862781049,0.08697200198367225
-0.4316244527210341,-1.0669617514784457,0.5019219871265492
-0.8143386664880787,-0.71146180673628,1.3608074343156662
0.9468534020590537,0.35080588529090545,-0.9708072110620715
0.12268176571825137,0.08700235486715552,-0.9879696644916942
-0.06348562159024172,-1.110693887537998,1.6502808154953017
0.008287095936757399,0.5567701389907316,-0.8924320070667946
0.6341451927721898,0.7331093972953773,-0.9113107058393796
0.04627142644335383,-1.0810688921428173,-0.483012145806796
-0.10544505645217964,1.8348770831828034,-0.3874744883818966
0.4914831142416008,-0.12460475509841928,-0.8497165674197338
1.3127838418813231,-0.02303334231494338,-0.9814860709738366
-0.4813132571628027,-1.0881224624750032,0.41458416856246955
-0.850777123078709,-0.4081582824522895,0.7048203254500884
1.154883863321925,0.041859504741166224,-0.8754602475641677
0.08580163086591641,-0.12601546916485645,-0.8584884880615409
-0.8141178273572265,-0.49985469677070526,0.69337868983034
0.46166983157653957,0.013645223412422918,-0.9185570750652202
-0.3055253090043679,-1.110693887537998,1.4033321800357312
0.2403890224625299,0.424163016745638,-0.8426608921208888
0.050025691667843056,0.5102165747983051,-0.8367493803840188
-0.8485687317701859,-0.5040868389700167,0.8020742282179502
-0.8448144665456967,-0.600015395487744,1.0900220579816193
0.720493292935441,0.782484389620678,-0.9854906434407485
1.1319165937132851,0.24782375844099236,-0.9568865543913776
-0.8311224404328539,-0.6098903939528042,1.1224400255709068
0.4866246533628501,0.6752701205714534,-0.8649720815793984
-0.8198596447593863,-0.4533011325782788,1.791775709326191
0.26600636164139735,-0.1612833208257856,-0.9549796151214195
-0.8498937665552998,-0.37430114485779753,-0.30776442689764905
-0.836201740442457,-0.7664796553273295,1.3055061954868818
1.4236450855691802,0.34234160089228244,-0.9471611641145913
0.0745388351924489,2.7335019435032777,1.8522256841838616
2.6576941487718604,0.7881272458864267,-0.95040296087352
-0.8092593664784756,-0.5647475438268149,1.1701135073198585
-0.8494520882935951,-0.6141225361521157,-0.41073914747538504
-0.839956005666946,-0.4391939919139071,0.16897039059186952
0.406901727125168,0.5751094218544147,-0.9311428742469435
-0.8220680360679095,-0.6225868205507387,-0.056048443263183235
-0.11273274777030567,0.8050558146836727,-0.9151245843792957
0.5380801708514371,0.37760945255321154,-0.9433472855746752
0.31105754433526756,0.4185201604798894,-0.9340032831518806
-0.8183137708434202,-0.838426072715625,-0.10181498574217705
1.0089091978285514,0.27744875383617285,-0.8287402354501949
2.6245682791440146,0.9150915118657715,-0.912836257255346
1.139866802423968,-0.1443547520285396,-0.951356430508499
-0.8326683143488199,-0.7439082302643348,0.6380774510015558
-0.8291348882551832,-0.79610465072251,1.3608074343156662
0.6083070144624702,0.1815201973184456,-0.9715699867700547
0.5952775057421841,0.5356094279941741,-0.9744303956749919
-0.6809518314532865,5.391287244670897,1.6773593531287063
-0.8229513925913186,-0.7749439397259525,0.22999244723052795
-0.8180929317125679,-0.6127118220856784,1.7498230453871133
1.0267971674275882,-0.10203333003542464,-0.9490681033845494
0.86602628016711,0.3649130259552771,-0.8085266791886394
-0.8498937665552998,-0.5351225484316344,-0.023630475673895944
-0.8384101317509799,-0.3150511540674366,-0.42408772236509157
0.8384213888105719,0.4481451558750698,-0.94449144913665
-0.8123511143104079,-0.6973546660719084,0.37110595320742534
0.7160765103183948,0.3493951712244683,-0.9437286734286667
-0.8205221621519433,-0.33339043693111975,-0.002654143704357108
0.5380801708514371,0.027752364076794572,-0.9086409908614382
3.423564254567654,0.8262165256802302,-0.9479239398225746
-0.8415018795829121,-0.32492615253249674,-0.17427867800058383
-0.8368642578350137,-0.4857475561063336,0.6552399044311785
0.5661267404696799,0.6131987016482182,-0.8094801488236184
0.9475159194516105,0.42275230267920083,-0.9330498135169015
-0.8302390839094447,-0.6070689658199299,1.818472859105604
0.11009393525966998,0.491877291934622,-0.8441864435368553
0.06791366126687981,0.4086451620148292,-0.9364823042028261
2.781143222918299,0.5073951466654307,-0.9643236175442139
0.11981085701717151,-1.0655510374120085,2.7759470665515527
0.24966426595832675,0.1279130627938333,-0.8592512637695242
-0.8282515317317738,-0.3898189995886064,1.0919289972515775
-0.810142723001885,-0.36865828859204886,1.56484993620118
-0.8191971273668294,-0.549229689096006,1.00039591229359
-0.8437102708914352,-0.7326225177328375,1.2025314749091456
0.4071225662560203,0.1645916285211996,-0.9828209284628073
-0.8220680360679095,-0.6747832410089137,0.538916608963736
-0.3499139743056813,5.075287293788972,-0.02496533316286666
-0.8521021578638228,-0.37712257299067187,0.6724023578608012
-0.8121302751795556,-0.5929618251555582,0.7086342039900045
0.9627538194804196,0.047502361006914885,-0.8756509414911636
2.732116935869087,0.33246660242722226,-0.9094037665694215
-0.8302390839094447,-0.6705510988096023,0.9126767058755185
0.08646414825847334,0.3733773103539001,-0.9223709536051363
-0.18163455659622485,-1.06978317961132,0.7086342039900045
-0.8286932099934785,-0.6790153832082253,-0.3687864835363074
-0.8273681752083646,-0.5548725453617547,1.6068026001402578
1.1138077849833963,-0.15422975049359974,-0.9771001106529331
-0.8289140491243308,-0.7594260849951436,1.4046670375247017
-0.836201740442457,-0.7805867959917011,0.8173297423776147
-0.23816937409441497,-1.1332653126009924,1.5961237402284925
0.9157150846088787,-0.10908690036761047,-0.8289309293771907
1.2224606373627303,-0.045604767377938026,-0.96813749608413
-0.845035305676549,-0.6874796676068482,0.4435696454658323
-0.17412602614724648,0.07007378606990954,-0.9717606806970505
0.6750004319798661,0.8276272397466673,-0.884994943913958
0.6628542797829894,0.8318593819459787,-0.9282824653420063
-0.8165470577966017,-0.7171046630020287,0.9546293698145962
0.1648620397110417,0.8149308131487328,-0.9528819819244656
1.0263554891658833,0.28873446636767014,-0.9198919325541909
-0.808817688216771,-0.42790827938240983,0.6132872404921008
-0.837747614358423,-0.566158257893252,1.2482980173881395
-0.8136761490955218,-0.5591046875610662,0.15943569424207915
0.6155947057805962,0.7810736755542409,-0.9778628863609162
-0.1783219696334403,0.4425022996093212,-0.9189384629192119
-0.8205221621519433,-0.6141225361521157,0.16706345132191144
0.36118802703874087,0.5990915609838465,-0.8228287237133249
-0.8156637012731925,-0.5449975468966946,1.6258719928398382
-0.02108450846659913,0.7161808284981313,-0.8806089835930546
0.9866044456124684,0.9503593635267007,-0.9917835430316103
-0.8406185230595029,-0.6846582394739739,1.6830801709385803
-0.8479062143776289,-0.41097971058516386,1.6678246567789157
-0.8417227187137646,-0.6818368113410996,1.3932254019049533
0.18451672235689687,-0.08087261903886715,-0.8384656257269811
0.3850386531707898,0.7260558269631914,-0.8131033334365387
-0.8114677577869986,-0.838426072715625,0.18041202621161798
0.21521336154536727,-0.16410474895865992,-0.9307614863929519
1.2414528026160285,0.424163016745638,-0.824735662983283
0.792928527854997,0.22243090524512338,-0.9305707924659561
-0.8335516708722291,-0.7340332317992747,-0.09418722866234476
-0.3892233395973916,-1.0641403233455713,0.45577405679356386
0.27572328339889873,0.15612734412257662,-0.9225616475321321
-0.25141972194555323,2.190377027924969,1.9412797480909039
-0.8238347491147278,-0.6493903878130448,1.461875215623444
-0.8132344708338171,-0.5986046814213069,1.7765201951665264
-0.8240555882455801,-0.7100510926698429,1.7574508024669455
-0.6818351879766957,-1.0824796062092545,2.4729344165552147
0.8953978845704665,0.4185201604798894,-0.9814860709738366
-0.8154428621423402,-0.4406047059803443,-0.1780925565405
0.7891742626305078,0.047502361006914885,-0.9174129115032453
-0.8081551708242142,-0.6719618128760394,0.9679779447043025
-0.15557553915565295,-0.10062261596898747,-0.8838507803519833
1.1051950588801562,0.5384308561270484,-0.8966272734607024
3.03709577557612,0.20268090831500307,-0.9256127503640651
-0.8176512534508632,-0.6903010957397225,0.8726309812063989
1.8962408255931127,0.047502361006914885,-0.9553610029754112
-0.8403976839286507,-0.6479796737466076,0.14036630154249838
1.0009589891178685,0.6512879814420216,-0.8718370629512474
-0.808817688216771,-0.4575332747775903,0.6914717505603819
0.3980681618910757,0.039038076608291894,-0.9359102224218386
1.845668664627935,0.1815201973184456,-0.9914021551776188
-0.8313432795637061,-0.5252475499665742,0.9660710054343447
-0.8108052403944417,-0.7340332317992747,0.20329529745111488
-0.07231918682433389,-1.120568886003058,1.9561538743965767
-0.8236139099838755,-0.5351225484316344,-0.16665092092075154
-0.8359809013116045,-0.61694396428499,0.7315174752295015
0.542938631730188,0.6131987016482182,-0.9540261454864404
-0.8273681752083646,-0.4575332747775903,1.8394491910751425
-0.8183137708434202,-0.3813547151899834,0.6151941797620589
-0.814559505618931,-0.7269796614670889,0.8116089245677405
0.9649622107889428,0.3197701758292878,-0.9656584750331846
-0.8306807621711493,-0.8130332195197559,0.9260252807652248
0.6522540015020787,-0.15140832236072543,-0.8342703593330734
0.6568916232499773,0.5581808530571687,-0.8420888103399015
-0.8180929317125679,-0.5040868389700167,-0.305857487627691
0.6856007102607768,0.09264521113290418,-0.8893809042348617
-0.1999642044569662,0.5976808469174093,-0.914743196525304
-0.6310421878806656,2.59807339312531,2.2297996596355603
-0.8092593664784756,-0.7255689474006517,-0.04460680764343478
0.9720290629762164,-0.011747629783446057,-0.9187477689922161
-0.17081343918446193,0.4001808776162062,-0.9334312013708932
-0.13282910867786552,0.295788036699856,-0.917794299357237
-0.8295765665168877,-0.7608367990615809,0.8726309812063989
-0.5831200964857154,-1.078247464009943,2.191660874236399
-0.8233930708530232,-0.6804260972746624,0.3177116536485992
1.2348276286904594,0.034805934408980395,-0.9067340515914801
-0.17721777397917876,-0.12742618323129362,-0.8577257123535577
0.4515112315573335,0.38607373695183456,-0.856390854864587
-0.8448144665456967,-0.7763546537923897,0.11938996957295954
-0.8315641186945585,-0.6437475315472961,1.6678246567789157
1.2032476329785797,0.19844876611569157,-0.9370543859838135
-0.8158845404040448,-0.3164618681338738,0.49315006648474224
-0.8448144665456967,-0.4815154139070221,0.7639354428187888
-0.8353183839190476,-0.6042475376870555,0.1785050869416599
2.849603353482513,0.7274665410296286,-0.9399147948887507
-0.17523022180150802,5.220590842631999,-0.36420982928840806
-0.8191971273668294,-0.3348011509975569,0.09650669833346263
0.7553858756101052,-0.06676547837449551,-0.9073061333724677
-0.8328891534796722,-0.41239042465160103,1.0347208191528354
-0.23529846539333496,5.708697909619259,1.7734690923345933
-0.809480205609328,-0.5689796860261264,0.512219459184323
0.07917645694034732,-0.07805119090599283,-0.8787020443230965
0.2876485964649232,0.1363773471924563,-0.95631447261039
1.1140286241142487,-0.27414044614075883,-0.931714956027931
0.37488005315158374,0.7429843957604374,-0.8985342127306604
-0.8194179664976816,-0.46317613104333893,1.5495944220415154
0.12842358312041127,0.6258951282461527,-0.8834693924979917
0.19114189628246595,0.2605201850389268,-0.9742397017479961
-0.8355392230499,-0.6508011018794819,0.17278426913178568
-0.5502150659887219,4.008787459562475,0.9590153301354997
3.134485832281987,0.9235557962643945,-0.9824395406088158
-0.8317849578254107,-0.6239975346171758,-0.07702477523272207
-0.8253806230306939,-0.7932832225896357,0.1708773298618276
0.40601837060175866,0.6653951221063933,-0.8352238289680524
1.0115592673987792,0.32541303209503647,-0.8180613755384297
-0.8395143274052415,-0.5675689719596891,0.41877943495637726
-0.8386309708818322,-0.7763546537923897,0.020229127535139804
1.3390636984527473,0.7443951098268745,-0.9553610029754112
1.1416335154707868,0.43968087147644686,-0.8367493803840188
0.8991521497949558,0.13778806125889345,-0.9610818207852854
1.0142093369690066,0.4721272950045016,-0.831600644355132
2.648639744406916,0.22384161931156055,-0.9246592807290861
-0.8236139099838755,-0.3601940041934259,0.6914717505603819
-0.8368642578350137,-0.7382653739985862,0.6094733619521846
-0.14144183478110542,-0.055479765842998185,-0.9584121058073439
-0.814559505618931,-0.395461855854355,0.8630962848566085
-0.8172095751891586,-0.3263368665989339,0.22236469015069565
-0.8191971273668294,-0.454711846644716,0.8592824063166924
0.5522138752259845,-0.24874759294488982,-0.9477332458955788
0.542938631730188,0.11098449399658733,-0.9845371738057695
-0.8443727882839922,-0.574622542291875,1.5362458471518088
-0.8430477534988783,-0.3841761433228577,0.45119740254566454
-0.8105844012635894,-0.6874796676068482,1.4904793046728149
-0.8097010447401802,-0.6352832471486731,0.14990099789228875
-0.1529254695854252,3.251234005885717,-0.17675769905152927
-0.845035305676549,-0.370069002658486,0.4149655564164611
-0.8344350273956384,-0.821497503918379,0.874537920476357
0.29626132256816307,-0.05971190804230968,-0.8636372240904276
-0.82979740564774,-0.6127118220856784,1.418015612414408
-0.8408393621903552,-0.6127118220856784,1.1910898392893972
-0.8472436969850722,-0.6649082425438536,0.6323566331916816
-0.8284723708626263,-0.7185153770684659,0.28529368605931216
-0.8141178273572265,-0.2967118712037535,1.5343389078818508
0.6277408579774728,-0.25439044921063847,-0.814819578779501
0.6085278535933225,0.6950201175015738,-0.8649720815793984
1.405536276839291,0.023520221877483077,-0.9174129115032453
1.0479977239894092,0.21678804897937473,-0.8991062945116478
-0.8150011838806357,-0.5153725515015141,1.0404416369627094
-0.8236139099838755,-0.7763546537923897,0.4225933134962934
-0.30155020464902643,-1.093765318740752,1.3116084011507478
-0.82979740564774,-0.29812258527019064,0.14036630154249838
-0.8244972665072847,-0.821497503918379,0.9851403981339254
-0.8286932099934785,-0.8116225054533188,-0.16665092092075154
-0.810142723001885,-0.6197653924178643,-0.0350721112936444
0.06261352212642445,0.18716305358419424,-0.8624930605284529
-0.005404930176085455,0.6964308315680109,-0.9755745592369666
-0.8169887360583064,-0.7975153647889471,1.440898883653905
-0.8516604796021182,-0.7213368052013402,-0.33255463740710406
0.2858818834181048,0.2097344786471889,-0.9797698256308743
0.7907201365464741,0.10534163773083867,-0.9837743980977864
0.28742775733407094,-0.14999760829428826,-0.936672998129822
-0.8165470577966017,-0.8497117852471222,1.280715984977427
-0.8295765665168877,-0.3601940041934259,-0.41073914747538504
-0.8161053795348971,-0.7650689412608923,0.9584432483545123
1.1654841416028356,0.11803806432877315,-0.8529583641786624
-0.8194179664976816,-0.608479679886367,0.5217541555341134
-0.8262639795541031,-0.3009440134030649,0.8402130136171116
3.334786923965028,0.9686986463903838,-0.9742397017479961
-0.8300182447785924,-0.4857475561063336,0.4264071920362096
-0.8490104100318906,-0.36160471825986307,1.5400597256917248
-0.31016293075226636,5.141590854911518,2.536626188171814
0.6456288275765096,0.3479844571580311,-0.8422795042668972
0.19224609193672743,0.25628804283961537,-0.9629887600552434
0.06945953518284595,-1.068372465544883,0.3167581840136203
-0.09506561730212133,-1.0881224624750032,-0.10372192501213513
-0.8439311100222875,-0.49985469677070526,1.2120661712589362
0.38371361838567586,0.1039309236644015,-0.9292359349769854
-0.8280306926009215,-0.30799758373525077,1.1281608433807808
-0.8083760099550664,-0.8144439335861932,-0.014095779324105565
2.3335023046806764,0.5341987139277369,-0.9605097390042978
-0.8430477534988783,-0.5534618312953176,1.765078559546778
-0.8194179664976816,-0.7890510803903241,0.8688171026664828
-0.8216263578062047,-0.625408248683613,0.14608711935237262
0.9512701846760998,0.6456451251762729,-0.9515471244354949
-0.8512188013404137,-0.32492615253249674,0.9222114022253087
-0.4066696309347237,3.498108967512221,-0.1639812059428102
0.21896762676985634,-1.0895331765414404,1.6155745207820649
-0.8108052403944417,-0.3263368665989339,1.7841479522463586
-0.8505562839478568,-0.7213368052013402,1.3722490699354146
0.719609936412032,0.2859130382347958,-0.969281659646105
0.30443237040969845,0.449555869941507,-0.912836257255346
1.6051748511297748,0.16318091445476243,-0.9368636920568177
0.8344462844552303,0.6075558453824695,-0.8779392686151133
-0.8483478926393336,-0.633872533082236,-0.25246318806886486
0.8693388671298945,0.21114519271362606,-0.9605097390042978
0.6849381928682199,0.7331093972953773,-0.9086409908614382
-0.8121302751795556,-0.6479796737466076,0.11748303030300147
-0.11737036951820409,0.7458058238933117,-0.8548653034486206
0.26777307468821576,0.12932377686027047,-0.9046364183945264
2.9136467014296823,0.023520221877483077,-0.9406775705967338
-0.8172095751891586,-0.3348011509975569,1.3474588594259593
-0.8121302751795556,-0.3319797228646826,0.20520223672107296
0.5482387708706432,0.024930935943920242,-0.933621895297889
-0.8315641186945585,-0.7269796614670889,1.6849871102085388
0.41816452279863553,-0.0992119019025503,-0.8827066167900084
-0.8470228578542198,-0.5379439765645088,0.28338674678935405
0.8200917409498306,-0.04983690957724952,-0.9073061333724677
-0.810142723001885,-0.4138011387180382,1.5190833937221861
-0.8097010447401802,-0.37853328705710904,1.467596033433318
0.6217782014444607,0.41005587608126637,-0.92675691392604
0.926094523758937,0.9686986463903838,-0.9791977438498869
-0.8081551708242142,-0.8327832164498763,0.19757447964124067
0.24016818333167764,0.8318593819459787,-0.8661162451413732
-0.8430477534988783,-0.8144439335861932,0.4225933134962934
-0.477117313676609,-1.0627296092791343,1.545971237428595
-0.816767896927454,-0.6550332440787935,1.3379241630761693
-0.0570812867955249,-0.23040831008120669,-0.9824395406088158
2.7413921793648837,0.8064665287501098,-0.9280917714150105
0.8035288061359078,0.7556808223583719,-0.883278698570996
-0.8390726491435369,-0.7312118036664004,0.462639038165413
1.3487806202102488,0.824805811613793,-0.9784349681419038
-0.8481270535084814,-0.3390332931968684,1.570570754011054
0.12864442225126368,-0.24310473667914118,-0.8907157617238323
0.7847574800134617,-0.18667617402165457,-0.9423938159396962
0.9640788542655334,-0.22758688194833235,-0.8746974718561845
2.673373727062374,0.7542701082919347,-0.9734769260400127
2.698328548848685,0.7133594003652569,-0.9934997883745726
-0.17854280876429257,0.17587734105269692,-0.9212267900431615
-0.06105639115086638,0.039038076608291894,-0.8802275957390628
-0.8256014621615462,-0.6395153893479846,1.5305250293419348
0.3377790791683965,0.39453802135045757,-0.9355288345678471
0.3901179531803927,0.7923593880857381,-0.872218450805239
0.8885518715140451,0.043270218807603386,-0.9509750426545075
0.918806832440811,-0.1401226098292281,-0.917794299357237
0.6434204362679866,-0.14717618016141393,-0.9261848321450525
-0.8130136317029648,-0.7989260788553842,-0.22385909901949372
-0.8214055186753525,-0.3545511479276772,0.9222114022253087
-0.8373059360967184,-0.7185153770684659,0.8650032241265666
1.1157953371610672,0.41993087454632655,-0.8935761706287694
-0.49721367458416876,-1.1177474578701836,0.4675970802673039
-0.05531457374870634,0.06443092980416087,-0.9248499746560819
-0.8258223012923984,-0.6973546660719084,0.7029133861801303
0.5676726143856459,0.21678804897937473,-0.8340796654060776
2.5254115093913296,0.32118088989572496,-0.9401054888157465
-0.0016506649515962326,-0.2515690210777642,-0.835605216822044
0.28168593993191104,0.9390736509952033,-0.9896859098346564
-0.8110260795252942,-0.8468903571142479,1.6239650535698802
0.9589995542559303,0.4622522965394415,-0.9757652531639623
0.04384219600397849,-0.20219402875246337,-0.9082596030074466
-0.8112469186561464,-0.5196046937008255,1.5228972722621024
0.939124032479223,0.06160950167128654,-0.9362916102758303
3.405013767576061,0.8911093727363397,-0.9591748815153273
-0.8320057969562631,-0.61694396428499,1.4237364302242825
0.10126037002557782,0.714770114431694,-0.8430422799748805
-0.8417227187137646,-0.5986046814213069,-0.153302346031045
-0.808817688216771,-0.7763546537923897,1.438991944383947
0.007182900282495935,0.491877291934622,-0.893004088847782
-0.1970932957558862,0.057377359471975045,-0.9879696644916942
0.645187149314805,0.008002367146674256,-0.9738583138940043
3.3782922327429312,0.16600234258763677,-0.9675654143031427
0.9631954977421241,0.39453802135045757,-0.855437385229608
1.3185256592834829,0.19985948018212873,-0.8222566419323375
0.16331616579507557,-0.17539046149015725,-0.9700444353540881
-0.8328891534796722,-0.5449975468966946,-0.14948846749112885
2.466226622322912,0.5229130013962396,-0.9164594418682663
-0.8123511143104079,-0.5252475499665742,-0.04460680764343478
-0.8311224404328539,-0.5986046814213069,1.440898883653905
0.03324191772306792,-1.0853010343421288,-0.013142309689126632
-0.8523229969946752,-0.4236761371830983,1.7040565029081194
-0.432949487506148,4.385448115301198,0.6668722339779227
-0.8516604796021182,-0.5040868389700167,0.2528757184700249
-0.8249389447689893,-0.821497503918379,0.744866050119208
-0.822509714329614,-0.41097971058516386,1.1033706328713262
-0.8437102708914352,-0.8229082179848161,0.11366915176308531
0.039646252517784746,0.4566094402736928,-0.8186334573194171
-0.8430477534988783,-0.3192832962667481,-0.05795538253314131
-0.8253806230306939,-0.2953011571373163,1.3493657986959178
2.697666031456128,0.6837344049700764,-0.9195105447001992
-0.015121851933586982,0.3733773103539001,-0.9736676199670085
-0.0018715040824486507,1.9406806381655908,0.2677498447756977
-0.8169887360583064,-0.6296403908829245,-0.07893171450268015
0.7845366408826095,0.7204129706974427,-0.8304564807931573
0.1907002180207613,-1.1050510312722492,-0.1147821727778919
-0.8097010447401802,-0.574622542291875,1.4256433694942403
0.404030818424088,0.054555931339100715,-0.9166501357952621
1.2441028721862564,0.10957377993015016,-0.8813717593010378
0.8430590105584702,0.8022343865507984,-0.9700444353540881
1.2547031504671666,0.3395201727594081,-0.8378935439459937
-0.8125719534412603,-0.7269796614670889,-0.30967136616760715
-0.8346558665264908,-0.8088010773204445,1.1472302360803617
-0.31612558728527856,-1.1008188890729378,2.033766302683871
-0.839956005666946,-0.8003367929218215,0.956536309084554
-0.8490104100318906,-0.6268189627500501,0.4321280098460838
-0.8090385273476234,-0.5802653985576237,0.3119908358387252
0.6851590319990724,-0.09074761750392732,-0.8483817099307631
-0.019538634550632986,0.6089665594489067,-0.9555516969024069
2.4357508222652937,0.30566303516491616,-0.9231337293131195
0.9662872455740563,0.46084158247300433,-0.8964365795337066
0.1580160266546202,0.7401629676275631,-0.8090987609696269
0.15404092229927874,0.4721272950045016,-0.8317913382821278
-0.8313432795637061,-0.6324618190157988,0.23189938650048603
-0.8368642578350137,-0.79610465072251,1.5495944220415154
-0.8410602013212076,-0.4970332686378309,1.8489838874249331
-0.8406185230595029,-0.5633368297603777,0.8516546492368601
-0.1518212739311637,0.7613236786241205,-0.8350331350410566
0.3477168400567503,0.7274665410296286,-0.92675691392604
-0.8485687317701859,-0.8172653617190675,0.3844545280971319
0.3399874704769196,0.569466565588666,-0.9355288345678471
-0.8291348882551832,-0.6790153832082253,-0.0007472044343990322
-0.8258223012923984,-0.5393546906309459,-0.21432440266970343
-0.8269264969466601,-0.5097296952357654,-0.07893171450268015
0.28897363125003706,-0.1725690333572829,-0.8466654645878008
1.0497644370362276,-0.06535476430805834,-0.8165358241224633
0.719609936412032,-0.12460475509841928,-0.8104336184585974
-0.8324474752179677,-0.44342613411321863,1.362714373585624
0.17877490495473683,0.5736987077879776,-0.9412496523777213
0.8459299192595504,-0.1485868942278511,-0.842470198193893
-0.8306807621711493,-0.5308904062323229,-0.30776442689764905
1.1363333763303312,0.18998448171706858,-0.8661162451413732
0.6286242145008822,0.449555869941507,-0.907878215153455
-0.8353183839190476,-0.762247513128018,0.9832334588639671
-0.8410602013212076,-0.5294796921658858,-0.34208933375689443
-0.8161053795348971,-0.6832475254075367,-0.359251787186517
-0.808817688216771,-0.736854659932149,-0.19525500997012268
-0.03256814327091906,0.2548773287731782,-0.8813717593010378
0.13571127443853745,-0.2656761617421358,-0.830647174720153
-0.8286932099934785,-0.5591046875610662,0.33106022853830575
-0.8432685926297308,-0.549229689096006,0.9164905844154346
-0.8222888751987617,-0.6381046752815475,-0.30967136616760715
1.3032877592546739,0.7077165440995082,-0.919701238627195
0.042517161218864764,4.929983744945944,2.6832698180315906
1.5992121945967628,0.34657374309159394,-0.936672998129822
-0.8178720925817156,-0.7326225177328375,-0.2105105241297873
-0.8485687317701859,-0.41803328091734965,1.0652318474721645
0.18407504409519218,-1.1262117422688067,2.738189669006383
-0.8419435578446168,-0.40674756838585235,-0.10181498574217705
-0.8505562839478568,-0.4815154139070221,0.7868187140582857
1.0091300369594038,0.22948447557730922,-0.966230556814172
1.2752411896364313,0.611787987581781,-0.9288545471229939
-0.8465811795925152,-0.43778327784747,1.5419666649616832
-0.7613372750835256,2.283484156309822,0.7421963351412666
0.6765463058958324,0.40582373388195486,-0.8329355018441027
-0.8185346099742724,-0.7678903693937666,0.718168900339795
-0.8381892926201276,-0.33762257913043126,0.7391452323093338
2.107142195557064,0.9644665041910724,-0.9122641754743586
-0.8315641186945585,-0.5238368359001371,0.37873371028725766
0.41418941844329404,0.19562733798281726,-0.9067340515914801
1.204793506894546,0.010823795279548588,-0.8127219455825471
-0.8465811795925152,-0.5294796921658858,-0.305857487627691
-0.8286932099934785,-0.47587255764127345,1.072859604551997
0.9402282281334845,0.8318593819459787,-0.9198919325541909
-0.8509979622095613,-0.4885689842392079,0.6323566331916816
0.02109576552619105,0.3606808837559656,-0.8190148451734087
1.198389172099829,-0.11472975663335913,-0.8502886492007211
0.4080059227794295,0.7034844019001968,-0.8951017220447359
1.252715598289496,0.43121658707782384,-0.8317913382821278
1.2357109852138686,-0.15846189269291125,-0.8096708427506142
0.6334826753796329,0.21255590678006323,-0.8251170508372746
-0.06768156507643547,0.22948447557730922,-0.8277867658152159
-0.2708535654605561,-1.1318545985345554,1.4407081897269092
-0.850114605686152,-0.28824758680513046,0.8707240419364408
0.8923061367385343,0.5412522842599228,-0.8525769763246708
0.6155947057805962,0.7260558269631914,-0.9036829487595472
0.9704831890602504,0.6597522658406446,-0.901966703416585
-0.808817688216771,-0.3898189995886064,-0.02935129348377017
-0.8521021578638228,-0.5464082609631317,-0.32492688032727174
0.8147916018093752,0.3437523149587196,-0.8348424411140607
-0.8403976839286507,-0.3855868573892949,0.7925395318681597
-0.850114605686152,-0.4702297013755248,1.6849871102085388
0.15315756577586953,4.767751627305669,0.5137450106002893
0.1246693178959222,-0.15846189269291125,-0.9528819819244656
-0.3218674046874386,4.708501636515309,0.5997479716753985
0.80087873656568,0.2943773226334188,-0.9612725147122811
-0.8368642578350137,-0.549229689096006,0.769656260628663
-0.8090385273476234,-0.44201542004678146,0.49124312721478414
-0.8448144665456967,-0.3446761494626171,1.0175583657232126
1.1754219024911892,0.4693058668716273,-0.9730955381860211
-0.8269264969466601,-0.5210154077672627,0.3806406495572157
-0.8207430012827955,-0.5774439704247494,0.8955142524458958
-0.82979740564774,-0.8483010711806851,1.2997853776770076
1.3001960114227415,0.5313772857948625,-0.9427752037936877
0.1407905744481404,-0.24733687887845265,-0.9368636920568177
2.1815649826542907,0.35644874155665407,-0.971188598916063
-0.8397351665360937,-0.7989260788553842,0.5770553943628973
-0.8238347491147278,-0.4772832717077106,0.6971925683702561
-0.8373059360967184,-0.6141225361521157,1.0938359365215355
-0.843489431760583,-0.8398367867820621,1.5724776932810123
0.2116799354517303,-0.1485868942278511,-0.8245449690562873
-0.8289140491243308,-0.3348011509975569,-0.014095779324105565
-0.8286932099934785,-0.8468903571142479,0.3997100422567965
-0.5446940877174142,2.07046633227781,2.1396014321665437
0.031696043807101774,0.7190022566310056,-0.9139804208173208
-0.8169887360583064,-0.7241582333342146,1.8032173449459394
-0.8348767056573431,-0.8412475008484993,0.008787491915391347
0.4044724966857925,0.32118088989572496,-0.9725234564050338
-0.8313432795637061,-0.762247513128018,1.1396024790005292
0.7059179102991889,0.28873446636767014,-0.9833930102437947
-0.8452561448074014,-0.7989260788553842,0.14418018008241454
-0.8348767056573431,-0.6620868144109793,0.35012962123788655
1.9854598344574441,0.7500379660926232,-0.9820581527548242
-0.8191971273668294,-0.8158546476526303,0.130831605192708
-0.850114605686152,-0.46317613104333893,1.8165659198356456
-0.8445936274148445,-0.32915829473180824,0.03167076315488826
0.962974658611272,0.7796629614878037,-0.9349567527868596
0.25363937031366823,0.561002281190043,-0.9307614863929519
-0.19068896096116936,-1.0881224624750032,2.5663744407831603
0.8446048844744365,0.08841306893359267,-0.8884274345998826
-0.821847196937057,-0.7424975161978977,0.3348741070782219
0.5924065970411042,0.6216629860468411,-0.9439193673556626
0.45438214025841356,-0.21489045535039786,-0.9185570750652202
-0.8125719534412603,-0.8172653617190675,1.3207617096465463
-0.8516604796021182,-0.8497117852471222,1.765078559546778
-0.8264848186849554,-0.3446761494626171,-0.34781015156676853
1.1151328197685102,0.13496663312601914,-0.908831684788434
0.1823083310483738,0.0954666392657785,-0.8956738038257234
0.2088090267506503,-1.1135153156708721,1.149899951058303
1.608929116354264,0.8135200990822956,-0.9332405074438973
0.20836734848894578,-1.0740153218106316,2.7441011807432525
-0.8490104100318906,-0.6493903878130448,-0.30776442689764905
-0.8176512534508632,-0.5562832594281919,1.0804873616318291
-0.015121851933586982,0.47071658093806445,-0.9832023163167989
-0.836201740442457,-0.7946939366560728,0.12892466592274993
3.2250298759314315,0.19139519578350575,-0.99407187015556
0.8386422279414241,0.46084158247300433,-0.9187477689922161
0.8885518715140451,0.9729307885896953,-0.9059712758834969
0.22846370939650545,-0.21206902721752352,-0.8115777820205723
0.6158155449114485,-0.27555116020719594,-0.9580307179533524
-0.8267056578158078,-0.28965830087156763,1.7364744704974064
0.068797017790289,0.7923593880857381,-0.8815624532280336
1.9006576082101587,0.81634152721517,-0.9223709536051363
0.05775506124767376,-0.16692617709153423,-0.8218752540783459
-0.8408393621903552,-0.660676100344542,1.0385346976927514
1.0062591282583235,0.010823795279548588,-0.9694723535731008
-0.3415220873332937,-1.1248010282023695,2.778616781529494
1.1394251241622635,0.15753805818901379,-0.8106243123855932
-0.8421643969754691,-0.566158257893252,0.5484513053135264
0.8627136932043253,0.35362731342377973,-0.9362916102758303
-0.4263243135805788,2.482394839677462,0.5330050972268658
-0.8220680360679095,-0.7015868082712199,1.0461624547725838
-0.8108052403944417,-0.4589439888440275,-0.19144113143020652
0.7781323060878926,0.13919877532533062,-0.8455213010258259
-0.8518813187329705,-0.5647475438268149,1.09955675433141
-0.8300182447785924,-0.4575332747775903,0.3768267710172996
1.022380384810542,-0.27978330240650745,-0.9448728369906417
-0.8304599230402969,-0.7453189443307721,1.4599682763534856
-0.8483478926393336,-0.6874796676068482,0.9203044629553508
0.1944544832452505,0.3973594494833319,-0.9486867155305578
-0.8293557273860355,-0.30376544153593926,1.801310405675981
1.9792763387935794,0.26757375537111266,-0.9589841875883315
-0.8236139099838755,-0.5435868328302573,1.1567649324301519
-0.8401768447977984,-0.6098903939528042,0.9374669163849733
-0.8498937665552998,-0.61694396428499,-0.07130395742284784
0.7920451713315877,0.14766305972395363,-0.9458263066256207
-0.8505562839478568,-0.7185153770684659,1.1300677826507393
-0.44354976578705857,-1.129033170401681,0.5000150478565911
0.655345749334011,0.048913075073352054,-0.9717606806970505
1.1771886155380078,0.6668058361728305,-0.8935761706287694
0.8845767671587038,0.5934487047180979,-0.9545982272674277
0.8589594279798362,0.39594873541689474,-0.9627980661282476
-0.8143386664880787,-0.42226542311666115,0.8459338314269859
-0.8392934882743891,-0.6987653801383455,1.7345675312274487
-0.8412810404520599,-0.4011047121201037,0.44166270619587417
-0.8452561448074014,-0.7382653739985862,0.7563076857389565
0.19312944846013677,0.4171094464134522,-0.840563258923935
0.42236046628482926,0.11380592212946165,-0.8338889714790817
-0.8390726491435369,-0.6818368113410996,1.5743846325509703
-0.8521021578638228,-0.7749439397259525,0.04501933804459479
-0.816767896927454,-0.5774439704247494,0.02213606680509788
-0.8487895709010383,-0.5210154077672627,0.3138977751086831
-0.8503354448170043,-0.5421761187638202,0.3215255321885154
2.0411112954322252,0.9334307947294547,-0.9261848321450525
1.299975172291889,0.18575233951775708,-0.8300750929391656
-0.8207430012827955,-0.8003367929218215,1.313133952566714
0.28124426167020633,0.5341987139277369,-0.8382749317999854
-0.8291348882551832,-0.3305690087982454,1.5495944220415154
-0.4552542397222307,4.5180552375462915,1.4984884496066389
-0.816767896927454,-0.8102117913868816,1.4771307297831087
3.4869450851222656,0.5990915609838465,-0.9248499746560819
0.32187866174703056,0.29719875076629315,-0.9864441130757277
0.19776707020803505,0.3437523149587196,-0.8579164062805534
0.3607463487770362,0.8149308131487328,-0.8939575584827611
-0.016888564980405384,0.5567701389907316,-0.8596326516235158
-0.1970932957558862,0.09123449706646701,-0.8396097892889559
-0.8342141882647861,-0.5774439704247494,0.8459338314269859
-0.4225700483560896,1.8560377941793609,2.150470986005305
-0.1489503652300837,0.5327879998612998,-0.9071154394454718
-0.8231722317221709,-0.7044082364040942,0.7639354428187888
0.22007182242411796,-1.0655510374120085,0.8457431374999901
-0.8121302751795556,-0.6155332502185528,1.589640146710635
0.8324587322775598,-0.2177118834832722,-0.898915600584652
-0.8085968490859188,-0.8172653617190675,1.213973110528894
-0.7405783967834088,-1.1332653126009924,-0.6386183902353749
-0.8229513925913186,-0.32351543846605957,0.7257966574196273
-0.8328891534796722,-0.8003367929218215,1.5629429969312219
0.7708446147697665,0.18998448171706858,-0.8888088224538743
1.2456487461022223,-0.14294403796210242,-0.8773671868341257
-0.39629019178466535,-1.0754260358770686,-0.337512679508995
-0.10500337819047496,-0.1880868880880917,-0.9280917714150105
1.1917639981742598,0.8149308131487328,-0.8693580419003019
0.92543200636638,0.43968087147644686,-0.9496401851655368
-0.8432685926297308,-0.549229689096006,1.3798768270152468
-0.17986784354940644,-0.19372974435384038,-0.9176036054302411
-0.8403976839286507,-0.7678903693937666,-0.1361398926014223
0.902906415019445,0.055966645405537876,-0.963370147909235
-0.5550735268674726,-1.0994081750065006,1.0604644992972692
0.04472555252738769,-1.112104601604435,0.7107318371869584
-0.8410602013212076,-0.6014261095541812,1.5629429969312219
0.09728526567023633,0.7923593880857381,-0.8689766540463103
-0.40644879180387133,2.335680576767997,2.4700740076502776
0.049142335144433856,0.45519872620725566,-0.8571536305725703
3.274939519504052,0.20832376458075172,-0.9120734815473627
-0.6065290443560596,-1.0740153218106316,-0.2286264471943889
0.3154743269523137,-0.003283345384823066,-0.8113870880935765
-0.8335516708722291,-0.7213368052013402,0.37873371028725766
3.1031266757009597,0.35644874155665407,-0.9307614863929519
-0.4649711614797322,5.042840870260917,0.8343015018802417
1.2456487461022223,0.08982378300002984,-0.9545982272674277
2.7409505011031796,0.4693058668716273,-0.9324777317359142
-0.8119094360487034,-0.5957832532884325,0.14990099789228875
-0.8233930708530232,-0.633872533082236,1.3989462197148272
2.2480375610408343,0.2901451804341073,-0.9393427131077633
-0.8209638404136478,-0.39122971365504355,1.6640107782389997
1.7564496557636036,0.1236809205945218,-0.9216081778971531
-0.8448144665456967,-0.7255689474006517,1.7822410129764004
3.3877883153695802,0.5624129952564803,-0.9908300733966312
0.45173207068818577,-0.039961911112189365,-0.9656584750331846
-0.8110260795252942,-0.5097296952357654,1.280715984977427
-0.8324474752179677,-0.5393546906309459,0.7925395318681597
0.647395540623328,0.17446662698625975,-0.8382749317999854
-0.8231722317221709,-0.566158257893252,0.14990099789228875
1.221577280839321,0.48059157940312464,-0.9862534191487319
0.7277809842535671,0.24782375844099236,-0.9067340515914801
0.5972650579198548,0.1363773471924563,-0.9730955381860211
-0.8490104100318906,-0.4589439888440275,0.9126767058755185
-0.8244972665072847,-0.5971939673548696,0.17659814767170182
0.1639786831876325,0.833270096012416,-0.8102429245316015
-0.8293557273860355,-0.4391939919139071,0.9984889730236317
-0.8512188013404137,-0.4250868512495355,1.2177869890688102
-0.813896988226374,-0.8454796430478108,0.03357770242484633
-0.8512188013404137,-0.8045689351211329,0.20329529745111488
-0.02307206064426995,0.6103772735153439,-0.9732862321130169
-0.8233930708530232,-0.2910690149380048,1.620151175029964
1.2547031504671666,0.5186808591969281,-0.9702351292810841
-0.8339933491339339,-0.6479796737466076,1.5209903329921441
1.0524145066064554,0.5271451435955511,-0.978244274214908
-0.8273681752083646,-0.6239975346171758,1.3417380416160853
0.8799391454108052,0.47494872313737596,-0.8396097892889559
-0.4852883615181442,-1.103640317205812,1.2391447088923409
1.3130046810121752,0.5807522781201634,-0.9774814985069247
-0.8114677577869986,-0.5943725392219953,1.774613255896568
-0.8267056578158078,-0.6888903816732854,1.0690457260120807
-0.8132344708338171,-0.5280689780994485,1.435178065844031
-0.8445936274148445,-0.3390332931968684,1.4695029727032762
-0.8196388056285341,-0.4138011387180382,1.1434163575404455
0.3545628531131716,0.15753805818901379,-0.8455213010258259
0.0718887656222213,0.3338773164936594,-0.9347660588598639
-0.8110260795252942,-0.6056582517534926,0.8573754670467343
2.058336747638705,0.4213415886127637,-0.9057805819565011
-0.22889413059861813,4.309269555713591,0.487429248674868
1.0415933891946927,0.7556808223583719,-0.8937668645557653
-0.814559505618931,-0.403926140252978,0.4550112810855807
0.7098930146545303,0.0672523579370352,-0.9061619698104927
-0.8302390839094447,-0.7382653739985862,0.12892466592274993
-0.8249389447689893,-0.3023547274695021,-0.08846641085247053
0.22470944417201638,0.22525233337799772,-0.9698537414270924
-0.8350975447881953,-0.403926140252978,1.5152695151822702
1.1372167328537406,-0.011747629783446057,-0.9101665422774047
-0.8141178273572265,-0.46599755917621327,1.2654604708177624
3.0470335364644736,0.9475379353938264,-0.9551703090484153
-0.8203013230210908,-0.6437475315472961,0.46454597743537107
1.206339380810512,-0.26003330547638714,-0.8743160840021929
0.940449067264337,0.628716556379027,-0.8987249066576563
1.213406232997786,-0.04419405331150086,-0.8901436799428449
0.227359513742244,4.9694837388061845,0.11443192747106867
-0.8410602013212076,-0.38276542925642054,0.35012962123788655
0.11274400482989774,0.6541094095748959,-0.8436143617558679
-0.8328891534796722,-0.5859082548233724,0.7982603496780339
-0.8355392230499,-0.5393546906309459,-0.06367620034301553
-0.8492312491627428,-0.5379439765645088,-0.31539218397748137
-0.6063082052252073,5.413858669733892,2.123773836225891
-0.8410602013212076,-0.46317613104333893,0.4035239207967127
-0.8125719534412603,-0.3277475806653711,0.106041394683253
-0.8421643969754691,-0.7918725085231985,0.3119908358387252
-0.8200804838902386,-0.2910690149380048,0.6399843902715139
-0.8220680360679095,-0.5943725392219953,1.492386243942773
-0.8083760099550664,-0.6620868144109793,0.41877943495637726
0.2251511224337209,-1.1022296031393748,-0.6756130120725615
-0.8161053795348971,-0.7439082302643348,1.8108451020257716
-0.8512188013404137,-0.6014261095541812,-0.3973905725856785
-0.8222888751987617,-0.6070689658199299,1.6354066891896286
1.0267971674275882,0.5426629983263599,-0.81577304841448
-0.8304599230402969,-0.32915829473180824,0.3596643175876769
-0.8161053795348971,-0.3757118589242347,0.769656260628663
-0.8085968490859188,-0.549229689096006,0.9984889730236317
1.9605050126711336,0.030573792209668903,-0.9576493300993607
-0.8348767056573431,-0.7566046568622693,0.20520223672107296
-0.8264848186849554,-0.8468903571142479,0.4836153701349518
0.5193088447289912,-0.2783725883400703,-0.875269553637172
0.6359119058190082,0.32259160396216213,-0.8872832710379078
-0.8485687317701859,-0.49562255457139376,0.8306783172673212
-0.8366434187041615,-0.4688189873090876,0.6323566331916816
-0.8251597838998417,-0.6225868205507387,0.4855223094049099
-0.8150011838806357,-0.6352832471486731,-0.3630656657264332
0.8940728497853527,0.27885946790261,-0.8708835933162684
3.3986094327813436,0.3550380274902169,-0.9210360961161658
0.5433803099918925,0.07007378606990954,-0.9290452410499896
-0.8379684534892753,-0.30517615560237643,0.9317460985750993
-0.8143386664880787,-0.40251542618654085,0.4092447386065869
-0.8423852361063213,-0.5844975407569352,-0.1361398926014223
-0.8178720925817156,-0.6846582394739739,0.7029133861801303
2.059661782423819,0.9517700775931378,-0.963370147909235
-0.813896988226374,-0.7481403724636464,1.204438414179104
-0.8468020187233675,-0.5252475499665742,0.7086342039900045
1.7657248992594006,0.6639844080399562,-0.9532633697784572
0.39166382709635883,0.5736987077879776,-0.9883510523456858
0.5243881447385943,0.060198787604849376,-0.9643236175442139
1.1001157588705532,0.17587734105269692,-0.9666119446681638
-0.8406185230595029,-0.5788546844911865,0.1785050869416599
-0.8426060752371738,-0.6014261095541812,1.3169478311066303
0.5217380751683665,0.7627343926905576,-0.8701208176082852
-0.8178720925817156,-0.3644261463927374,-0.38976281550584624
-0.8185346099742724,-0.3362118650639941,0.10413445541329494
-0.8412810404520599,-0.43072970751528417,1.006116730103464
1.137658411115445,0.2760380397697357,-0.8373214621650062
0.10170204828728249,0.25346661470674103,-0.8359866046760356
1.1888930894731802,0.5892165625187864,-0.9033015609055556
-0.8523229969946752,-0.4011047121201037,1.5076417581024377
-0.8282515317317738,-0.5181939796343884,0.34822268196792844
-0.8419435578446168,-0.44765827631253013,1.2196939283387684
-0.1003657564425767,-1.1177474578701836,0.5026847628345326
-0.8337725100030814,-0.7834082241245754,1.1090914506812002
0.6493830928009988,0.08700235486715552,-0.8985342127306604
0.9848377325656501,0.14625234565751646,-0.8918599252858073
-0.8472436969850722,-0.513961837435077,1.8108451020257716
0.05466331341574148,-1.0641403233455713,-0.5709220461518634
0.7827699278357911,0.0009487968144884301,-0.8565815487915829
-0.845697823069106,-0.43214042158172133,1.41610867314445
0.2761649616606034,0.5906272765852235,-0.9395334070347591
-0.8337725100030814,-0.3855868573892949,-0.4202738438251754
-0.850114605686152,-0.8341939305163134,-0.2963227912779006
-0.8286932099934785,-0.6352832471486731,1.765078559546778
0.14829910489711884,3.1708233040987985,0.815041415253665
0.0036494741888589742,0.1885737676506314,-0.9286638531959981
0.6359119058190082,-0.042783339245063695,-0.948496021603562
-0.8479062143776289,-0.6113011080192413,0.17659814767170182
-0.8304599230402969,-0.3277475806653711,1.3055061954868818
-0.8381892926201276,-0.4138011387180382,0.5274749733439876
-0.813896988226374,-0.6846582394739739,0.27003817189964757
0.9380198368249613,0.5299665717284254,-0.912836257255346
-0.5932786965049214,5.095037290719092,2.748296447137161
-0.837747614358423,-0.6423368174808589,1.6868940494784965
0.09375183957659954,-1.1276224563352437,1.2400981785273197
-0.8512188013404137,-0.43637256378103284,1.2006245356391878
-0.8328891534796722,-0.33339043693111975,0.8344921958072374
0.2202926615549702,0.08418092673428118,-0.8150102727064968
-0.839956005666946,-0.48433684203989646,0.4206863742263353
1.2149521069137519,0.6921986893686994,-0.9540261454864404
-0.8417227187137646,-0.7636582271944552,0.17659814767170182
0.15867854404717716,-0.1880868880880917,-0.8935761706287694
0.7721696495548804,0.3888951650847089,-0.9448728369906417
-0.3419637655949983,3.5361982473060243,1.0164142021612377
-0.8421643969754691,-0.4702297013755248,0.48170843086499376
-0.8342141882647861,-0.6860689535404111,1.164392689509984
-0.8090385273476234,-0.5675689719596891,0.3444088034280123
-0.1580047695950283,-0.2459261648120155,-0.98816035841869
-0.690006235818231,-1.086711748408566,1.55665009734036
-0.13349162607042245,-0.25580116327707564,-0.9725234564050338
0.183191687571783,0.7951808162186125,-0.9471611641145913
1.123083028479193,0.019288079678171578,-0.9643236175442139
0.5566306578430307,0.8135200990822956,-0.9279010774880148
2.950526836282016,0.17023448478694828,-0.9101665422774047
-0.8196388056285341,-0.5294796921658858,0.6037525441423104
-0.8154428621423402,-0.3023547274695021,0.8936073131759378
0.2819067790627633,0.5765201359208518,-0.8352238289680524
0.41904787932204474,0.47635943720381313,-0.9950253397905389
2.5338033963637177,0.9644665041910724,-0.9298080167579729
0.3636172574781162,0.22384161931156055,-0.92675691392604
1.2067810590722166,-0.007515487584134561,-0.9048271123215221
-0.8465811795925152,-0.5181939796343884,0.9279322200351832
-0.2500946871604394,-1.0951760328071891,1.015270038599263
-0.8130136317029648,-0.32492615253249674,0.4168724956864192
-0.8302390839094447,-0.79610465072251,1.0747665438219547
2.781143222918299,0.8798236602048424,-0.99407187015556
-0.02483877369108835,-0.26426544767569865,-0.9784349681419038
-0.8304599230402969,-0.5407654046973831,0.24524796139019256
-0.8326683143488199,-0.5859082548233724,-0.33255463740710406
-0.8183137708434202,-0.736854659932149,1.3722490699354146
-0.6491509966105545,-1.1276224563352437,2.3070307000688626
0.9280820759366079,-0.13024761136416793,-0.8739346961482013
3.167832541040685,0.4368594433435725,-0.9219895657511448
-0.08799876511484757,-0.1528190364271626,-0.9452542248446333
0.5603849230675199,0.0065916530802370915,-0.9717606806970505
-0.8185346099742724,-0.34890829166192855,1.5267111508020186
1.034084858745714,0.4862344356688733,-0.8512421188357002
-0.8097010447401802,-0.31364044000099944,0.5064986413744488
0.6856007102607768,0.22243090524512338,-0.8716463690242515
-0.5669988399334971,-1.086711748408566,1.2953994173561043
-0.8289140491243308,-0.5788546844911865,0.874537920476357
-0.6138167356741857,-1.0994081750065006,0.9853310920609212
-0.2609158045722023,-1.0923546046743147,0.6563840679931534
0.7686362234612436,-0.22899759601476952,-0.9261848321450525
-0.1030158260128043,-0.1880868880880917,-0.8807996775200504
2.7303502228222687,0.6230737001132783,-0.9319056499549268
1.25691154177569,0.6696272643057047,-0.969281659646105
-0.8198596447593863,-0.49139041237208225,1.5953609645205094
0.6937717581023123,0.2097344786471889,-0.95631447261039
3.0315747973048124,0.8755915180055309,-0.9080689090804508
-0.8271473360775123,-0.7354439458657118,1.332203345266295
-0.7518411924568764,2.670019810513605,0.4839967579889434
-0.8317849578254107,-0.5238368359001371,1.5209903329921441
0.1043521178575101,-0.25580116327707564,-0.9698537414270924
-0.8264848186849554,-0.7890510803903241,0.6533329651612204
-0.17942616528770183,-1.1149260297373094,1.3997089954228108
-0.8490104100318906,-0.3559618619941144,0.12701772665279185
-0.0014298258207439715,0.20691305051431458,-0.9526912879974698
0.4758035359510871,0.2605201850389268,-0.9557423908294027
1.4044320811850295,0.047502361006914885,-0.9658491689601805
-0.8518813187329705,-0.48433684203989646,0.8669101633965247
2.458055574481377,0.13778806125889345,-0.916840829722258
-0.21100616099958144,0.43544872927713535,-0.8882367406728868
-0.8381892926201276,-0.3192832962667481,0.7467729893891661
0.24325993116360992,0.7627343926905576,-0.8384656257269811
0.18760847018882915,0.6005022750502836,-0.8111963941665807
-0.8503354448170043,-0.7044082364040942,0.4225933134962934
1.2648617504863728,-0.11331904256692196,-0.888046046745891
-0.8311224404328539,-0.61694396428499,0.27766592897947984
-0.8315641186945585,-0.3503190057283657,-0.3668795442663493
-0.843489431760583,-0.6620868144109793,1.6544760818892095
-0.8326683143488199,-0.39264042772148067,-0.2581840058787391
-0.8355392230499,-0.44624756224609297,-0.153302346031045
-0.8196388056285341,-0.8102117913868816,0.1384593622725403
0.7651027973676066,0.1279130627938333,-0.8891902103078659
-0.8132344708338171,-0.6578546722116678,1.6601968996990835
-0.8211846795445003,-0.29953329933662776,1.4847584868629409
0.851450897530858,-0.250158307011327,-0.9294266289039813
-0.8103635621327372,-0.4815154139070221,-0.15139540676108693
2.278955039360157,0.6541094095748959,-0.9498308790925326
-0.8408393621903552,-0.7298010895999631,1.3245755881864625
1.1619507155091986,0.44391301367575836,-0.8935761706287694
-0.8154428621423402,-0.8356046445827506,0.5713345765530231
-0.8496729274244476,-0.6550332440787935,0.5789623336328554
-0.8509979622095613,-0.6578546722116678,1.7803340737064424
-0.8136761490955218,-0.660676100344542,0.4225933134962934
-0.8291348882551832,-0.5534618312953176,1.8089381627558134
3.463315298121069,0.036216648475417564,-0.927710383561019
-0.5961496052060014,3.774608924533905,0.8594731002436882
-0.5740656921207709,-1.1304438844681182,2.4397536732579446
-0.827589014339217,-0.5943725392219953,1.6296858713797542
0.5778312144048521,0.3352880305600966,-0.9160780540142748
1.2796579722534773,0.26898446943754983,-0.8785113503961007
3.249984697717742,0.3677344540881514,-0.9187477689922161
0.5570723361047352,0.3677344540881514,-0.8144381909255094
-0.8443727882839922,-0.6917118098061598,1.4866654261328986
-0.6827185445001049,-1.1332653126009924,1.940135584528929
-0.8357600621807523,-0.47587255764127345,0.5274749733439876
0.8245085235668769,-0.21206902721752352,-0.8987249066576563
0.5537597491419508,0.8304486678795416,-0.8869018831839162
-0.1661758174365635,0.7048951159666339,-0.9467797762605997
1.241011124354324,0.5962701328509722,-0.9645143114712099
-0.8452561448074014,-0.6691403847431651,0.5179402769941972
1.0524145066064554,0.892520086802777,-0.933621895297889
0.10126037002557782,0.18293091138488277,-0.907878215153455
-0.11759120864905635,2.668609096447168,1.383309317701171
-0.8388518100126845,-0.6691403847431651,0.29482838240910253
-0.8311224404328539,-0.513961837435077,1.4714099119732342
2.825531888219612,0.3677344540881514,-0.9397241009617548
0.4667491315861425,0.27180589757042417,-0.8174892937574423
3.3789547501354886,0.16318091445476243,-0.9065433576644844
-0.8236139099838755,-0.5196046937008255,-0.19525500997012268
1.166588337257097,-0.19372974435384038,-0.9757652531639623
1.0926072284215749,-0.2134797412839607,-0.882134535009021
-0.8264848186849554,-0.6945332379390341,1.7536369239270293
0.7644402799750496,0.12932377686027047,-0.9130269511823419
-0.8317849578254107,-0.3884082855221692,0.9584432483545123
2.908788240550931,0.27321661163686134,-0.943537979501671
-0.8260431404232509,-0.4829261279734593,0.6514260258912623
-0.8169887360583064,-0.762247513128018,1.4580613370835278
-0.8198596447593863,-0.736854659932149,-0.3230199410573137
2.3761242569351717,0.9052165134007114,-0.9450635309176375
-0.8348767056573431,-0.7340332317992747,1.6964287458282872
-0.821847196937057,-0.7227475192677774,0.8878864953660636
2.197465400075657,0.6978415456344481,-0.9311428742469435
-0.125983095621444,0.16035948632188812,-0.9347660588598639
-0.8452561448074014,-0.40674756838585235,-0.03316517202368632
-0.8134553099646695,-0.7156939489355916,0.9412807949248895
-0.8214055186753525,-0.47587255764127345,0.014508309725265576
0.618465614481676,0.7838951036871151,-0.9015853155625934
-0.8430477534988783,-0.5703904000925635,0.039298520234720566
1.1754219024911892,0.9475379353938264,-0.9351474467138554
-0.8183137708434202,-0.6211761064843014,1.177741264399691
-0.8121302751795556,-0.5435868328302573,0.8611893455866505
-0.817430414320011,-0.753783228729395,0.130831605192708
1.0157552108849728,0.3931273072840204,-0.8422795042668972
0.10678134829688544,4.079323162884333,-0.34418696695384826
3.1658449888630136,0.5313772857948625,-0.9250406685830777
-0.8083760099550664,-0.30799758373525077,-0.14758152822117077
1.0577146457469107,0.8121093850158585,-0.9010132337816059
0.2183051093772994,0.12085949246164748,-0.9061619698104927
1.0044924152115051,0.09828806739865284,-0.8733626143672139
0.4088892793028387,0.6470558392427102,-0.9791977438498869
-0.8516604796021182,-0.8031582210546958,1.6964287458282872
-0.8317849578254107,-0.7608367990615809,1.5534083005814316
2.342335869914769,0.16318091445476243,-0.9418217341587087
-0.8381892926201276,-0.8426582149149364,0.046926277314552865
-0.8403976839286507,-0.8003367929218215,0.10794833395321109
-0.3689061395589795,5.217769414499125,0.7822420598103862
-0.816767896927454,-0.5605154016275034,-0.3230199410573137
-0.8357600621807523,-0.4786939857741478,-0.2009758277799969
-0.8370850969658662,-0.5534618312953176,1.2826229242473848
0.11296484396075,-0.18244403182234306,-0.9429658977206836
0.14697407011200495,0.11662735026233599,-0.8897622920888533
2.1696396695882663,0.8276272397466673,-0.9647050053982057
3.4385813154656106,0.5398415701934856,-0.921798871824149
2.9054756535881467,0.3649130259552771,-0.9868255009297192
-0.8479062143776289,-0.4152118527844753,1.1376955397305715
-0.8476853752467767,-0.46599755917621327,1.7803340737064424
-0.34571803081948743,3.678680368016178,2.0612262281712668
0.9715873847145119,0.577930849987289,-0.9729048442590253
-0.48263829194791663,1.8503949379136122,1.2307541761045253
0.21322580936769644,-1.1233903141359323,-0.07206673313083109
-0.8260431404232509,-0.6733725269424766,0.7200758396097531
0.48110367509154245,-0.2050154568853377,-0.8565815487915829
2.5165779441572376,0.3804308806860859,-0.9231337293131195
-0.8249389447689893,-0.7142832348691543,0.5274749733439876
-0.8183137708434202,-0.6860689535404111,0.7124480825299208
0.33910411395351037,0.20832376458075172,-0.8327448079171069
-0.8083760099550664,-0.41803328091734965,-0.017909657864021718
-0.8355392230499,-0.6268189627500501,0.46454597743537107
-0.8521021578638228,-0.40251542618654085,1.3398311023461271
-0.8253806230306939,-0.5464082609631317,1.5515013613114734
-0.845035305676549,-0.29247972900444197,0.3138977751086831
3.026274658164357,0.09123449706646701,-0.9057805819565011
-0.8324474752179677,-0.8412475008484993,1.336017223806211
0.6856007102607768,0.005180939013799926,-0.8296937050851739
-0.851439640471266,-0.3757118589242347,0.437848827655958
-0.8496729274244476,-0.8059796491875701,0.5465443660435684
0.28809027472662785,-0.2092475990846492,-0.8350331350410566
2.70649959669022,0.9179129399986459,-0.9708072110620715
-0.8311224404328539,-0.32492615253249674,-0.1761856172705419
-0.8472436969850722,-0.39828328398722934,0.9584432483545123
-0.8412810404520599,-0.7128725208027172,0.6342635724616397
2.2975055263517508,0.9066272274671485,-0.9290452410499896
1.8039300688968494,0.7063058300330711,-0.9282824653420063
-0.04338926068268189,0.3522165993573426,-0.8916692313588114
0.4883913664096685,0.28873446636767014,-0.8590605698425283
-0.8421643969754691,-0.8285510742505647,-0.010281900784189411
0.15006581794393725,0.6258951282461527,-0.9284731592690022
-0.8516604796021182,-0.5506404031624432,0.9450946734648056
3.469277954654081,0.06443092980416087,-0.9250406685830777
-0.8472436969850722,-0.6564439581452306,1.0499763333125
-0.34704306560460135,4.161144578737688,-0.2543701273388229
-0.8249389447689893,-0.7086403786034057,1.5972679037904671
-0.8269264969466601,-0.7495510865300835,0.0011597348355590438
1.2825288809545572,-0.12742618323129362,-0.9242778928750944
-0.2589282523945316,3.915680331177622,2.1365503293346104
-0.8229513925913186,-0.5026761249035796,1.801310405675981
0.7176223842343611,0.577930849987289,-0.8943389463367527
-0.005404930176085455,0.25769875690605254,-0.9328591195899057
0.5782728926665567,-0.09497975970323881,-0.8165358241224633
-0.10014491731172427,-1.0838903202756918,0.5110752956223481
-0.8097010447401802,-0.8497117852471222,1.646848324809377
-0.8200804838902386,-0.7763546537923897,0.5236610948040714
-0.8344350273956384,-0.4490689903789673,1.2063453534490618
0.34617096614078413,-0.24310473667914118,-0.8254984386912662
1.1866846981646568,0.10675235179727582,-0.8869018831839162
-0.16175903481951734,-1.0881224624750032,1.7952082000121155
0.6462913449690665,0.21960947711224904,-0.8251170508372746
-0.8169887360583064,-0.7086403786034057,1.336017223806211
0.08933505695955336,0.25769875690605254,-0.8661162451413732
1.2306316852042654,-0.1725690333572829,-0.947542551968583
0.46233234896909653,0.3719665962874629,-0.9582214118803482
-0.8222888751987617,-0.48010469984058496,1.0423485762326676
-0.8410602013212076,-0.7100510926698429,1.3760629484753308
-0.8479062143776289,-0.557693973494629,0.25096877920006677
1.4362329160277614,0.22807376151087205,-0.9788163559958953
0.25783531379986213,0.11662735026233599,-0.9610818207852854
0.9084273932907526,0.21678804897937473,-0.9843464798787738
-0.8158845404040448,-0.6536225300123563,-0.16855786019070962
-0.019538634550632986,-0.1683368911579714,-0.8615395908934738
0.8965020802247281,0.4693058668716273,-0.8396097892889559
-0.8359809013116045,-0.566158257893252,0.46835985597528723
0.3865845270867559,0.6809129768372021,-0.9221802596781405
0.9958796891082653,-0.12037261289910779,-0.8922413131397988
0.61117792316355,-0.23040831008120669,-0.9179849932842329
0.2311137789667332,0.27744875383617285,-0.9294266289039813
0.55751401436644,0.611787987581781,-0.8285495415231992
-0.8264848186849554,-0.6493903878130448,0.5274749733439876
-0.8494520882935951,-0.4490689903789673,0.9355599771150154
-0.822509714329614,-0.4885689842392079,0.20329529745111488
0.4667491315861425,0.5483058545921086,-0.9526912879974698
-0.8509979622095613,-0.32915829473180824,0.14036630154249838
-0.8161053795348971,-0.6522118159459191,1.3512727379658755
0.5325591925801295,0.1772880551191341,-0.9238965050211029
-0.8121302751795556,-0.429318993448847,1.2902506813272172
0.6924467233171984,0.5878058484523492,-0.9566958604643816
-0.8187554491051247,-0.403926140252978,0.8325852565372793
-0.8317849578254107,-0.8045689351211329,-0.15711622457096117
-0.26511174805839616,-1.110693887537998,1.7559252510509789
0.6884716189618567,0.1406094893917678,-0.9340032831518806
-0.8320057969562631,-0.5181939796343884,1.3493657986959178
0.6418745623520203,0.1688237707205111,-0.9843464798787738
-0.8386309708818322,-0.3446761494626171,1.1434163575404455
0.330270548719418,0.10816306586371299,-0.8121498638015596
0.46476157940847185,0.7034844019001968,-0.9843464798787738
1.2732536374587604,0.7796629614878037,-0.8119591698745638
-0.5747282095133277,1.9209306412354705,1.8642394015845973
-0.8490104100318906,-0.42226542311666115,1.7288467134175742
-0.8143386664880787,-0.6042475376870555,1.3817837662852048
0.8817058584576236,0.4693058668716273,-0.8617302848204696
-0.06392729985194624,-1.0641403233455713,0.3337299435162472
-0.8240555882455801,-0.6493903878130448,1.7059634421780774
-0.8110260795252942,-0.30799758373525077,-0.2982297305478587
0.1602244179631433,2.410448422289167,0.3135163872546915
-0.8337725100030814,-0.4970332686378309,1.210159231988978
-0.8231722317221709,-0.7918725085231985,1.8623324623146396
0.9064398411130818,0.06160950167128654,-0.9765280288719457
-0.821847196937057,-0.660676100344542,0.9164905844154346
-0.816767896927454,-0.4533011325782788,-0.41073914747538504
-0.8326683143488199,-0.30376544153593926,0.5217541555341134
-0.8200804838902386,-0.574622542291875,1.643034446269461
0.07498051345415357,-1.0951760328071891,0.5858273150047046
-0.824718105638137,-0.5083189811693283,0.18231896548157606
-0.8412810404520599,-0.8426582149149364,0.5351027304238198
0.32276201827043977,0.5045737185325564,-0.9294266289039813
0.34285837917799944,0.7528593942254975,-0.8586791819885367
-0.8244972665072847,-0.5633368297603777,1.2997853776770076
-0.8366434187041615,-0.7269796614670889,-0.1704647994606677
0.377971800983516,0.3888951650847089,-0.824735662983283
0.2626937746786128,0.11380592212946165,-0.8186334573194171
0.28809027472662785,-0.2219440256825837,-0.9221802596781405
0.18517923974945366,0.08841306893359267,-0.8724091447322349
-0.8302390839094447,-0.5040868389700167,1.4485266407337372
1.0550645761766833,0.5680558515222289,-0.8213031722973584
-0.8251597838998417,-0.4250868512495355,0.4893361879448261
1.196401619922158,0.1448416315910793,-0.8705022054622767
-0.8198596447593863,-0.41097971058516386,1.2425771995782655
-0.8200804838902386,-0.46740827324265044,-0.11516356063188349
-0.837747614358423,-0.32351543846605957,1.05951102966229
-0.8119094360487034,-0.625408248683613,0.6838439934805496
-0.8521021578638228,-0.5901403970226838,0.4092447386065869
-0.15270463045457291,0.18998448171706858,-0.8769857989801342
-0.8176512534508632,-0.8229082179848161,1.8547047052348071
-0.843489431760583,-0.3559618619941144,1.2788090457074688
-0.8286932099934785,-0.35878329012698873,-0.15902316384091925
0.128202743989559,-0.27272973207432166,-0.9010132337816059
-0.836201740442457,-0.6832475254075367,0.45691822035553875
-0.018876117158076047,0.671037978372142,-0.9496401851655368
-0.8498937665552998,-0.4829261279734593,1.620151175029964
0.9459700455356446,0.2012701942485659,-0.9162687479412706
-0.8523229969946752,-0.5689796860261264,1.8375422518051847
0.7138681190098719,0.7302879691625029,-0.9698537414270924
-0.15248379132372067,0.10252020959796433,-0.8321727261361195
-0.839956005666946,-0.4744618435748363,1.7860548915163164
-0.8271473360775123,-0.5534618312953176,0.29101450386918637
0.9190276715716631,0.27180589757042417,-0.8493351795657421
-0.8156637012731925,-0.6578546722116678,0.020229127535139804
1.1400876415548205,0.7048951159666339,-0.8725998386592307
-0.8163262186657494,-0.8426582149149364,1.6525691426192513
0.1986504267314444,-1.1022296031393748,-0.8388470135809727
1.4550042421502076,0.9263772243972689,-0.9955974215715265
0.026395904666646413,-1.1318545985345554,0.6769790121087005
-0.5948245704208875,3.8888767639153157,1.7782364405094884
2.1546226086903095,0.35362731342377973,-0.9279010774880148
0.13195700921404824,-1.110693887537998,1.9809440849060316
3.265222597746551,0.07853807046853252,-0.9101665422774047
-0.8421643969754691,-0.6127118220856784,1.362714373585624
-0.8108052403944417,-0.7044082364040942,1.5915470859805931
-0.8240555882455801,-0.4236761371830983,-0.3668795442663493
-0.8403976839286507,-0.5435868328302573,-0.2333937953692841
-0.8121302751795556,-0.6493903878130448,0.4855223094049099
-0.8236139099838755,-0.7975153647889471,0.8116089245677405
0.34042914873862407,-0.28401544460581896,-0.883278698570996
-0.8454769839382537,-0.7382653739985862,1.5076417581024377
-0.8353183839190476,-0.753783228729395,1.8261006161854363
-0.8417227187137646,-0.4406047059803443,1.7822410129764004
2.44016760488234,0.6174308438475297,-0.972332762478038
-0.8147803447497832,-0.7424975161978977,0.6552399044311785
-0.8196388056285341,-0.513961837435077,1.254018835198014
-0.8178720925817156,-0.4194439949837868,-0.19716194924008076
0.1372571483545036,0.2901451804341073,-0.9465890823336038
1.2582365765608035,0.927787938463706,-0.9637515357632266
-0.8512188013404137,-0.3164618681338738,0.5427304875036522
-0.8273681752083646,-0.42649756531597266,1.0213722442631286
0.4901580794564869,-0.2177118834832722,-0.9877789705646984
-0.4857300397798488,2.172037745061286,2.573811503935997
-0.8180929317125679,-0.5054975530364539,0.30245613948893485
0.9026855758885927,0.16035948632188812,-0.9061619698104927
0.20085881803996733,0.270395183503987,-0.8878553528188952
0.20461308326445654,0.5384308561270484,-0.8083359852616435
-0.8485687317701859,-0.6903010957397225,1.3188547703765885
0.3459501270099317,-0.09780118783611313,-0.96222598434726
0.9700415107985456,0.11239520806302448,-0.8411353407049225
0.349041874841864,-0.027265484514254878,-0.8167265180494591
0.7476565060302746,0.5863951343859121,-0.9160780540142748
-0.8209638404136478,-0.5449975468966946,-0.35543790864660085
0.07674722650097197,3.8014124917962113,1.0534088239984245
-0.8373059360967184,-0.45047970444540447,0.9222114022253087
-0.850777123078709,-0.5619261156939406,1.725032834877658
1.2103144851658536,0.525734429529114,-0.8727905325862265
-0.8430477534988783,-0.36865828859204886,1.841356130345101
-0.8344350273956384,-0.3150511540674366,0.3520365605078446
2.878312440493313,0.424163016745638,-0.9574586361723649
-0.8282515317317738,-0.4730511295083991,1.3875045840950788
-0.8156637012731925,-0.4928011264385194,0.6457052080813881
-0.845035305676549,-0.35878329012698873,0.6476121473513462
-0.8253806230306939,-0.6903010957397225,1.391318462634995
-0.09418226077871213,-1.078247464009943,1.4519591314196618
-0.8251597838998417,-0.34890829166192855,1.5991748430604253
-0.8410602013212076,-0.29389044307087914,-0.231486856099326
0.9508285064143952,0.5920379906516607,-0.8409446467779266
0.36118802703874087,0.6174308438475297,-0.9090223787154298
1.065885693588446,0.7697879630227435,-0.9833930102437947
-0.8357600621807523,-0.5605154016275034,1.0366277584227932
1.3759438333050824,0.5793415640537262,-0.9343846710058723
1.0036090586880961,0.1970380520492544,-0.9006318459276144
0.9852794108273546,0.8233950975473558,-0.9374357738378052
-0.8421643969754691,-0.30376544153593926,0.34822268196792844
0.983954376042241,0.833270096012416,-0.9176036054302411
-0.8459186621999583,-0.29812258527019064,0.9489085520047218
0.33314145742049805,-0.15846189269291125,-0.88899951638087
-0.12487889996718254,0.6583415517742075,-0.8853763317679497
0.4702825576797795,-0.034319054846440704,-0.878320656469105
-0.8494520882935951,-0.44765827631253013,0.7067272647200465
1.2034684721094322,0.466484438738753,-0.9837743980977864
-0.8114677577869986,-0.6776046691417881,1.4275503087641985
1.1347875024143652,0.6343594126447757,-0.96222598434726
-0.18251791311963414,0.3395201727594081,-0.9727141503320296
0.1683954658046785,2.717984088772469,0.601273523091365
2.2970638480900467,0.6512879814420216,-0.9900672976886481
-0.822509714329614,-0.625408248683613,0.5637068194731908
-0.8156637012731925,-0.8398367867820621,0.05455403439438517
-0.8286932099934785,-0.43778327784747,0.49124312721478414
-0.8264848186849554,-0.7566046568622693,-0.3764142406161397
-0.8207430012827955,-0.5435868328302573,1.2158800497988524
0.13747798748535586,-1.0669617514784457,-0.10391261893913092
-0.8191971273668294,-0.8257296461176904,1.1338816611906553
2.141372260839171,0.5031630044661193,-0.9668026385951596
-0.8505562839478568,-0.5054975530364539,-0.2543701273388229
-0.8474645361159244,-0.7678903693937666,1.4561543978135696
-0.8103635621327372,-0.8059796491875701,0.7753770784385372
-0.8158845404040448,-0.7382653739985862,0.006880552645433272
-0.8264848186849554,-0.36724757452561174,1.0042097908335061
0.7056970711683366,0.2139666208465004,-0.835605216822044
-0.28984573071385433,-1.068372465544883,1.838114333586172
-0.8481270535084814,-0.6493903878130448,0.25478265773998293
-0.8335516708722291,-0.829961788317002,0.10413445541329494
-0.8269264969466601,-0.8497117852471222,0.25096877920006677
1.8644399907503808,0.3761987384867744,-0.9469704701875955
-0.3845857178494932,5.380001532139399,1.435940841552014
0.5018625533916591,0.0630202157377237,-0.8106243123855932
-0.8114677577869986,-0.3841761433228577,1.8508908266948911
2.459822287528195,0.841734380411039,-0.9263755260720483
1.0906196762439042,-0.07946190497243,-0.9290452410499896
-0.8317849578254107,-0.29812258527019064,1.3798768270152468
0.1381405048779128,0.8135200990822956,-0.8905250677968365
-0.1719176348387235,0.12650234872739613,-0.9252313625100734
-0.5824575790931584,-1.0768367499435059,0.9224020961523048
0.7715071321623235,-0.2868368727386933,-0.8493351795657421
0.9746791325464441,0.4876451497353105,-0.9566958604643816
0.08337240042654107,0.13496663312601914,-0.8546746095216248
0.6931092407097553,0.7754308192884922,-0.9359102224218386
0.4477569663328443,0.9574129338588865,-0.9854906434407485
0.8708847410458608,0.1843416254513199,-0.9378171616917967
0.17214973102916775,0.0954666392657785,-0.966421250741168
-0.14254603043536687,5.782055041073992,2.255924727633986
1.3039502766472308,0.010823795279548588,-0.8672604087033481
-0.8183137708434202,-0.6818368113410996,0.2986422609490187
0.9638580151346811,0.3395201727594081,-0.9820581527548242
0.09375183957659954,-0.19655117248671472,-0.981104683119845
0.6434204362679866,0.3804308806860859,-0.8476189342227799
0.2463516789955422,0.7711986770891807,-0.8571536305725703
-0.06392729985194624,2.375180570628238,1.5217531087001273
-0.8320057969562631,-0.6578546722116678,0.3978031029868384
-0.13260826954701307,2.9324126268709176,-0.9164594418682663
-0.816767896927454,-0.6225868205507387,0.8650032241265666
-0.822509714329614,-0.6747832410089137,-0.08465253231255437
0.7304310538237948,0.1406094893917678,-0.8579164062805534
-0.8397351665360937,-0.3319797228646826,-0.01600271859406364
0.48132451422239475,0.4425022996093212,-0.8525769763246708
0.48176619248409924,0.8981629430685256,-0.9582214118803482
0.4440027011083552,0.8262165256802302,-0.9526912879974698
-0.8236139099838755,-0.4011047121201037,0.5236610948040714
0.582247997021898,-0.23040831008120669,-0.8430422799748805
-0.8417227187137646,-0.34185472132974276,1.3932254019049533
-0.09683233034893973,0.6569308377077703,-0.8386563196539769
0.29626132256816307,0.39594873541689474,-0.92675691392604
2.38076187868307,-0.003283345384823066,-0.9111200119123838
-0.8280306926009215,-0.61694396428499,-0.2639048236886133
0.7056970711683366,0.6668058361728305,-0.9315242621009352
-0.10257414775109962,0.5229130013962396,-0.9812953770468408
-0.8172095751891586,-0.4942118405049566,0.08506506271371418
0.3238662139247012,0.26757375537111266,-0.9492587973115452
0.3680340400951622,0.6752701205714534,-0.8836600864249875
-0.47380472671382434,-1.1332653126009924,2.7414314657653116
-0.8339933491339339,-0.6733725269424766,0.2929214431391445
-0.5221684963704792,-1.0641403233455713,0.5614184923492411
3.2585974238209827,0.8530200929425362,-0.9387706313267757
-0.8185346099742724,-0.6381046752815475,0.5865900907126878
-0.8110260795252942,-0.6945332379390341,1.82228673764552
-0.006729964961199335,0.4876451497353105,-0.9120734815473627
0.2291262267890624,4.945501599676753,1.4872375079138862
-0.06635653029132159,0.6174308438475297,-0.9204640143351783
-0.8090385273476234,-0.5421761187638202,0.23189938650048603
2.3352690177274953,0.25628804283961537,-0.9889231341266731
1.049322758774523,0.723234398830317,-0.9450635309176375
-0.8205221621519433,-0.6578546722116678,1.0652318474721645
-0.8191971273668294,-0.5012654108371424,0.7734701391685792
-0.8419435578446168,-0.5844975407569352,0.3825475888271738
0.7827699278357911,0.3155380336299763,-0.8672604087033481
-0.8397351665360937,-0.8059796491875701,1.494293183212731
1.4541208856267982,0.3183594617628506,-0.9717606806970505
-0.8099218838710326,-0.7636582271944552,0.69337868983034
-0.8269264969466601,-0.4236761371830983,-0.3687864835363074
2.3858411786926728,0.09123449706646701,-0.9879696644916942
-0.8258223012923984,-0.7086403786034057,1.4771307297831087
0.8130248887625567,0.36209159782240274,-0.8096708427506142
-0.8132344708338171,-0.5633368297603777,1.0690457260120807
2.3268771307551077,0.040448790674729056,-0.9427752037936877
0.6849381928682199,0.5793415640537262,-0.9401054888157465
-0.8439311100222875,-0.7678903693937666,0.30245613948893485
0.5939524709570702,-0.09497975970323881,-0.8560094670105953
-0.06856492159984467,0.3733773103539001,-0.9063526637374886
0.12842358312041127,-0.2572118773435128,-0.9025387851975725
0.060405130817901366,-0.2007833146860262,-0.9250406685830777
0.5608266013292244,-0.25580116327707564,-0.8575350184265619
0.09043925261381483,-0.052658337710123855,-0.9650863932521972
-0.851439640471266,-0.8313725023834391,1.3665282521255402
-0.8295765665168877,-0.71146180673628,0.6018456048723524
1.0033882195572437,-0.035729768912877866,-0.9471611641145913
0.668375258054297,0.33669874462653376,-0.8386563196539769
0.6359119058190082,0.4283951589449495,-0.8952924159717317
0.7692987408538006,-0.27555116020719594,-0.8302657868661615
0.08005981346375653,0.6244844141797155,-0.9031108669785598
-0.8375267752275707,-0.32351543846605957,0.3806406495572157
0.43781920544449066,-0.267086875808573,-0.8828973107170042
0.49369150555012387,0.6329486985783385,-0.9135990329633292
0.9826293412571271,0.569466565588666,-0.8695487358272976
-0.8260431404232509,-0.46176541697690177,1.6220581142999224
-0.8271473360775123,-0.7678903693937666,0.12129690884291762
-0.8262639795541031,-0.34890829166192855,-0.39548363331572045
-0.04162254763586349,4.008787459562475,-0.01943520927998822
-0.8143386664880787,-0.5238368359001371,-0.03888598983356055
1.2988709766376276,0.7782522474213666,-0.9750024774559792
1.0387224804936124,-0.006104773517697396,-0.8506700370547128
1.566086324968917,0.02210950781104591,-0.9780535802879122
-0.8379684534892753,-0.5167832655679513,0.5732415158229812
-0.8134553099646695,-0.5040868389700167,1.5343389078818508
-0.8443727882839922,-0.3601940041934259,-0.3287407588671879
1.0985698849545873,0.18716305358419424,-0.9443007552096542
-0.8141178273572265,-0.7326225177328375,1.5419666649616832
0.5877689752932056,0.2746273257032985,-0.9292359349769854
0.12665687007359286,0.08277021266784401,-0.849525873492738
0.8430590105584702,-0.12178332696554495,-0.8285495415231992
-0.84415194915314,-0.29812258527019064,0.7467729893891661
-0.8185346099742724,-0.6592653862781049,1.0690457260120807
0.6807422493820262,-0.11755118476623345,-0.8081452913346476
2.4456885831536477,0.7359308254282516,-0.9115013997663753
1.205676863417955,0.3282344602279108,-0.8775578807611215
-0.8092593664784756,-0.7227475192677774,0.5465443660435684
1.198389172099829,-0.10344404410186181,-0.8962458856067107
0.37642592706754985,0.1645916285211996,-0.9061619698104927
1.0749400979533905,0.4523772980743813,-0.8111963941665807
2.668294427052771,0.4481451558750698,-0.9155059722332873
-0.8523229969946752,-0.5605154016275034,1.7021495636381612
-0.8523229969946752,-0.6987653801383455,0.8402130136171116
-0.04118086937415896,0.28309161010192146,-0.9374357738378052
3.198087501967451,0.16177020038832526,-0.9738583138940043
-0.8412810404520599,-0.6479796737466076,-0.10944274282200926
-0.8403976839286507,-0.7326225177328375,1.1758343251297325
-0.8231722317221709,-0.4645868451097761,0.8192366816475728
1.0082466804359944,-0.22617616788189518,-0.9017760094895891
-0.8180929317125679,-0.667729670676728,0.874537920476357
-0.8231722317221709,-0.7086403786034057,0.5045917021044907
-0.8392934882743891,-0.3898189995886064,1.8051242842158972
-0.8386309708818322,-0.30799758373525077,1.3207617096465463
2.869478875259221,0.833270096012416,-0.969281659646105
-0.8176512534508632,-0.3023547274695021,1.6258719928398382
1.8191679689256584,0.15330591598970228,-0.9717606806970505
0.7686362234612436,0.5003415763332449,-0.9368636920568177
0.052675761238070655,0.603323703183158,-0.9311428742469435
0.40977263582624784,0.5835737062530377,-0.837512156092002
-0.7087775619406769,4.707090922448872,1.4388012504569512
0.2750607660063418,0.7599129645576834,-0.8428515860478846
-0.8130136317029648,-0.7072296645369686,1.0671387867421225
-0.6911104314724925,-1.086711748408566,-0.23511004071224637
1.257132380906542,0.723234398830317,-0.9402961827427423
2.8467324447814333,0.6414129829769615,-0.9654677811061888
-0.8189762882359771,-0.5943725392219953,0.824957499457447
-0.42234920922523733,-1.0853010343421288,-0.2181382812096196
-0.49279689196712256,-1.1191581719366208,-0.0013192862153863915
0.4289856402103985,0.7373415394946887,-0.9950253397905389
1.2094311286424442,0.1490737737903908,-0.9261848321450525
-0.8176512534508632,-0.5788546844911865,0.744866050119208
1.1219788328249316,0.7331093972953773,-0.8338889714790817
0.5550847839270646,-0.24733687887845265,-0.8668790208493564
1.2697202113651236,-0.19231903028740321,-0.8214938662243542
-0.8251597838998417,-0.6846582394739739,-0.0903733501224286
0.3923263444889158,-0.2868368727386933,-0.9439193673556626
-0.3737646004377302,1.9745377757600826,2.6298755184727645
-0.8309016013020015,-0.46317613104333893,1.4561543978135696
1.433582846457534,0.6766808346378906,-0.9917835430316103
-0.845697823069106,-0.6493903878130448,0.6457052080813881
0.2529768529211113,0.1279130627938333,-0.9868255009297192
1.0104550717445173,0.9094486556000229,-0.9109293179853879
-0.8240555882455801,-0.37289043079136036,1.0976498150614518
0.8375380322871626,0.28450232416835863,-0.9149338904522999
-0.8180929317125679,-0.4448368481796558,-0.08083865377263823
-0.813896988226374,-0.8327832164498763,-0.20478970631991306
1.0435809413723631,0.2760380397697357,-0.8958644977527191
0.512683670803422,-0.1443547520285396,-0.9111200119123838
-0.8269264969466601,-0.6310511049493617,0.19757447964124067
-0.42323256574864654,-1.0881224624750032,2.424307465171284
3.418264115427198,0.20691305051431458,-0.9193198507732034
0.47536185768938244,-0.08228333310530432,-0.8096708427506142
-0.8518813187329705,-0.7678903693937666,0.058367912934301325
1.1705634416124384,0.1236809205945218,-0.8939575584827611
0.7933702061167016,0.6639844080399562,-0.8314099504281361
-0.8194179664976816,-0.513961837435077,0.5865900907126878
1.167250854649654,0.27744875383617285,-0.8941482524097569
0.009391291591019016,0.295788036699856,-0.9170315236492538
0.02264163944215719,-1.0923546046743147,-0.88899951638087
-0.8141178273572265,-0.3390332931968684,0.35394349977780265
-0.8264848186849554,-0.4829261279734593,0.4798014915950357
0.7664278321527204,0.08277021266784401,-0.835605216822044
0.8797183062799531,0.29719875076629315,-0.9700444353540881
0.526375696916265,0.46507372467231584,-0.9189384629192119
1.2745786722438743,0.21255590678006323,-0.9536447576324488
-0.8295765665168877,-0.7721225115930782,0.5160333377242391
-0.8306807621711493,-0.7805867959917011,0.7582146250089146
0.3943138966665866,0.0954666392657785,-0.9767187227989416
0.9079857150290478,0.08277021266784401,-0.9420124280857046
-0.82979740564774,-0.8186760757855046,0.6724023578608012
-0.8406185230595029,-0.6860689535404111,0.2872006253292702
-0.8289140491243308,-0.549229689096006,0.16515651205195336
-0.8452561448074014,-0.8370153586491877,1.620151175029964
0.7827699278357911,0.7711986770891807,-0.860395427331499
-0.8260431404232509,-0.4688189873090876,0.12701772665279185
-0.813896988226374,-0.46176541697690177,-0.2982297305478587
2.3354898568583473,0.2915558945005445,-0.9216081778971531
-0.8494520882935951,-0.6973546660719084,0.037391580964762486
0.4910414359798961,0.45802015434013,-0.8674511026303439
1.2385818939149487,0.5835737062530377,-0.8117684759475681
0.21631755719962875,-0.011747629783446057,-0.9526912879974698
-0.45790430929245846,4.5928230830674615,2.448716287826748
0.6392244927817929,-0.2515690210777642,-0.883278698570996
-0.8180929317125679,-0.29812258527019064,1.1071845114112422
-0.43648291359978486,-1.0895331765414404,1.1417001121974835
-0.8110260795252942,-0.7100510926698429,-0.18572031362033228
0.2916237008202647,0.41569873234701504,-0.9883510523456858
0.38128438794630054,0.49610943413393344,-0.9757652531639623
-0.8313432795637061,-0.48010469984058496,1.2635535315478041
-0.8503354448170043,-0.3319797228646826,0.08125118417379802
-0.8236139099838755,-0.2967118712037535,0.2719451111696056
1.0784735240470276,0.11098449399658733,-0.8962458856067107
1.0764859718693567,0.6089665594489067,-0.985109255586757
-0.8373059360967184,-0.28965830087156763,0.899328130985812
-0.8335516708722291,-0.667729670676728,-0.27916033784827793
1.0422559065872496,0.687966547169388,-0.985109255586757
1.0870862501502672,0.2647523272382383,-0.9717606806970505
-0.814559505618931,-0.4095689965187267,-0.02553741494385402
-0.8271473360775123,-0.5125511233686397,-0.08846641085247053
-0.8271473360775123,-0.6479796737466076,1.0919289972515775
0.5155545795045019,0.0954666392657785,-0.943537979501671
-0.8211846795445003,-0.6818368113410996,0.9069558880656443
-0.1575630913333236,-0.1443547520285396,-0.9015853155625934
0.14034889618643587,-0.032908340780003535,-0.9250406685830777
-0.8324474752179677,-0.5196046937008255,1.3608074343156662
-0.8419435578446168,-0.43072970751528417,0.5446374267736103
3.1417735236001127,0.5835737062530377,-0.9919742369586061
0.37554257054414064,0.7048951159666339,-0.9286638531959981
0.14719490924285722,-1.1262117422688067,-0.07721546915971786
-0.8423852361063213,-0.45612256071115315,1.7116842599879518
-0.2710744045914084,-1.0627296092791343,1.5923098616885762
1.0181844413243482,0.55253799679142,-0.9055898880295054
-0.8337725100030814,-0.8045689351211329,1.395132341174911
-0.8333308317413769,-0.44765827631253013,0.8859795560961055
-0.8492312491627428,-0.6776046691417881,0.4778945523250776
-0.8384101317509799,-0.6649082425438536,1.3703421306654564
0.6568916232499773,0.8403236663446018,-0.8514328127626961
-0.6880186836405603,2.8266090718881305,0.3362089645671926
-0.3545515960535797,3.2117340120254765,-0.18991558001424003
0.5963817013964455,0.5581808530571687,-0.9784349681419038
0.31282425738208597,0.4932880060010591,-0.9894952159076607
-0.8479062143776289,-0.7580153709287065,0.9164905844154346
-0.07894436074990298,-1.1149260297373094,1.4288851662531692
-0.8426060752371738,-0.6479796737466076,-0.3039505483577329
1.1420751937324913,0.2210201911786862,-0.9898766037616522
-0.8479062143776289,-0.8356046445827506,-0.12851213552159002
-0.8112469186561464,-0.46176541697690177,0.5064986413744488
0.983954376042241,0.5440737123927971,-0.8632558362364361
-0.06392729985194624,3.8423231997228893,1.7353303069354318
3.41936831108146,0.4086451620148292,-0.9303800985389603
0.5539805882728032,-0.15140832236072543,-0.8661162451413732
-0.8454769839382537,-0.5351225484316344,1.494293183212731
-0.8092593664784756,-0.3404440072633056,1.1224400255709068
-0.8412810404520599,-0.6395153893479846,1.7994034664060232
1.1195496023855562,0.7923593880857381,-0.8190148451734087
0.22802203113480093,-1.0726046077441944,-0.8481910160037672
0.803087127874203,0.27744875383617285,-0.8741253900751971
-0.8282515317317738,-0.8102117913868816,1.4561543978135696
0.8108164974540338,0.8403236663446018,-0.9540261454864404
-0.8390726491435369,-0.625408248683613,1.6125234179501318
-0.8355392230499,-0.7932832225896357,0.3691990139374673
-0.052885343309331,0.47635943720381313,-0.9240871989480987
0.26048538337008975,0.4128773042141407,-0.9776721924339205
0.7982286669954523,0.11098449399658733,-0.9603190450773019
-0.8364225795733092,-0.676193955075351,1.4046670375247017
-0.8136761490955218,-0.6987653801383455,0.12892466592274993
-0.8233930708530232,-0.6592653862781049,0.767749321358705
0.21190077458258258,0.1688237707205111,-0.8983435188036646
-0.07187750856262921,-1.0810688921428173,1.4677867273603138
0.48132451422239475,0.5454844264592342,-0.9873975827107067
-0.8481270535084814,-0.49985469677070526,1.4504335800036956
0.1427781266258112,-0.27414044614075883,-0.9679468021571342
0.06482191343494753,-0.14294403796210242,-0.8394190953619601
0.8817058584576236,0.08841306893359267,-0.9849185616597612
-0.2138770697006614,-1.0965867468736261,2.186512138207512
0.9221194194035953,0.5821629921866005,-0.888046046745891
-0.8439311100222875,-0.3305690087982454,1.4428058229238632
3.074859266951865,0.5200915732633653,-0.9536447576324488
0.08248904390313186,0.21960947711224904,-0.8220659480053417
1.3107962897036523,-0.2811940164729446,-0.9195105447001992
1.7096317600229152,0.5271451435955511,-0.9225616475321321
-0.8443727882839922,-0.42649756531597266,-0.3459032122968105
-0.8183137708434202,-0.7029975223376571,1.0251861228030448
0.792928527854997,-0.07522976277311849,-0.80986153667761
0.6948759537565737,0.8022343865507984,-0.917794299357237
-0.04405177807523883,0.6964308315680109,-0.9298080167579729
0.22846370939650545,0.5934487047180979,-0.836558686457023
-0.8368642578350137,-0.7735332256595153,1.234949442498433
-0.8320057969562631,-0.8102117913868816,1.746009166847197
-0.824718105638137,-0.5181939796343884,0.5732415158229812
-0.01158842583995002,0.5073951466654307,-0.8396097892889559
0.1982087484697397,0.5511272827249829,-0.9261848321450525
-0.839956005666946,-0.7481403724636464,1.488572365402857
-0.4548125614605261,3.831037487191392,-0.4034927782495443
0.6047735883688333,0.19985948018212873,-0.8727905325862265
-0.8127927925721126,-0.4011047121201037,0.4798014915950357
1.1610673589857896,0.40723444794839203,-0.9113107058393796
-0.8521021578638228,-0.779176081925264,-0.08655947158251245
-0.821847196937057,-0.6296403908829245,-0.3344615766770621
-0.8311224404328539,-0.44765827631253013,-0.3687864835363074
0.40999347495710015,0.2661630413046755,-0.8735533082942096
0.3481585183184548,0.3973594494833319,-0.9033015609055556
-0.8156637012731925,-0.3319797228646826,1.2216008676087264
0.7505274147313544,0.09828806739865284,-0.8550559973756163
-0.8154428621423402,-0.8243189320512533,0.3749198317473415
-0.8105844012635894,-0.5379439765645088,0.39589616371688036
1.1160161762919192,0.4820022934695618,-0.9347660588598639
-0.6440716966009515,3.774608924533905,1.5831565531927774
-0.6184543574220841,3.524912534774527,1.6575271847211424
0.8039704843976123,-0.08228333310530432,-0.8537211398866457
2.191723582673497,0.5567701389907316,-0.9391520191807674
-0.8397351665360937,-0.5605154016275034,0.8592824063166924
-0.8233930708530232,-0.3968725699207922,1.6868940494784965
-0.15513386089394826,4.204876714797241,2.2803335502894493
-0.8430477534988783,-0.6733725269424766,1.362714373585624
-0.8386309708818322,-0.3757118589242347,0.2757589897095218
-0.5864326834485,3.36409113120069,0.663630437218994
-0.5795866703920785,3.27944828721446,2.813132382315735
0.6478372188850329,0.4989308622668078,-0.9057805819565011
0.25606860075304355,-0.2854261586722561,-0.8335075836250901
3.0887721321955603,0.8713593758062195,-0.9364823042028261
-0.8373059360967184,-0.7509618005965207,1.3283894667263787
-0.8099218838710326,-0.7904617944567613,0.26813123262968946
-0.08844044337655209,-0.26849758987501016,-0.8680231844113313
1.036955767446794,0.8572522351418478,-0.9050178062485179
0.01270387855380356,0.2181987630458119,-0.981104683119845
-0.8348767056573431,-0.30517615560237643,0.2891075645992283
-0.8448144665456967,-0.633872533082236,-0.1609301031108773
-0.5042805267714424,-1.07965817807638,0.6836532995535538
-0.8269264969466601,-0.6028368236206183,0.7849117747883276
-0.8085968490859188,-0.8511224993135594,0.8116089245677405
-0.8110260795252942,-0.8144439335861932,1.389411523365037
-0.8337725100030814,-0.5703904000925635,0.7162619610698369
-0.824718105638137,-0.61694396428499,1.1567649324301519
-0.8311224404328539,-0.4899796983056451,0.046926277314552865
-0.037868282411374264,4.666180214522194,0.9723639050252064
-0.8191971273668294,-0.7481403724636464,1.5724776932810123
0.002545278534597512,0.7359308254282516,-0.8220659480053417
0.2755024442680465,0.048913075073352054,-0.965277087179193
-0.8127927925721126,-0.5252475499665742,-0.05986232180309939
1.015976050015825,0.6696272643057047,-0.9559330847563985
-0.8518813187329705,-0.6804260972746624,0.7772840177084953
1.3141088766664366,-0.09639047376967598,-0.9013946216355975
2.2575336436674838,0.8628950914075965,-0.9544075333404319
-0.8141178273572265,-0.5083189811693283,1.3264825274564207
0.04295883948056929,3.2709840028158372,0.39456130622790964
-0.8097010447401802,-0.5083189811693283,1.2025314749091456
-0.850114605686152,-0.3023547274695021,0.1384593622725403
-0.8322266360871154,-0.5012654108371424,-0.22767297755940985
0.719609936412032,-0.042783339245063695,-0.816917211976455
-0.82979740564774,-0.7904617944567613,1.3875045840950788
3.507041446029826,0.7331093972953773,-0.9547889211944235
-0.827589014339217,-0.36160471825986307,0.5446374267736103
0.7662069930218683,-0.10485475816829896,-0.9359102224218386
0.10832722221285158,5.457590805793443,2.2515387673130824
0.5720893970026921,0.35644874155665407,-0.9738583138940043
-0.8492312491627428,-0.32351543846605957,1.4466197014637794
0.13261952660660517,2.9549840519339123,-0.3872837944549008
-0.8311224404328539,-0.7890510803903241,-0.20669664558987114
-0.8337725100030814,-0.8285510742505647,0.8459338314269859
-0.8315641186945585,-0.5026761249035796,-0.38976281550584624
0.382388583600562,0.6484665533091473,-0.9010132337816059
-0.8165470577966017,-0.3009440134030649,1.7536369239270293
1.2697202113651236,0.7980022443514868,-0.9124548694013543
-0.8280306926009215,-0.6917118098061598,0.014508309725265576
-0.813896988226374,-0.7848189381910127,1.3703421306654564
-0.8439311100222875,-0.2953011571373163,1.362714373585624
-0.8194179664976816,-0.4490689903789673,0.49124312721478414
-0.8238347491147278,-0.6268189627500501,1.6220581142999224
-0.8154428621423402,-0.5859082548233724,1.8165659198356456
0.47536185768938244,0.09687735333221567,-0.8369400743110146
-0.8240555882455801,-0.566158257893252,-0.0007472044343990322
0.012924717684655822,0.25628804283961537,-0.9769094167259373
-0.8395143274052415,-0.6437475315472961,1.5820123896308025
1.095698976253507,0.7768415333549293,-0.8577257123535577
0.9437616542271213,0.0672523579370352,-0.8802275957390628
0.06504275256579979,0.7528593942254975,-0.9832023163167989
-0.8273681752083646,-0.7382653739985862,1.4752237905131502
0.11738162657779601,0.620252271980404,-0.9250406685830777
1.1418543546016389,0.8191629553480443,-0.8144381909255094
-0.8258223012923984,-0.5901403970226838,-0.26009094514869713
-0.8253806230306939,-0.46599755917621327,1.7421952883072809
-0.8439311100222875,-0.6098903939528042,0.2185508116107795
1.007363323912585,0.34234160089228244,-0.8687859601193145
0.9795375934251949,-0.011747629783446057,-0.8146288848525052
-0.8359809013116045,-0.4589439888440275,0.45691822035553875
-0.8165470577966017,-0.506908267102891,0.9984889730236317
-0.8521021578638228,-0.29812258527019064,-0.1780925565405
-0.8286932099934785,-0.6691403847431651,1.0461624547725838
-0.8090385273476234,-0.37289043079136036,-0.153302346031045
0.006520382889938996,-1.093765318740752,1.7978779149900566
0.260706222500942,0.3493951712244683,-0.9053991941025096
0.0372170220784094,0.5906272765852235,-0.9488774094575536
-0.24081944366464259,-1.1318545985345554,2.125490081568854
-0.817430414320011,-0.7932832225896357,1.1987175963692296
-0.30927957422885716,-1.086711748408566,1.8146589805656879
-0.845035305676549,-0.3503190057283657,1.3169478311066303
0.4183853619294878,-0.1443547520285396,-0.9658491689601805
-0.8191971273668294,-0.45047970444540447,1.6239650535698802
-0.8317849578254107,-0.5379439765645088,0.8859795560961055
-0.8492312491627428,-0.6211761064843014,-0.3668795442663493
-0.822509714329614,-0.5802653985576237,0.3768267710172996
0.6270783405849158,0.7161808284981313,-0.9404868766697381
-0.8357600621807523,-0.667729670676728,-0.305857487627691
-0.7372658098206242,-1.1163367438037466,0.8074136581738328
-0.8143386664880787,-0.7735332256595153,0.41877943495637726
0.2481183920423606,0.9390736509952033,-0.9345753649328681
0.8512300584000055,0.27180589757042417,-0.9559330847563985
0.4384817228370476,0.7260558269631914,-0.9299987106849686
-0.8269264969466601,-0.7044082364040942,-0.27343952003840366
3.1377984192447714,0.4862344356688733,-0.9618445964932685
0.9296279498525738,-0.16410474895865992,-0.9244685868020902
-0.8439311100222875,-0.429318993448847,0.7277035966895854
-0.8492312491627428,-0.6127118220856784,0.6876578720204658
0.2933904138670832,0.6724486924385791,-0.9063526637374886
-0.183180430512191,0.4171094464134522,-0.9181756872112287
0.6524748406329312,0.7260558269631914,-0.9708072110620715
-0.05089779113166033,4.98641230760343,0.81027406707877
0.829808662707332,0.5990915609838465,-0.8232101115673165
-0.8328891534796722,-0.676193955075351,-0.2829742163881941
-0.8125719534412603,-0.7029975223376571,0.6743092971307593
-0.8282515317317738,-0.6874796676068482,0.8421199528870698
-0.8417227187137646,-0.44342613411321863,0.3348741070782219
-0.8280306926009215,-0.7312118036664004,1.05951102966229
0.8488008279606303,0.841734380411039,-0.8327448079171069
0.11009393525966998,-0.20360474281890054,-0.9778628863609162
-0.8474645361159244,-0.8102117913868816,0.05455403439438517
-0.8384101317509799,-0.5153725515015141,0.6171011190320169
1.0857612153651537,0.0065916530802370915,-0.9202733204081824
-0.6646097357702159,-1.086711748408566,1.8665277287085473
1.8083468515138954,0.9503593635267007,-0.9612725147122811
0.05709254385511682,0.799412958417924,-0.9576493300993607
0.7132056016173149,-0.11896189883267062,-0.971188598916063
0.29250705734367405,0.18575233951775708,-0.8895715981618575
3.2356301542123425,0.030573792209668903,-0.9818674588278283
-0.8196388056285341,-0.736854659932149,1.2730882278975946
-0.24236531758060872,-1.1050510312722492,1.495628040701702
0.5383010099822894,0.3070737492313533,-0.9494494912385409
0.338220757430101,0.3931273072840204,-0.9254220564370692
-0.8169887360583064,-0.47164041544196195,0.34822268196792844
-0.06503149550620786,-0.1880868880880917,-0.9750024774559792
1.7825086732041757,0.944716507260952,-0.9319056499549268
-0.84415194915314,-0.6423368174808589,0.1785050869416599
0.873313971485236,0.7585022504912462,-0.8251170508372746
-0.8264848186849554,-0.8341939305163134,1.1033706328713262
1.1175620502078856,0.449555869941507,-0.8123405577285555
2.469318370154844,0.32682374616147364,-0.9854906434407485
-0.8516604796021182,-0.3319797228646826,0.12892466592274993
-0.8320057969562631,-0.7763546537923897,0.6495190866213042
-0.8357600621807523,-0.5957832532884325,-0.2829742163881941
-0.8344350273956384,-0.3150511540674366,-0.22767297755940985
-0.8216263578062047,-0.3065868696688136,-0.14186071041129655
1.17740945466886,0.10534163773083867,-0.9742397017479961
0.6087486927241746,0.5581808530571687,-0.8581071002075492
-0.06127723028171864,0.15048448785682794,-0.9852999495137528
-0.020201151943189926,0.02210950781104591,-0.9730955381860211
-0.8373059360967184,-0.5689796860261264,-0.16283704238083538
-0.8468020187233675,-0.5125511233686397,-0.37069342280626544
0.5378593317205849,0.06443092980416087,-0.9702351292810841
-0.822509714329614,-0.4688189873090876,0.30245613948893485
0.5151129012427974,0.26334161317180116,-0.9395334070347591
2.9370556493000266,0.5581808530571687,-0.9490681033845494
-0.8249389447689893,-0.5619261156939406,1.5495944220415154
3.4571318024572038,0.5863951343859121,-0.9538354515594446
0.4088892793028387,0.2548773287731782,-0.9069247455184759
-0.8103635621327372,-0.6860689535404111,-0.39357669404576234
2.751771618514942,0.9418950791280777,-0.943537979501671
0.49435402294268066,-0.14999760829428826,-0.8512421188357002
0.8284836279222182,-0.051247623643686686,-0.8102429245316015
-0.15623805654820971,5.1359479986457695,-0.9553610029754112
-0.8207430012827955,-0.2953011571373163,-0.40311139039555277
1.2544823113363146,-0.19937260061958906,-0.8178706816114338
-0.8315641186945585,-0.41097971058516386,1.0747665438219547
1.0842153414491873,0.6428236970433987,-0.8491444856387463
-0.8291348882551832,-0.6268189627500501,0.462639038165413
-0.8439311100222875,-0.35737257606055156,1.254018835198014
-0.8198596447593863,-0.6860689535404111,1.6849871102085388
-0.8509979622095613,-0.8003367929218215,1.0919289972515775
-0.02439709542938367,2.6093591056568073,1.4643542366743891
0.3987306792836326,-0.24310473667914118,-0.9462076944796123
-0.8326683143488199,-0.838426072715625,1.053790211852416
0.2443641268178714,0.9052165134007114,-0.9483053276765662
-0.809480205609328,-0.6931225238725969,0.8630962848566085
-0.8200804838902386,-0.8088010773204445,-0.2772533985783198
-0.8344350273956384,-0.6536225300123563,1.1701135073198585
-0.8180929317125679,-0.8243189320512533,1.0423485762326676
1.04998527616708,0.4213415886127637,-0.921798871824149
-0.5612570225313371,2.046484193148378,-0.9021573973435808
-0.843489431760583,-0.5435868328302573,0.02213606680509788
1.1588589676772663,0.28450232416835863,-0.9538354515594446
-0.8481270535084814,-0.5379439765645088,-0.3668795442663493
-0.3532265612684658,-1.0881224624750032,-0.6041027894491338
0.7255725929450441,0.5821629921866005,-0.9402961827427423
-0.8306807621711493,-0.8186760757855046,1.3608074343156662
0.5860022622463872,-0.267086875808573,-0.959365575442323
-0.8271473360775123,-0.5238368359001371,0.3577573783177188
0.8026454496124984,0.30848446329779045,-0.9233244232401154
-0.813896988226374,-0.3164618681338738,0.9450946734648056
0.16773294841212158,5.220590842631999,-0.058336770387132884
-0.8251597838998417,-0.4250868512495355,0.04311239877463671
1.227981615634038,0.4086451620148292,-0.8565815487915829
-0.008717517138869998,0.45519872620725566,-0.9463983884066081
0.7050345537757796,0.3761987384867744,-0.8998690702196311
0.7209349711971456,-0.1810333177559059,-0.8228287237133249
-0.8317849578254107,-0.6550332440787935,-0.18190643508041615
-0.8337725100030814,-0.6973546660719084,0.8287713779973632
3.503949698197893,0.3761987384867744,-0.9862534191487319
-0.004079895390971732,0.18575233951775708,-0.8472375463687882
-0.8443727882839922,-0.608479679886367,0.33296716780826385
0.512683670803422,0.21960947711224904,-0.9843464798787738
-0.8158845404040448,-0.34185472132974276,1.4065739767946595
0.24060986159338232,0.7937701021521754,-0.959365575442323
-0.8121302751795556,-0.6564439581452306,0.6380774510015558
1.8794570516483378,0.3451630290251568,-0.9719513746240462
-0.8373059360967184,-0.4391939919139071,0.6399843902715139
-0.836201740442457,-0.3644261463927374,-0.3745073013461816
-0.808817688216771,-0.4589439888440275,-0.2162313419396615
-0.8485687317701859,-0.7693010834602039,-0.40311139039555277
-0.26268251761902084,3.6476446585545603,-0.3581076236245422
3.5050538938521543,0.927787938463706,-0.9279010774880148
0.5561889795813262,0.8177522412816072,-0.9856813373677445
-0.8293557273860355,-0.3898189995886064,0.9412807949248895
-0.8443727882839922,-0.29389044307087914,-0.32492688032727174
-0.8260431404232509,-0.71146180673628,1.30741313475684
-0.8421643969754691,-0.43778327784747,0.1956675403712826
0.7759239147793696,0.5624129952564803,-0.8340796654060776
-0.8176512534508632,-0.7975153647889471,0.5255680340740295
0.42743976629443237,-0.26426544767569865,-0.9258034442910609
1.1392042850314115,0.11662735026233599,-0.8333168896980943
2.7338836489159055,0.6823236909036393,-0.9761466410179541
0.9552452890314411,0.7768415333549293,-0.9380078556187926
-0.8191971273668294,-0.4772832717077106,-0.24292849171907446
-0.8461395013308106,-0.8341939305163134,-0.017909657864021718
-0.8240555882455801,-0.5633368297603777,1.6068026001402578
-0.8454769839382537,-0.6550332440787935,0.27957286824943794
-0.8479062143776289,-0.5181939796343884,0.7963534104080758
-0.8242764273764324,-0.6352832471486731,0.5141263984542811
0.6984093798502105,0.3296451742943479,-0.9612725147122811
-0.8227305534604662,-0.6550332440787935,-0.4050183296655108
0.7805615365272679,0.8036451006172355,-0.8428515860478846
-0.8207430012827955,-0.3446761494626171,0.4321280098460838
-0.8165470577966017,-0.8229082179848161,1.2559257744679717
-0.8401768447977984,-0.7241582333342146,0.2261785686906118
1.149142045919765,0.031984506276106064,-0.8274053779612243
0.9402282281334845,0.19562733798281726,-0.907878215153455
-0.8244972665072847,-0.5957832532884325,0.22808550796056987
-0.8169887360583064,-0.4095689965187267,1.053790211852416
2.9728315884981003,0.07712735640209535,-0.9454449187716291
-0.8291348882551832,-0.8327832164498763,-0.33064769813714595
1.2253315460638101,0.3451630290251568,-0.98224884668182
0.7255725929450441,-0.28401544460581896,-0.9242778928750944
0.5579556926281445,-0.241694022612704,-0.8823252289360168
-0.8503354448170043,-0.8017475069882586,1.5743846325509703
-0.8454769839382537,-0.3206940103331853,0.4836153701349518
-0.8119094360487034,-0.3206940103331853,0.9317460985750993
-0.8282515317317738,-0.8426582149149364,0.9088628273356023
3.114831149636131,0.8600736632747221,-0.9105479301313963
0.18540007888030607,0.5863951343859121,-0.8481910160037672
-0.8322266360871154,-0.5901403970226838,1.8261006161854363
1.019509476109462,-0.09074761750392732,-0.9654677811061888
-0.8317849578254107,-0.5280689780994485,-0.0827455930425963
-0.8333308317413769,-0.6917118098061598,1.20825229271902
-0.8479062143776289,-0.7989260788553842,-0.02935129348377017
-0.8269264969466601,-0.5548725453617547,1.1662996287799423
-0.8320057969562631,-0.4702297013755248,1.395132341174911
0.7434605625440809,0.7514486801590604,-0.9603190450773019
3.183070441069494,0.6611629799070818,-0.9040643366135388
-0.837747614358423,-0.4702297013755248,0.006880552645433272
-0.836201740442457,-0.7312118036664004,0.27766592897947984
-0.6268462443944717,3.3598589890013786,0.7688934849206797
0.061067648210458306,-0.17821188962303156,-0.8756509414911636
-0.5314437398662759,-1.1149260297373094,0.5047823960314864
-0.06944827812325387,0.5722879937215404,-0.9418217341587087
0.4309731923880692,0.07007378606990954,-0.8123405577285555
1.477971511758847,0.10957377993015016,-0.9931184005205809
3.3173406326276953,0.7585022504912462,-0.9235151171671112
-0.8403976839286507,-0.4786939857741478,1.3188547703765885
-0.842826914368026,-0.779176081925264,1.4752237905131502
-0.8324474752179677,-0.38699757145573205,0.6266358153818073
0.26998146599673883,0.687966547169388,-0.8129126395095428
-0.8355392230499,-0.7608367990615809,0.5808692729028135
-0.8211846795445003,-0.29389044307087914,0.7868187140582857
1.3147713940589936,0.5327879998612998,-0.9229430353861238
-0.8335516708722291,-0.5351225484316344,1.5820123896308025
0.8287044670530705,0.4777701512702503,-0.9698537414270924
-0.8324474752179677,-0.513961837435077,0.04311239877463671
0.015133108993178903,-0.19514045842027755,-0.8680231844113313
-0.20195175663463694,0.05878807353841221,-0.9303800985389603
-0.850114605686152,-0.8412475008484993,1.2826229242473848
-0.8304599230402969,-0.5280689780994485,1.7421952883072809
-0.8293557273860355,-0.5266582640330114,-0.10944274282200926
1.0237054195956559,0.561002281190043,-0.9713792928430589
-0.8490104100318906,-0.32915829473180824,1.1491371753503195
0.9241069715812662,0.3451630290251568,-0.8546746095216248
0.1800999397398507,0.44391301367575836,-0.9532633697784572
-0.8097010447401802,-0.34326543539617993,1.254018835198014
-0.816767896927454,-0.7001760942047828,0.281479807519396
-0.8423852361063213,-0.7777653678588268,1.1701135073198585
-0.8317849578254107,-0.3884082855221692,1.5057348188324795
0.7310935712163518,-0.09356904563680164,-0.8443771374638511
-0.8397351665360937,-0.7439082302643348,1.3379241630761693
-0.1317249130236039,0.43968087147644686,-0.858297794134545
-0.8395143274052415,-0.7467296583972092,0.8840726168261474
0.3154743269523137,-0.018801200115631883,-0.8388470135809727
-0.8392934882743891,-0.3305690087982454,0.31580471437864116
-0.15115875653860678,0.6992522597008852,-0.9568865543913776
0.5875481361623535,0.7218236847638799,-0.909785154423413
2.8155941273312584,0.19844876611569157,-0.9521192062164823
0.016899822039997306,0.09405592519934135,-0.8674511026303439
-0.8432685926297308,-0.6818368113410996,1.6563830211591672
-0.8315641186945585,-0.6931225238725969,1.5324319686118926
-0.8169887360583064,-0.5647475438268149,0.7944464711381178
-0.8189762882359771,-0.2910690149380048,-0.39357669404576234
-0.09992407818087201,-1.0838903202756918,1.2124475591129278
-0.36471019607278576,-1.0909438906078774,1.5911656981266011
1.0555062544383877,0.7613236786241205,-0.9498308790925326
3.30431112390741,0.8262165256802302,-0.9195105447001992
0.18562091801115832,3.6109660928271943,2.5556955808713955
0.9709248673219549,0.7119486862988198,-0.8142474969985136
1.2871665027024555,0.3437523149587196,-0.8628744483824444
0.7273393059918625,0.1645916285211996,-0.8600140394775073
-0.8123511143104079,-0.3108190118681251,-0.16665092092075154
-0.8388518100126845,-0.8158546476526303,0.0011597348355590438
-0.8099218838710326,-0.821497503918379,0.06980954855404978
-0.8324474752179677,-0.7848189381910127,0.8383060743471535
-0.8410602013212076,-0.5266582640330114,0.27766592897947984
-0.05067695200080807,0.6738594065050163,-0.8731719204402181
-0.16374658699718816,-0.021622628248506214,-0.8998690702196311
0.7187265798886227,0.17023448478694828,-0.842470198193893
-0.8099218838710326,-0.8059796491875701,-0.06176926107305746
-0.8373059360967184,-0.403926140252978,1.8032173449459394
-0.8194179664976816,-0.4885689842392079,1.0614179689322485
-0.8289140491243308,-0.7044082364040942,0.039298520234720566
0.49921248382143146,0.782484389620678,-0.8508607309817086
-0.15645889567906215,0.09969878146509001,-0.9448728369906417
-0.8518813187329705,-0.395461855854355,-0.05986232180309939
0.3574337618142516,0.561002281190043,-0.9109293179853879
-0.8189762882359771,-0.5111404093022026,-0.056048443263183235
-0.8211846795445003,-0.6042475376870555,0.14990099789228875
-0.8220680360679095,-0.7932832225896357,0.14990099789228875
-0.8130136317029648,-0.3460868635290542,1.5019209402925633
-0.8379684534892753,-0.30517615560237643,0.2662242933597314
-0.809480205609328,-0.7241582333342146,1.3093200740267978
-0.8147803447497832,-0.8144439335861932,0.6514260258912623
-0.8516604796021182,-0.7975153647889471,-0.11325662136192541
-0.8342141882647861,-0.6113011080192413,0.19948141891119872
-0.4735838875829721,-1.1304438844681182,-0.526681055088836
2.4540804701260353,0.8445558085439133,-0.9124548694013543
2.811619022975917,0.8050558146836727,-0.9721420685510422
0.5526555534876894,-0.09497975970323881,-0.875269553637172
-0.8342141882647861,-0.38276542925642054,0.3634781961275931
0.8536592888393809,-0.11755118476623345,-0.8409446467779266
0.44444437937005976,0.5454844264592342,-0.9719513746240462
-0.8474645361159244,-0.4730511295083991,1.5419666649616832
1.0177427630626437,0.40723444794839203,-0.8081452913346476
0.4422359880615367,0.12932377686027047,-0.9914021551776188
-0.821847196937057,-0.6888903816732854,0.27766592897947984
0.3558878878982855,-0.051247623643686686,-0.8741253900751971
0.2684355920807727,-0.018801200115631883,-0.8632558362364361
0.8600636236340979,0.28168089603548435,-0.9441100612826584
-0.8476853752467767,-0.403926140252978,0.69337868983034
0.8965020802247281,0.3931273072840204,-0.8781299625421091
3.125431427917042,0.31271660549710195,-0.9877789705646984
-0.8132344708338171,-0.4899796983056451,-0.0674900788829317
-0.8368642578350137,-0.35878329012698873,-0.15711622457096117
-0.8421643969754691,-0.829961788317002,0.008787491915391347
-0.8211846795445003,-0.7453189443307721,-0.012188840054147488
0.42964815760295527,0.1885737676506314,-0.9582214118803482
0.7995537017805662,0.7218236847638799,-0.9238965050211029
-0.8172095751891586,-0.35737257606055156,1.8527977659648494
0.34550844874822717,0.24923447250742953,-0.8914785374318156
0.4658657750627333,0.4142880182805779,-0.8344610532600691
-0.851439640471266,-0.7678903693937666,0.9832334588639671
-0.8169887360583064,-0.3601940041934259,-0.31539218397748137
-0.1531463087162776,4.832644474361779,1.2103499259159738
-0.8090385273476234,-0.7086403786034057,0.17278426913178568
0.983291858649684,-0.0004619172519487352,-0.9223709536051363
1.1875680546880663,0.48482372160243614,-0.9330498135169015
-0.7467618924472733,5.837072889665041,1.8819739367952075
0.12489015702677446,-0.017390486049194718,-0.8394190953619601
0.859401106241541,-0.02585477044781771,-0.8655441633603858
-0.814559505618931,-0.557693973494629,0.30817695729880906
1.2608866461310313,0.8121093850158585,-0.8661162451413732
0.2852193660255478,-0.037140482979315034,-0.8716463690242515
-0.814559505618931,-0.8130332195197559,1.0194653049931708
-0.8180929317125679,-0.6225868205507387,0.130831605192708
-0.8390726491435369,-0.32492615253249674,0.3119908358387252
-0.8273681752083646,-0.5844975407569352,0.4225933134962934
-0.8233930708530232,-0.4053368543194152,1.6945218065583287
-0.8357600621807523,-0.28965830087156763,0.5217541555341134
-0.8490104100318906,-0.7015868082712199,0.7734701391685792
-0.8415018795829121,-0.5548725453617547,-0.4069252689354689
-0.8112469186561464,-0.7946939366560728,0.24906183993010872
-0.40755298745813284,1.9999306289559518,0.6291148364327528
-0.27504950894674984,-1.0979974609400633,0.5623719619842203
0.7885117452379509,0.42275230267920083,-0.9443007552096542
-0.8348767056573431,-0.5351225484316344,0.31580471437864116
1.0881904458045288,-0.24733687887845265,-0.8275960718882202
-0.8494520882935951,-0.566158257893252,0.8268644387274051
0.16662875275786013,0.46084158247300433,-0.9115013997663753
0.002766117665449773,0.12650234872739613,-0.8075732095536603
1.2686160157108621,-0.06535476430805834,-0.8094801488236184
-0.8392934882743891,-0.557693973494629,1.2063453534490618
-0.8251597838998417,-0.6691403847431651,-0.07130395742284784
0.8167791539870459,0.5356094279941741,-0.8226380297863292
-0.8344350273956384,-0.6225868205507387,1.818472859105604
2.8884710405125187,0.5807522781201634,-0.9059712758834969
-0.8348767056573431,-0.3799440011235462,1.213973110528894
0.6644001536989557,0.22948447557730922,-0.897008661314694
0.24900174856576981,-0.017390486049194718,-0.8991062945116478
-0.8269264969466601,-0.4970332686378309,0.6151941797620589
-0.015342691064439242,-0.039961911112189365,-0.8848042499869623
1.063677302279923,0.7387522535611258,-0.9586027997343397
1.007363323912585,0.8064665287501098,-0.8987249066576563
-0.8191971273668294,-0.8031582210546958,-0.3363685159470202
-0.008496678008017738,-0.027265484514254878,-0.9216081778971531
0.6337035145104853,0.47494872313737596,-0.9034922548325515
-0.8494520882935951,-0.5464082609631317,0.9374669163849733
-0.8470228578542198,-0.32351543846605957,-0.1456745889512127
-0.814559505618931,-0.5943725392219953,0.024043006075055957
-0.8169887360583064,-0.28824758680513046,0.8440268921570278
0.4603447967914257,0.4481451558750698,-0.8939575584827611
2.788651753367277,0.6526986955084588,-0.9605097390042978
0.04958401340613853,0.22948447557730922,-0.8792741261040838
0.903568932412002,-0.1725690333572829,-0.9120734815473627
0.6511498058478172,0.9207343681315202,-0.9896859098346564
3.2886315456168953,0.8798236602048424,-0.9479239398225746
-0.21608546100918447,4.2852874165841595,-0.9826302345358116
-0.8169887360583064,-0.7396760880650234,1.2025314749091456
-0.8417227187137646,-0.42649756531597266,1.3970392804448695
-0.8222888751987617,-0.3559618619941144,0.7715631998986211
2.693690927100786,0.8516093788760991,-0.9902579916156439
2.261508748022825,0.7302879691625029,-0.9727141503320296
-0.8300182447785924,-0.6945332379390341,-0.1380468318713804
-0.6518010661807823,-1.0754260358770686,-0.5970471141502889
-0.8406185230595029,-0.5125511233686397,0.8173297423776147
-0.19245567400798783,2.3032341532399423,-0.6529204347600605
-0.836201740442457,-0.6592653862781049,-0.08465253231255437
-0.022851221513417532,0.5751094218544147,-0.9416310402317128
-0.8196388056285341,-0.4166225668509125,1.440898883653905
-0.8227305534604662,-0.7481403724636464,1.0480693940425416
-0.8127927925721126,-0.2868368727386933,0.9660710054343447
0.8280419496605136,0.49469872006749627,-0.8664976329953648
-0.8278098534700693,-0.5732118282254378,0.5312888518839037
-0.8485687317701859,-0.4730511295083991,-0.19144113143020652
-0.8412810404520599,-0.6366939612151102,1.46568909416336
-0.008717517138869998,5.423733668198952,0.5515024081454593
-0.8381892926201276,-0.42226542311666115,1.6640107782389997
0.5513305187025754,0.030573792209668903,-0.8834693924979917
0.22382608764860704,4.062394594087087,2.281477713851424
-0.8370850969658662,-0.4391939919139071,-0.3745073013461816
0.4833120664000654,-0.20783688501821204,-0.8621116726744612
0.9148317280854693,0.5116272888647423,-0.9702351292810841
0.9678331194900227,0.7331093972953773,-0.9645143114712099
0.11318568309160226,-0.25580116327707564,-0.8626837544554486
-0.8328891534796722,-0.5083189811693283,-0.09228028939238668
-0.8481270535084814,-0.40251542618654085,1.6621038389690417
-0.8227305534604662,-0.7551939427958322,0.8287713779973632
-0.8359809013116045,-0.5083189811693283,1.6582899604291257
-0.8130136317029648,-0.7763546537923897,1.7212189563377418
-0.808817688216771,-0.6127118220856784,0.056460973664343245
-0.22646490015924278,-1.120568886003058,1.240670260308307
-0.8366434187041615,-0.5097296952357654,1.4809446083230247
0.3287246748034519,0.7486272520261861,-0.9048271123215221
-0.8295765665168877,-0.5971939673548696,1.6888009887484547
-0.8302390839094447,-0.7650689412608923,0.12129690884291762
1.1506879198357312,0.5849844203194748,-0.9919742369586061
-0.8130136317029648,-0.7834082241245754,0.6743092971307593
-0.8523229969946752,-0.5760332563583122,0.4836153701349518
-0.1922348348771355,0.5849844203194748,-0.9408682645237296
-0.8326683143488199,-0.4391939919139071,1.0251861228030448
1.1663674981262446,0.5722879937215404,-0.9433472855746752
-0.8282515317317738,-0.7608367990615809,0.47598761305511955
0.4488611619871059,0.32541303209503647,-0.9179849932842329
0.48861220554052076,0.040448790674729056,-0.9729048442590253
-0.8112469186561464,-0.41239042465160103,1.6811732316686225
1.8533980342077656,0.17164519885338544,-0.9843464798787738
-0.8220680360679095,-0.4744618435748363,0.3520365605078446
0.2911820225585601,0.2097344786471889,-0.9551703090484153
-0.8512188013404137,-0.5280689780994485,1.2482980173881395
0.5851189057229781,0.8205736694144815,-0.9055898880295054
1.2365943417372778,0.23089518964374636,-0.8386563196539769
-0.8503354448170043,-0.3362118650639941,0.11176221249312723
-0.8282515317317738,-0.3517297197948029,0.512219459184323
-0.8461395013308106,-0.821497503918379,0.04120545950467864
-0.8496729274244476,-0.7058189504705313,0.48170843086499376
1.148479528527208,-0.08933690343749015,-0.9864441130757277
-0.808817688216771,-0.6028368236206183,1.5343389078818508
-0.8331099926105247,-0.6550332440787935,0.2891075645992283
-0.8203013230210908,-0.8102117913868816,1.3283894667263787
1.0243679369882128,-0.07522976277311849,-0.8214938662243542
-0.8238347491147278,-0.35737257606055156,1.032813879882877
1.8803404081717467,0.22525233337799772,-0.9153152783062916
-0.8092593664784756,-0.42790827938240983,0.5064986413744488
0.29493628778304937,0.6823236909036393,-0.9820581527548242
-0.08821960424569983,0.2605201850389268,-0.9648956993252015
-0.32010069164062005,5.220590842631999,1.36881657924949
-0.8485687317701859,-0.7481403724636464,-0.4259946616350497
-0.7109859532492,5.628287207832341,0.7528751950530319
-0.8269264969466601,-0.3277475806653711,0.8287713779973632
0.21190077458258258,0.6230737001132783,-0.9856813373677445
-0.3905483743825054,2.849180496951125,-0.1761856172705419
1.5758032467264182,0.35785945562309124,-0.9679468021571342
0.4947957012043853,0.46366301060587867,-0.9286638531959981
0.10236456567983929,-1.120568886003058,0.2769031532714965
-0.00010479103563009143,0.7570915364248091,-0.8283588475962034
0.9821876629954223,0.3987701635497691,-0.8773671868341257
-0.2450153871508364,3.984805320433043,2.7891049475142635
1.0418142283255447,0.7161808284981313,-0.8926227009937904
0.9828501803879792,0.4622522965394415,-0.9738583138940043
0.03390443511562486,0.05878807353841221,-0.8510514249087044
0.3289455139343043,0.5102165747983051,-0.9685188839381218
0.5661267404696799,0.27885946790261,-0.8115777820205723
0.74147301036641,0.16177020038832526,-0.9532633697784572
1.0828903066640734,0.3282344602279108,-0.9740490078210001
1.1873472155572138,0.24359161624168085,-0.8155823544874842
-0.8136761490955218,-0.5478189750295689,0.9584432483545123
0.05554666993915068,-1.0810688921428173,1.938037951331975
-0.09992407818087201,2.0140377696203235,-0.8800369018120671
-0.8085968490859188,-0.7890510803903241,0.11938996957295954
0.15227420925246032,0.424163016745638,-0.8567722427185787
0.9673914412283181,0.8290379538131045,-0.909785154423413
-0.8083760099550664,-0.8003367929218215,0.9489085520047218
0.37156746618879916,0.7161808284981313,-0.9143618086713124
-0.8452561448074014,-0.8483010711806851,0.3672920746675092
-0.542264857278039,3.455787545519106,-0.5650105344149933
-0.8406185230595029,-0.5097296952357654,0.3672920746675092
-0.8291348882551832,-0.5478189750295689,0.3978031029868384
-0.8161053795348971,-0.43214042158172133,0.02594994534501403
-0.8445936274148445,-0.6733725269424766,-0.08465253231255437
-0.20769357403679684,5.234697983296371,-0.9645143114712099
1.1999350460157954,0.6400022689105244,-0.9540261454864404
-0.8103635621327372,-0.6578546722116678,0.3234324714584735
-0.110745195592635,4.755055200707735,2.4330793858130906
-0.8521021578638228,-0.5224261218336999,1.1243469648408648
-0.8172095751891586,-0.8186760757855046,-0.03316517202368632
-0.8090385273476234,-0.5012654108371424,0.3596643175876769
1.2072227373339213,0.22384161931156055,-0.8678324904843354
0.6356910666881558,0.25346661470674103,-0.9334312013708932
0.9408907455260415,0.8981629430685256,-0.916840829722258
-0.8291348882551832,-0.7326225177328375,-0.07893171450268015
-0.8496729274244476,-0.6366939612151102,-0.3649726049963912
-0.12156631300439784,-0.16692617709153423,-0.9176036054302411
-0.8388518100126845,-0.44624756224609297,0.7029133861801303
-0.18516798268986173,2.012627055553886,0.4471928300787526
2.816477483854668,0.08418092673428118,-0.9750024774559792
3.155244710582104,0.8826450883377167,-0.9641329236172181
0.8057371974444307,0.6470558392427102,-0.951356430508499
0.15492427882268792,-0.2007833146860262,-0.9744303956749919
-0.8269264969466601,-0.36865828859204886,1.620151175029964
0.8872268367289312,0.48905586380174765,-0.9092130726424257
-0.8295765665168877,-0.5308904062323229,1.3379241630761693
-0.8125719534412603,-0.6225868205507387,0.7906325925982016
0.8947353671779097,0.24782375844099236,-0.8140568030715177
1.0491019196436708,0.5638237093229174,-0.9395334070347591
1.9081661386591373,0.5708772796551033,-0.9494494912385409
0.3974056444985189,-0.241694022612704,-0.8851856378409538
-0.8116885969178509,-0.6324618190157988,0.7219827788797111
-0.845035305676549,-0.6804260972746624,0.4855223094049099
-0.8264848186849554,-0.4575332747775903,0.2643173540897733
3.137356740983067,0.7020736878337596,-0.966421250741168
-0.8244972665072847,-0.7650689412608923,0.1384593622725403
-0.8194179664976816,-0.2868368727386933,0.43594188838599995
0.43141487064977385,0.1688237707205111,-0.8645906937254068
-0.029476395438986773,0.63718084077765,-0.9422031220127004
-0.8291348882551832,-0.7481403724636464,0.8917003739059797
-0.8116885969178509,-0.454711846644716,1.7498230453871133
-0.11935792169587492,0.2605201850389268,-0.9547889211944235
-0.8172095751891586,-0.2910690149380048,0.155621815702163
-0.46430864408717526,-1.1248010282023695,0.9834241527909628
0.2984697138766862,0.603323703183158,-0.9206547082621742
-0.12620393475229627,0.662573693973519,-0.8964365795337066
-0.8154428621423402,-0.506908267102891,1.1090914506812002
-0.8423852361063213,-0.3348011509975569,1.6029887216003416
1.2065602199413643,0.603323703183158,-0.9486867155305578
0.2624729355477604,0.45943086840656716,-0.9149338904522999
-0.8384101317509799,-0.43778327784747,0.027856884614972106
2.3626530699531814,0.32118088989572496,-0.9624166782742558
0.03346275685392018,-1.0994081750065006,-0.538504078562576
-0.8344350273956384,-0.6310511049493617,0.3825475888271738
1.0570521283543537,0.32118088989572496,-0.9250406685830777
0.9841752151730931,0.17164519885338544,-0.8766044111261426
0.4932498272884192,0.8191629553480443,-0.8283588475962034
0.5617099578526338,0.22243090524512338,-0.8336982775520859
-0.851439640471266,-0.5844975407569352,-0.23911461317915833
-0.8452561448074014,-0.8116225054533188,0.11938996957295954
-0.8136761490955218,-0.8243189320512533,0.20710917599103104
-0.8271473360775123,-0.4688189873090876,1.4447127621938212
-0.8512188013404137,-0.5379439765645088,1.3417380416160853
-0.8350975447881953,-0.5252475499665742,-0.31348524470752326
0.03302107859221566,0.48905586380174765,-0.8520048945436834
-0.8090385273476234,-0.43496184971459567,-0.10372192501213513
1.4534583682342412,0.13073449092670764,-0.9176036054302411
-0.8229513925913186,-0.4885689842392079,0.2719451111696056
0.10744386568944238,0.7810736755542409,-0.9572679422453692
-0.1021324694893951,0.45802015434013,-0.9845371738057695
-0.8161053795348971,-0.7100510926698429,1.395132341174911
0.17877490495473683,0.6385915548440871,-0.8565815487915829
2.456730539696263,0.9207343681315202,-0.9378171616917967
-0.8521021578638228,-0.3150511540674366,0.8897934346360216
-0.02042199107404219,-0.22053331161614653,-0.8664976329953648
-0.45657927450734453,2.1706270309948485,-0.8300750929391656
-0.8163262186657494,-0.7819975100581383,1.2730882278975946
-0.8496729274244476,-0.28824758680513046,1.2769021064375108
0.7132056016173149,-0.19090831622096605,-0.9515471244354949
-0.8262639795541031,-0.3841761433228577,0.744866050119208
-0.8313432795637061,-0.41803328091734965,0.9679779447043025
0.36560480965578684,0.5144487169976166,-0.9164594418682663
-0.8348767056573431,-0.39405114178791784,1.6449413855394188
3.3226407717681505,0.48482372160243614,-0.9443007552096542
-0.8216263578062047,-0.30376544153593926,0.32533941072843153
-0.8373059360967184,-0.5280689780994485,0.037391580964762486
-0.755816296812218,-1.129033170401681,2.735329260101446
-0.12907484345337628,0.1885737676506314,-0.8878553528188952
-0.02086366933574687,0.8318593819459787,-0.8342703593330734
-0.8158845404040448,-0.6239975346171758,0.670495418590843
-0.8220680360679095,-0.6310511049493617,0.08506506271371418
-0.8284723708626263,-0.7678903693937666,0.6285427546517655
-0.822509714329614,-0.4575332747775903,0.05074015585446902
-0.8134553099646695,-0.403926140252978,1.2254147461486427
2.4289048092088725,0.8403236663446018,-0.9071154394454718
-0.8099218838710326,-0.8370153586491877,-0.010281900784189411
0.6831714798214015,0.0037702249473627607,-0.9906393794696354
-0.8105844012635894,-0.5647475438268149,1.2120661712589362
-0.8099218838710326,-0.7171046630020287,0.5198472162641553
0.6277408579774728,0.050323789139789216,-0.9673747203761469
-0.8103635621327372,-0.5224261218336999,-0.01981659713397979
-0.8395143274052415,-0.5986046814213069,1.5667568754711378
-0.8392934882743891,-0.40251542618654085,-0.09609416793230283
0.16773294841212158,0.5327879998612998,-0.9669933325221554
-0.027930521523020634,0.441091585542884,-0.8150102727064968
-0.836201740442457,-0.4744618435748363,0.6628676615110107
-0.02086366933574687,0.2760380397697357,-0.9429658977206836
0.991904584752924,0.611787987581781,-0.8314099504281361
1.108507645842941,0.6131987016482182,-0.836558686457023
-0.809480205609328,-0.5449975468966946,1.0900220579816193
-0.813896988226374,-0.4406047059803443,-0.22004522047957767
-0.8271473360775123,-0.8356046445827506,-0.11516356063188349
-0.8216263578062047,-0.3757118589242347,0.004973613375475196
-0.8470228578542198,-0.31787258220031095,1.1033706328713262
3.27184777167212,0.15612734412257662,-0.9048271123215221
0.5082668881863759,-0.05689047990943535,-0.8876646588918994
2.1385013521380913,0.2901451804341073,-0.9103572362044006
0.1637578440567801,0.5638237093229174,-0.9732862321130169
-0.8108052403944417,-0.8468903571142479,0.004973613375475196
-0.8295765665168877,-0.3841761433228577,1.1529510538902357
-0.8090385273476234,-0.42226542311666115,1.4523405192736534
-0.18163455659622485,-0.2783725883400703,-0.847428240295784
-0.82979740564774,-0.6804260972746624,0.8783517990162731
-0.141220995650253,0.36209159782240274,-0.8794648200310797
-0.8419435578446168,-0.8243189320512533,-0.16665092092075154
-0.836201740442457,-0.3757118589242347,1.177741264399691
-0.8331099926105247,-0.5647475438268149,0.6132872404921008
0.011599682899541941,4.114591014545262,0.9614943511864453
-0.8333308317413769,-0.5421761187638202,1.6640107782389997
1.300416850553594,0.11098449399658733,-0.9134083390363334
-0.8516604796021182,-0.549229689096006,-0.18572031362033228
-0.8110260795252942,-0.7918725085231985,-0.05414150399322516
0.7953577582943724,-0.11896189883267062,-0.8886181285268785
1.9172205430240816,-0.0018726313183859006,-0.943537979501671
0.542938631730188,0.5116272888647423,-0.9290452410499896
2.8060980447046093,0.08982378300002984,-0.9441100612826584
0.9813043064720133,0.008002367146674256,-0.8386563196539769
-0.8390726491435369,-0.4406047059803443,0.538916608963736
-0.8401768447977984,-0.6564439581452306,0.28529368605931216
-0.8134553099646695,-0.8412475008484993,1.0080236693734224
-0.8209638404136478,-0.8313725023834391,0.4607320988954549
1.2034684721094322,0.047502361006914885,-0.8453306070988301
3.198308341098303,0.978573644855444,-0.9416310402317128
-0.8291348882551832,-0.8158546476526303,0.09078588052358841
-0.8216263578062047,-0.6098903939528042,0.4798014915950357
-0.6352381313668594,-1.0627296092791343,0.7727073634605959
-0.8180929317125679,-0.8144439335861932,0.1708773298618276
-0.8289140491243308,-0.35314043386124006,0.5770553943628973
0.08535995260421188,0.12085949246164748,-0.9568865543913776
-0.3770771874005148,3.9735196079015456,0.23189938650048603
-0.8260431404232509,-0.8017475069882586,1.1968106570992716
0.42456885759335233,0.6766808346378906,-0.9311428742469435
0.9059981628513774,0.6244844141797155,-0.9544075333404319
1.103428345833338,-0.015979771982757553,-0.8369400743110146
-0.8322266360871154,-0.3898189995886064,-0.05223456472326708
1.1626132329017556,0.782484389620678,-0.9179849932842329
-0.8509979622095613,-0.7594260849951436,1.131974721920697
-0.8154428621423402,-0.5421761187638202,1.7288467134175742
-0.8278098534700693,-0.3460868635290542,1.7154981385278678
-0.6058665269635027,3.029751897455082,1.8316307400683145
0.34352089657055634,0.11803806432877315,-0.9423938159396962
-0.842826914368026,-0.6846582394739739,0.39017534590700614
-0.8191971273668294,-0.5167832655679513,0.9927681552137577
-0.8132344708338171,-0.29953329933662776,0.03548464169480441
1.1429585502559003,-0.1880868880880917,-0.9013946216355975
-0.8222888751987617,-0.753783228729395,1.7040565029081194
-0.8364225795733092,-0.676193955075351,1.4466197014637794
-0.8180929317125679,-0.30940829780168794,0.4454765847357903
-0.8315641186945585,-0.41803328091734965,0.462639038165413
-0.817430414320011,-0.7805867959917011,0.20520223672107296
3.0150118624908897,0.7161808284981313,-0.9469704701875955
1.4181241072978725,0.5680558515222289,-0.9873975827107067
0.39254718361976804,0.8276272397466673,-0.8718370629512474
1.2081060938573305,0.2055023364478774,-0.9698537414270924
-0.82979740564774,-0.8412475008484993,0.6266358153818073
-0.8132344708338171,-0.5365332624980715,-0.2581840058787391
0.2423765746402007,0.18293091138488277,-0.8386563196539769
-0.7017107097534031,2.3935198534919206,2.160577764136083
0.7096721755236781,0.6273058423125898,-0.8788927382500923
0.6219990405753131,0.18998448171706858,-0.9454449187716291
0.8333420888009688,-0.070997620573807,-0.8983435188036646
-0.8476853752467767,-0.8370153586491877,0.17659814767170182
0.017562339432554246,3.1637697337666126,1.7576414963939413
-0.05332702157103568,0.525734429529114,-0.9046364183945264
-0.8432685926297308,-0.3658368604591746,1.3817837662852048
-0.8141178273572265,-0.6973546660719084,-0.3630656657264332
-0.8397351665360937,-0.43637256378103284,0.6037525441423104
1.2297483286808564,0.1363773471924563,-0.8754602475641677
0.9567911629474074,0.7556808223583719,-0.9021573973435808
-0.4086571831123944,-1.1177474578701836,2.6224384553199283
-0.8465811795925152,-0.34890829166192855,-0.3344615766770621
-0.6325880617966316,-1.0909438906078774,-0.231486856099326
-0.8439311100222875,-0.44765827631253013,-0.31539218397748137
-0.8191971273668294,-0.5718011141590007,-0.05986232180309939
0.5694393274324643,0.8149308131487328,-0.8325541139901111
-0.8134553099646695,-0.35314043386124006,1.4294572480341565
-0.14298770869707156,4.084966019150082,1.384644175190142
-0.8346558665264908,-0.7819975100581383,1.2216008676087264
0.5204130403832526,-0.024444056381380544,-0.9185570750652202
-0.8348767056573431,-0.5280689780994485,0.899328130985812
0.8269377540062521,0.3790201666196487,-0.808908067042631
-0.8408393621903552,-0.5210154077672627,0.04120545950467864
0.7911618148081787,-0.1528190364271626,-0.8630651423094403
1.2644200722246681,0.015055937478860084,-0.9074968272994635
0.9344864107313244,0.14202020345820496,-0.9759559470909583
0.026395904666646413,0.2746273257032985,-0.9612725147122811
1.045568493550034,-0.2007833146860262,-0.8380842378729896
-0.8461395013308106,-0.37853328705710904,0.10413445541329494
-0.598799674776229,5.027323015530108,0.9872380313308791
-0.8373059360967184,-0.5210154077672627,1.5953609645205094
-0.8494520882935951,-0.36301543232630024,1.494293183212731
-0.8282515317317738,-0.5619261156939406,0.0831581234437561
-0.028151360653872894,0.833270096012416,-0.8901436799428449
0.689354975485266,0.43121658707782384,-0.9774814985069247
-0.8156637012731925,-0.3404440072633056,0.7029133861801303
0.4978874490363176,0.029163078143231737,-0.9645143114712099
-0.8432685926297308,-0.4589439888440275,1.254018835198014
0.7916034930698832,0.10675235179727582,-0.8985342127306604
-0.29934181334050347,-1.112104601604435,1.6739268624427817
-0.027930521523020634,3.984805320433043,-0.048802074037342505
-0.8154428621423402,-0.8257296461176904,0.6857509327505077
3.1519321236193187,0.28873446636767014,-0.9113107058393796
-0.8130136317029648,-0.45189041851184164,1.6182442357600062
0.5003166794756929,0.27885946790261,-0.9721420685510422
-0.8108052403944417,-0.7678903693937666,-0.17237173873062575
-0.8150011838806357,-0.8370153586491877,0.22999244723052795
-0.8430477534988783,-0.7453189443307721,0.35394349977780265
1.2293066504191519,0.3479844571580311,-0.8521955884706792
0.09971449610961168,-1.0655510374120085,0.7784281812704701
0.07299296127648275,0.28873446636767014,-0.8775578807611215
0.7522941277781728,-0.030086912647129208,-0.9496401851655368
0.4857412968394409,0.27744875383617285,-0.8417074224859098
0.5798187665825226,0.24923447250742953,-0.9065433576644844
-0.8392934882743891,-0.7481403724636464,1.0099306086433801
-0.19488490444736317,2.758894796699147,-0.8897622920888533
-0.824718105638137,-0.7495510865300835,0.5351027304238198
1.191984837305112,0.10675235179727582,-0.9839650920247822
-0.8333308317413769,-0.5323011202987601,0.09269281979354647
-0.8419435578446168,-0.4406047059803443,0.5656137587431489
-0.10434086079791818,0.2548773287731782,-0.9803419074118619
-0.8295765665168877,-0.7946939366560728,0.7238897181496692
0.15315756577586953,0.8262165256802302,-0.9725234564050338
-0.07784016509564151,1.9463234944313395,2.3386858919501665
-0.07651513031052763,0.270395183503987,-0.8182520694654255
-0.167942530483382,5.55916221857692,2.259929300100898
-0.8163262186657494,-0.7086403786034057,0.4264071920362096
-0.49588863979905484,2.430198419219287,1.7694645198676813
0.015353948124031165,0.7627343926905576,-0.9730955381860211
-0.8295765665168877,-0.8483010711806851,0.14799405862233067
-0.8165470577966017,-0.7636582271944552,1.5190833937221861
-0.8324474752179677,-0.43637256378103284,-0.06558313961297361
-0.842826914368026,-0.37289043079136036,1.1987175963692296
1.0815652718789595,0.016466651545297247,-0.8199683148083878
-0.8112469186561464,-0.7819975100581383,1.053790211852416
-0.8163262186657494,-0.4829261279734593,0.8535615885068182
0.07210960475307356,0.5581808530571687,-0.9528819819244656
0.7664278321527204,0.7161808284981313,-0.9465890823336038
2.9050339753264414,0.8346808100788531,-0.9832023163167989
0.33623320525243033,0.05878807353841221,-0.9311428742469435
-0.8187554491051247,-0.3658368604591746,0.2891075645992283
-0.6127125400199241,-1.0810688921428173,-0.7818295294092263
0.6582166580350911,0.055966645405537876,-0.8302657868661615
-0.850114605686152,-0.6451582456137332,0.25478265773998293
-0.8503354448170043,-0.6649082425438536,-0.2543701273388229
3.446531524176294,0.46366301060587867,-0.9696630475000966
-0.8260431404232509,-0.3065868696688136,0.20520223672107296
1.0378391239702034,0.26334161317180116,-0.9372450799108094
-0.8258223012923984,-0.4152118527844753,1.620151175029964
-0.8483478926393336,-0.4857475561063336,1.391318462634995
-0.843489431760583,-0.3390332931968684,0.7582146250089146
-0.2008475609803754,-0.032908340780003535,-0.917794299357237
1.2659659461406343,0.05878807353841221,-0.8197776208813919
0.2494434268274745,0.6498772673755845,-0.9427752037936877
0.7337436407865792,0.037627362541854725,-0.9788163559958953
0.2752816051371942,-0.11472975663335913,-0.9885417462726815
-0.5687655529803155,2.311698437638565,-0.45860332315133273
-0.19157231748457856,0.40582373388195486,-0.9824395406088158
-0.8370850969658662,-0.6592653862781049,-0.002654143704357108
0.6387828145200881,0.6470558392427102,-0.9341939770788765
-0.8335516708722291,-0.3122297259345623,1.6411275069995026
-0.8127927925721126,-0.591551111089121,0.9889542766738415
-0.8412810404520599,-0.3559618619941144,1.1701135073198585
-0.03521821284114666,-1.1135153156708721,1.7473440243361675
1.016638567408382,-0.1768011755565944,-0.8481910160037672
-0.8249389447689893,-0.6113011080192413,0.7715631998986211
1.5643196119220986,0.8233950975473558,-0.92084540218917
-0.019538634550632986,0.08559164080071835,-0.9155059722332873
-0.07519009552541392,0.47494872313737596,-0.826642602253241
-0.4552542397222307,4.639376647259888,2.280905632070437
-0.8496729274244476,-0.821497503918379,-0.29250891273798446
-0.5327687746513898,3.6405910882223744,0.601273523091365
1.1714467981358478,0.3028416070320418,-0.96222598434726
-0.8375267752275707,-0.5816761126240608,0.8402130136171116
0.8441632062127317,0.30143089296560466,-0.9111200119123838
-0.8256014621615462,-0.3108190118681251,0.8344921958072374
-0.8191971273668294,-0.4829261279734593,-0.046513746913392856
-0.8121302751795556,-0.6042475376870555,0.04120545950467864
2.6576941487718604,0.38184159475252305,-0.9052085001755137
-0.8386309708818322,-0.3404440072633056,-0.41836690455521736
-0.8273681752083646,-0.36724757452561174,1.5476874827715572
-0.017992760634666847,-1.0853010343421288,0.6643932129269773
0.7812240539198249,0.7768415333549293,-0.8666883269223605
0.5118003142800128,-0.1556404645600369,-0.9046364183945264
0.8790557888873961,-0.038551197045752196,-0.9122641754743586
1.1005574371322582,0.10957377993015016,-0.8434236678288721
0.6036693927145719,0.024930935943920242,-0.8102429245316015
3.446752363307146,0.6893772612358251,-0.968328190011126
0.07122624822966435,-0.1401226098292281,-0.8249263569102788
-0.8461395013308106,-0.5548725453617547,1.4637821548934018
0.21675923546133327,0.5243237154626768,-0.9210360961161658
-0.8172095751891586,-0.7650689412608923,0.3119908358387252
-0.8315641186945585,-0.6508011018794819,1.1434163575404455
2.7703221055065357,0.10675235179727582,-0.9076875212264592
-0.814559505618931,-0.8186760757855046,1.0404416369627094
0.3843761357782328,0.7401629676275631,-0.9488774094575536
-0.8198596447593863,-0.79610465072251,0.6304496939217235
0.4961207359894992,0.3888951650847089,-0.8544839155946289
1.2171604982222748,-0.07240833464024417,-0.8611582030394822
0.2666688790339543,0.2181987630458119,-0.9027294791245682
-0.02307206064426995,2.9338233409373546,2.645131032632429
-0.8097010447401802,-0.47164041544196195,1.20825229271902
0.2911820225585601,0.21678804897937473,-0.8981528248766688
1.3317760071346214,-0.24874759294488982,-0.8840414742789791
-0.8143386664880787,-0.8468903571142479,-0.00646802224427326
0.626415823192359,0.3987701635497691,-0.8623023666014571
0.73573119296425,0.4932880060010591,-0.8928133949207862
-0.8178720925817156,-0.3658368604591746,0.10985527322316917
0.733522801655727,0.6668058361728305,-0.9256127503640651
-0.8324474752179677,-0.29247972900444197,-0.4069252689354689
-0.8262639795541031,-0.779176081925264,0.3768267710172996
-0.06679820855302626,-1.0754260358770686,2.406191542106682
-0.3934192830835853,-1.1276224563352437,-0.25398873948483136
-0.8353183839190476,-0.29247972900444197,1.3035992562169239
-0.8509979622095613,-0.8116225054533188,0.769656260628663
1.5974454815499444,0.036216648475417564,-0.9677561082301385
2.5455078702988896,0.39594873541689474,-0.9639422296902224
-0.8419435578446168,-0.7481403724636464,0.25096877920006677
-0.8397351665360937,-0.7382653739985862,1.286436802787301
-0.8479062143776289,-0.5026761249035796,1.2616465922778461
-0.8490104100318906,-0.633872533082236,0.20901611526098912
-0.8097010447401802,-0.3474975775954914,1.2330425032284749
-0.8375267752275707,-0.3164618681338738,1.2254147461486427
1.034084858745714,0.6978415456344481,-0.9246592807290861
0.3114992225969722,-0.09639047376967598,-0.8516235066896919
2.5585373790191754,0.5468951405256715,-0.9814860709738366
-0.8183137708434202,-0.5689796860261264,1.7784271344364841
1.0208345108945756,0.06584164387059803,-0.9347660588598639
-0.850114605686152,-0.3150511540674366,-0.3268338195972298
0.23442636592951777,0.611787987581781,-0.9820581527548242
-0.1224496695278072,0.053145217272663546,-0.8197776208813919
3.3805006240514546,0.06443092980416087,-0.9839650920247822
0.9194693498333679,-0.030086912647129208,-0.8312192565011404
0.9528160585920658,-0.1556404645600369,-0.9237058110941071
-0.5950454095517399,-1.1135153156708721,1.074575849894959
-0.8121302751795556,-0.660676100344542,0.7238897181496692
-0.8320057969562631,-0.3263368665989339,1.1396024790005292
-0.8163262186657494,-0.557693973494629,1.2387633210383493
-0.07209834769348163,5.10632300325059,0.02156398502411031
0.27086482252014804,0.7302879691625029,-0.9273289957070273
0.05863841777108296,-1.0669617514784457,0.6089012801711973
-0.8161053795348971,-0.3757118589242347,1.0099306086433801
0.15337840490672178,0.7980022443514868,-0.8411353407049225
-0.817430414320011,-0.6620868144109793,0.8535615885068182
3.0821469582699907,0.35362731342377973,-0.947542551968583
0.7770281104336312,-0.02303334231494338,-0.9660398628871762
-0.8141178273572265,-0.3023547274695021,-0.4221807830951335
2.04641143457268,0.5285558576619882,-0.9456356126986248
-0.8521021578638228,-0.6028368236206183,0.9050489487956862
-0.8309016013020015,-0.7932832225896357,0.21664387234082141
-0.8339933491339339,-0.6550332440787935,-0.28488115565815214
-0.8249389447689893,-0.39405114178791784,-0.2982297305478587
0.9821876629954223,0.6103772735153439,-0.9332405074438973
-0.8097010447401802,-0.7382653739985862,0.38826840663704804
1.5543818510337448,0.24782375844099236,-0.9698537414270924
2.8575535621931962,0.5962701328509722,-0.9923556248125976
-0.7063483315013015,3.1694125900323615,1.4138203460205003
-0.8315641186945585,-0.5633368297603777,0.01641524899522365
-0.8105844012635894,-0.5351225484316344,-0.41264608674534314
-0.8152220230114879,-0.4575332747775903,1.5724776932810123
0.8388630670722764,-0.08087261903886715,-0.9826302345358116
2.61551387477907,0.5765201359208518,-0.959365575442323
1.1637174285560172,-0.2868368727386933,-0.9145525025983082
1.8975658603782266,0.6512879814420216,-0.9452542248446333
-0.8395143274052415,-0.5633368297603777,1.4275503087641985
2.532920039840308,0.23230590371018353,-0.9555516969024069
0.186062596272863,-1.06978317961132,1.3222872610625132
-0.8083760099550664,-0.46740827324265044,0.39589616371688036
-0.8203013230210908,-0.38276542925642054,0.2719451111696056
0.43781920544449066,0.2943773226334188,-0.8550559973756163
-0.8165470577966017,-0.7636582271944552,0.012601370455307499
0.5062793360087052,0.3352880305600966,-0.9757652531639623
-0.8430477534988783,-0.3192832962667481,-0.3802281191560558
1.1683550503039155,-0.19090831622096605,-0.919701238627195
-0.8282515317317738,-0.7735332256595153,0.039298520234720566
-0.8256014621615462,-0.2868368727386933,0.3577573783177188
1.2606658070001793,-0.04419405331150086,-0.8100522306046057
0.5873272970315011,0.08700235486715552,-0.9860627252217361
-0.8470228578542198,-0.4138011387180382,0.41877943495637726
0.11296484396075,0.16035948632188812,-0.8293123172311823
-0.850114605686152,-0.44201542004678146,1.3035992562169239
-0.824718105638137,-0.6324618190157988,1.7727063166266102
-0.14497526087474222,0.09123449706646701,-0.8434236678288721
-0.1394542826034346,5.157108709642327,2.371866635247437
1.7666082557828098,0.9771629307890068,-0.9370543859838135
-0.8260431404232509,-0.3841761433228577,1.5400597256917248
-0.8158845404040448,-0.42649756531597266,0.5942178477925201
1.18315127207102,0.45802015434013,-0.8245449690562873
-0.8256014621615462,-0.3305690087982454,-0.3230199410573137
-0.8375267752275707,-0.6860689535404111,0.899328130985812
0.24833923117321302,-0.11614047069979629,-0.8758416354181594
0.18937518323564756,0.4932880060010591,-0.8659255512143773
-0.8518813187329705,-0.5520511172288803,1.2845298635173432
-0.7447743402696027,-1.0853010343421288,0.818092518085598
-0.7370449706897719,-1.07965817807638,1.3257197517484371
-0.8346558665264908,-0.44624756224609297,1.0442555155026256
0.8989313106641034,-0.11472975663335913,-0.8506700370547128
-0.8463603404616629,-0.7693010834602039,1.4847584868629409
2.456288861434558,0.8812343742712796,-0.9627980661282476
1.1040908632258948,0.261930899105364,-0.8131033334365387
0.09375183957659954,0.42698444487851234,-0.9258034442910609
-0.8256014621615462,-0.30940829780168794,-0.3516240301066847
-0.808817688216771,-0.591551111089121,0.10794833395321109
0.21344664849854872,0.6555201236413332,-0.9463983884066081
-0.8251597838998417,-0.5718011141590007,0.7810978962484115
-0.8244972665072847,-0.6014261095541812,0.09459975906350455
0.4504070359030721,-0.010336915717008892,-0.8441864435368553
0.4104351532188048,0.6865558331029508,-0.8092894548966226
-0.8156637012731925,-0.676193955075351,0.7257966574196273
0.2891944703808893,0.046091646940477723,-0.9345753649328681
-0.8289140491243308,-0.6649082425438536,0.8573754670467343
1.2747995113747264,-0.2007833146860262,-0.9490681033845494
1.0464518500734432,-0.037140482979315034,-0.86535346943339
0.06438023517324284,0.32118088989572496,-0.8340796654060776
1.3328802027888829,-0.09780118783611313,-0.8504793431277169
0.13482791791512824,-0.035729768912877866,-0.8809903714470462
0.6661668667457741,0.5186808591969281,-0.9115013997663753
0.5447053447770064,0.08277021266784401,-0.8748881657831803
2.701641135811469,0.7570915364248091,-0.9320963438819225
-0.8503354448170043,-0.5816761126240608,-0.0827455930425963
-0.8313432795637061,-0.829961788317002,0.5770553943628973
0.0593009351636399,0.5285558576619882,-0.8720277568782432
-0.22580238276668585,2.447126988016533,-0.6327068784985049
1.1835929503327245,-0.19231903028740321,-0.9528819819244656
-0.8178720925817156,-0.6493903878130448,1.8394491910751425
-0.8211846795445003,-0.3545511479276772,1.610616478680174
-0.8187554491051247,-0.753783228729395,1.2120661712589362
0.022199961180452667,0.39453802135045757,-0.9509750426545075
-0.8357600621807523,-0.5816761126240608,-0.16855786019070962
-0.8216263578062047,-0.8144439335861932,1.1662996287799423
-0.8373059360967184,-0.5760332563583122,-0.12851213552159002
0.26600636164139735,0.21678804897937473,-0.9645143114712099
-0.8293557273860355,-0.6437475315472961,1.35699355577575
-0.8240555882455801,-0.8468903571142479,1.6239650535698802
-0.8335516708722291,-0.8341939305163134,0.7353313537694176
1.8158553819628735,0.6583415517742075,-0.9589841875883315
0.2827901355861725,0.7881272458864267,-0.9847278677327654
-0.3000043307330603,5.824376463067106,0.2505873913460752
1.04998527616708,0.6019129891167209,-0.9570772483183734
-0.06304394332853705,-1.120568886003058,2.199479325243227
2.721074979326472,0.6131987016482182,-0.951356430508499
2.0936710085750736,0.877002232071968,-0.9675654143031427
0.8262752366136952,0.7754308192884922,-0.8476189342227799
-0.10345750427450898,4.680287355186565,-0.3594424811135129
0.10545631351177157,0.5243237154626768,-0.9446821430636458
-0.8392934882743891,-0.4899796983056451,1.6068026001402578
0.6270783405849158,0.5384308561270484,-0.9053991941025096
-0.8090385273476234,-0.5957832532884325,1.7669854988167357
-0.809480205609328,-0.4575332747775903,1.7898687700562326
-0.8273681752083646,-0.3305690087982454,0.22808550796056987
0.582247997021898,0.10534163773083867,-0.9340032831518806
0.10943141786711305,5.688947912689138,-0.5169556648120497
0.474257662035121,0.42275230267920083,-0.8382749317999854
-0.6699098749106712,-1.1163367438037466,0.7492520104401116
0.7887325843688033,-0.11049761443404763,-0.9450635309176375
0.7931493669858495,0.13496663312601914,-0.9721420685510422
1.1915431590434076,0.6061451313160323,-0.8172985998304465
-0.6334714183200408,4.24014456645817,-0.46127303812927406
-0.8463603404616629,-0.787640366323887,0.3691990139374673
-0.8092593664784756,-0.6268189627500501,1.213973110528894
-0.6116083443656627,3.4868232549807234,1.4485266407337372
-0.8152220230114879,-0.7410868021314605,1.570570754011054
-0.8512188013404137,-0.8102117913868816,0.36157125685763497
-0.17655525658662183,-1.1191581719366208,2.556076968725387
1.1440627459101622,0.7754308192884922,-0.8693580419003019
-0.8130136317029648,-0.29247972900444197,-0.0980011072022609
0.858738588848984,0.5906272765852235,-0.852386282397675
-0.8344350273956384,-0.5901403970226838,1.6945218065583287
-0.8494520882935951,-0.8398367867820621,0.18041202621161798
0.6113987622944024,-0.1725690333572829,-0.92084540218917
-0.11472029994797649,-1.0669617514784457,-0.1765670051245335
0.12665687007359286,-1.0909438906078774,0.997344809461657
0.8693388671298945,0.25769875690605254,-0.9709979049890672
-0.8335516708722291,-0.7001760942047828,0.5579860016633166
0.7679737060686866,0.7782522474213666,-0.826642602253241
1.034084858745714,0.11803806432877315,-0.8891902103078659
0.779015662611302,-0.27414044614075883,-0.9647050053982057
-0.8350975447881953,-0.7410868021314605,1.1472302360803617
0.11561491353097761,-1.1092831734715607,2.4935293606707623
-0.8127927925721126,-0.7241582333342146,1.6716385353188319
-0.8395143274052415,-0.3799440011235462,0.7067272647200465
-0.8498937665552998,-0.6268189627500501,0.23189938650048603
1.0588188414011723,0.5736987077879776,-0.9021573973435808
-0.18295959138133872,0.7627343926905576,-0.936672998129822
0.1070021874277377,0.12085949246164748,-0.8733626143672139
0.4382608837061952,-0.12460475509841928,-0.883278698570996
-0.08888212163825676,0.7838951036871151,-0.8321727261361195
-0.8284723708626263,-0.8130332195197559,0.281479807519396
-0.821847196937057,-0.8243189320512533,-0.02935129348377017
-0.8461395013308106,-0.5323011202987601,0.876444859746315
0.3450667704865225,-0.27555116020719594,-0.9397241009617548
0.49943332295228376,0.5313772857948625,-0.9759559470909583
0.3066407617182214,0.5003415763332449,-0.9645143114712099
-0.82979740564774,-0.28824758680513046,0.22427162942065373
-0.8472436969850722,-0.7439082302643348,1.6888009887484547
1.2876081809641604,-0.0004619172519487352,-0.8493351795657421
-0.8119094360487034,-0.3150511540674366,1.3798768270152468
0.47602437508193934,-0.2826047305393818,-0.8287402354501949
-0.17810113050258797,2.8195555015559446,1.3417380416160853
-0.8233930708530232,-0.8003367929218215,1.3035992562169239
-0.8496729274244476,-0.8356046445827506,0.9775126410540931
0.7904992974156217,-0.26426544767569865,-0.8558187730835995
2.8529159404452984,0.6498772673755845,-0.9696630475000966
-0.8311224404328539,-0.8088010773204445,1.4313641873041147
0.3139284530363476,0.25346661470674103,-0.9505936548005159
-0.8350975447881953,-0.3855868573892949,1.1968106570992716
0.6392244927817929,-0.10485475816829896,-0.9818674588278283
-0.8505562839478568,-0.7424975161978977,0.6342635724616397
0.814570762678523,0.19844876611569157,-0.9677561082301385
1.7688166470913327,0.14766305972395363,-0.9931184005205809
1.0265763282967357,-0.2572118773435128,-0.8958644977527191
-0.8483478926393336,-0.6239975346171758,0.8802587382862312
-0.8262639795541031,-0.3305690087982454,1.2578327137379302
-0.8216263578062047,-0.30940829780168794,1.20825229271902
-0.23021916538373194,-1.086711748408566,-0.9454449187716291
0.5462512186929723,0.8149308131487328,-0.9258034442910609
-0.845697823069106,-0.5957832532884325,1.1281608433807808
-0.10699093036814579,0.4777701512702503,-0.9687095778651177
1.3732937637348546,0.24923447250742953,-0.9626073722012518
1.0146510152307113,0.6766808346378906,-0.9149338904522999
0.2549644050987821,0.1885737676506314,-0.8357959107490398
0.8582969105872792,0.32259160396216213,-0.9408682645237296
-0.8452561448074014,-0.7241582333342146,-0.15711622457096117
2.672711209669817,0.20268090831500307,-0.948496021603562
0.01071632637613274,0.5426629983263599,-0.85944195769652
-0.8346558665264908,-0.5153725515015141,0.5293819126139456
-0.8242764273764324,-0.49562255457139376,-0.07702477523272207
1.1902181242582937,0.015055937478860084,-0.9730955381860211
-0.817430414320011,-0.49985469677070526,1.6601968996990835
-0.32098404816402937,-1.0965867468736261,-0.7272910662884253
-0.4718171745361536,2.957805480066787,-0.4790075733398841
-0.8426060752371738,-0.506908267102891,-0.2257660382894518
1.2050143460253981,-0.21489045535039786,-0.8964365795337066
-0.8196388056285341,-0.5718011141590007,1.2235078068786847
-0.850114605686152,-0.71146180673628,0.3520365605078446
-0.8262639795541031,-0.7396760880650234,1.1014636936013678
1.25404063307461,0.7556808223583719,-0.9389613252537715
-0.816767896927454,-0.513961837435077,0.849747709966902
0.15139085272905112,-1.1304438844681182,0.8985653552778289
2.1985695957299183,0.7119486862988198,-0.9742397017479961
-0.8273681752083646,-0.6903010957397225,0.8116089245677405
0.9165984411322877,0.7359308254282516,-0.888046046745891
-0.8231722317221709,-0.5520511172288803,0.9012350702557701
-0.8238347491147278,-0.5238368359001371,1.2845298635173432
-0.8388518100126845,-0.6451582456137332,0.7505868679290822
-0.82979740564774,-0.753783228729395,1.187275960749481
-0.8130136317029648,-0.3757118589242347,1.2788090457074688
1.2750203505055788,-0.05971190804230968,-0.842470198193893
-0.8273681752083646,-0.44765827631253013,0.3749198317473415
-0.401811170055973,3.3062518544767663,1.1491371753503195
1.256469863513985,0.7599129645576834,-0.9614632086392769
0.4521737489498905,0.37478802442033726,-0.8882367406728868
1.4479373899629335,0.7458058238933117,-0.9902579916156439
0.8640387279894393,0.7260558269631914,-0.9812953770468408
-0.8448144665456967,-0.6564439581452306,1.1910898392893972
2.981885992863044,0.08418092673428118,-0.9067340515914801
1.2443237113171084,0.005180939013799926,-0.9690909657191092
1.206339380810512,0.1236809205945218,-0.9690909657191092
-0.8381892926201276,-0.787640366323887,1.5362458471518088
-0.8196388056285341,-0.44342613411321863,0.130831605192708
0.03522946990073858,0.38607373695183456,-0.8636372240904276
0.13968637879387893,0.611787987581781,-0.9832023163167989
0.6942134363640168,-0.042783339245063695,-0.8403725649969391
-0.8189762882359771,-0.6296403908829245,1.7841479522463586
0.9342655716004724,0.38184159475252305,-0.8192055391004046
-0.82979740564774,-0.8285510742505647,-0.0674900788829317
-0.8483478926393336,-0.6282296768164873,-0.2162313419396615
-0.8430477534988783,-0.34890829166192855,0.22808550796056987
0.1646412005801893,0.3437523149587196,-0.9006318459276144
-0.8454769839382537,-0.4194439949837868,1.0385346976927514
0.053559117761480014,-0.10485475816829896,-0.8481910160037672
-0.8238347491147278,-0.6239975346171758,0.8383060743471535
1.1637174285560172,-0.030086912647129208,-0.9750024774559792
-0.4744672441063813,-1.1008188890729378,2.771942494084641
0.6811839276437307,0.10675235179727582,-0.969281659646105
-0.8214055186753525,-0.7890510803903241,1.8261006161854363
-0.8264848186849554,-0.6846582394739739,0.4321280098460838
-0.8169887360583064,-0.6197653924178643,1.3493657986959178
0.5884314926857626,0.044680932874040555,-0.816917211976455
-0.8286932099934785,-0.8158546476526303,0.0755303663639238
-0.8364225795733092,-0.6733725269424766,1.1415094182704877
-0.8289140491243308,-0.5943725392219953,1.768892438086694
-0.8390726491435369,-0.7693010834602039,1.3207617096465463
-0.23044000451458427,5.2107158441669394,-0.20459901239291717
-0.84415194915314,-0.6070689658199299,1.6182442357600062
-0.20018504358781847,0.020698793744608743,-0.8933854767017736
-0.8207430012827955,-0.8144439335861932,0.8039811674879082
-0.8516604796021182,-0.6508011018794819,1.2521118959280557
1.1257330980494205,0.5835737062530377,-0.82168456015135
0.9088690715524572,0.32682374616147364,-0.8617302848204696
-0.8231722317221709,-0.736854659932149,1.3264825274564207
-0.8189762882359771,-0.6917118098061598,0.8821656775561892
-0.8333308317413769,-0.3996939980536665,0.5865900907126878
-0.5435898920631528,5.323572969481913,-0.7192819213546015
-0.8114677577869986,-0.3898189995886064,0.7029133861801303
0.6807422493820262,0.5384308561270484,-0.9618445964932685
0.16707043101956465,0.13355591905958197,-0.8556280791566038
-0.8092593664784756,-0.3164618681338738,0.11938996957295954
-0.8085968490859188,-0.3362118650639941,1.8604255230446816
-0.8103635621327372,-0.38699757145573205,-0.38404199769597197
0.5360926186737663,0.08277021266784401,-0.8918599252858073
0.6652835102223648,0.6738594065050163,-0.9240871989480987
-0.8366434187041615,-0.4744618435748363,1.4981070617526473
0.7366145494876594,-0.19655117248671472,-0.8195869269543962
-0.8154428621423402,-0.29389044307087914,-0.15139540676108693
-0.19554742183992013,-0.14576546609497676,-0.9873975827107067
-0.8350975447881953,-0.5294796921658858,-0.26009094514869713
0.19114189628246595,0.08559164080071835,-0.9465890823336038
-0.8229513925913186,-0.41803328091734965,1.7116842599879518
-0.8090385273476234,-0.30799758373525077,1.0747665438219547
1.0881904458045288,0.33669874462653376,-0.9868255009297192
-0.8368642578350137,-0.41803328091734965,-0.3439962730268524
0.14101141357899266,0.7204129706974427,-0.8552466913026122
-0.8121302751795556,-0.4589439888440275,-0.34971709083672664
2.721074979326472,0.8882879446034654,-0.9517378183624907
0.30862831389589224,0.32118088989572496,-0.8968179673876983
-0.8304599230402969,-0.8243189320512533,-0.09418722866234476
-0.8183137708434202,-0.4166225668509125,0.8554685277767763
-0.8244972665072847,-0.7086403786034057,1.845170008885017
0.6679335797925925,0.0023595108809255955,-0.8527676702516667
0.1675121092812693,0.2915558945005445,-0.8760323293451552
-0.8468020187233675,-0.34890829166192855,0.6762162364007173
-0.8165470577966017,-0.8313725023834391,1.3226686489165047
0.3426375400471472,-0.16410474895865992,-0.8855670256949455
-0.8472436969850722,-0.45612256071115315,1.0633249082022063
-0.8081551708242142,-0.7904617944567613,0.28338674678935405
1.0614689109714,0.4932880060010591,-0.96813749608413
-0.8443727882839922,-0.34890829166192855,0.7238897181496692
-0.8273681752083646,-0.48715827017277075,0.9374669163849733
-0.8205221621519433,-0.5534618312953176,0.5446374267736103
0.3907804705729497,-0.20642617095177487,-0.9240871989480987
-0.8483478926393336,-0.6056582517534926,-0.37260036207622355
-0.7487494446249442,3.403591125060931,0.8747286144033528
-0.8238347491147278,-0.4899796983056451,1.3245755881864625
0.312161739989529,0.8346808100788531,-0.8285495415231992
1.166588337257097,0.7965915302850497,-0.8739346961482013
1.1880097329497707,0.3352880305600966,-0.9862534191487319
-0.845697823069106,-0.787640366323887,0.9870473374038833
-0.8384101317509799,-0.6818368113410996,1.5781985110908865
1.1882305720806232,-0.024444056381380544,-0.9458263066256207
-0.8454769839382537,-0.36724757452561174,0.2357132650404022
-0.8097010447401802,-0.3221047243996224,1.5572221791213479
-0.09881988252661056,0.22384161931156055,-0.8348424411140607
0.4351691358742629,0.3197701758292878,-0.8645906937254068
0.8373171931563105,0.0009487968144884301,-0.890906455650828
0.7498648973387976,-0.1979618865531519,-0.8947203341907443
-0.8408393621903552,-0.4857475561063336,-0.3344615766770621
0.5760645013580337,-0.03149762671356637,-0.8504793431277169
-0.8092593664784756,-0.660676100344542,1.0137444871832963
0.5508888404408709,0.16600234258763677,-0.9345753649328681
0.5235047882151849,0.21960947711224904,-0.8638279180174234
-0.8176512534508632,-0.29247972900444197,0.9431877341948477
0.9872669630050254,0.7190022566310056,-0.9073061333724677
-0.8485687317701859,-0.7805867959917011,-0.06367620034301553
-0.8194179664976816,-0.8497117852471222,1.488572365402857
-0.8280306926009215,-0.591551111089121,0.3463157426979704
-0.8355392230499,-0.6973546660719084,0.7639354428187888
0.3980681618910757,0.32259160396216213,-0.9828209284628073
-0.027488843261315954,0.5327879998612998,-0.9797698256308743
-0.8176512534508632,-0.7749439397259525,0.6304496939217235
0.2070423137038319,-0.058301193975872516,-0.8451399131718343
0.44113179240727524,-0.20642617095177487,-0.9698537414270924
-0.8432685926297308,-0.5873189688898095,1.0213722442631286
0.4428985054540936,-0.1076761863011733,-0.9292359349769854
-0.06591485202961707,2.823787643755256,1.2151172740908693
-0.8406185230595029,-0.8454796430478108,1.2959714991370916
-0.14011679999599153,0.8008236724843611,-0.8455213010258259
-0.48639255717240576,3.3062518544767663,1.8590906655557107
-0.8315641186945585,-0.4829261279734593,0.6399843902715139
-0.8191971273668294,-0.591551111089121,0.7372382930393757
3.0631547930166922,0.8840558024041539,-0.9505936548005159
-0.4788840267234274,4.866501611956271,-0.14281418004627558
-0.8445936274148445,-0.34326543539617993,1.488572365402857
-0.11759120864905635,0.6696272643057047,-0.8102429245316015
-0.8403976839286507,-0.4772832717077106,-0.281067277118236
1.0365140891850895,0.424163016745638,-0.9774814985069247
-0.8119094360487034,-0.4095689965187267,1.719312017067784
-0.8366434187041615,-0.29389044307087914,0.07171648782400786
0.6652835102223648,-0.20219402875246337,-0.8163451301954675
0.5952775057421841,0.3197701758292878,-0.9725234564050338
-0.8331099926105247,-0.6691403847431651,0.7429591108492499
1.8372767776555474,0.8826450883377167,-0.9515471244354949
1.3152130723206985,0.5384308561270484,-0.9620352904202643
-0.8476853752467767,-0.5012654108371424,1.4466197014637794
-0.05222282591677421,0.5807522781201634,-0.9074968272994635
-0.07695680857223232,0.5144487169976166,-0.8548653034486206
-0.12134547387354558,0.8191629553480443,-0.8285495415231992
-0.8353183839190476,-0.6564439581452306,1.8127520412957294
0.6520331623712265,0.6851451190365137,-0.8186334573194171
1.3174214636292214,0.6766808346378906,-0.8361772986030315
0.7169598668418042,0.5031630044661193,-0.8359866046760356
-0.8211846795445003,-0.7044082364040942,1.3283894667263787
0.5378593317205849,0.5073951466654307,-0.8195869269543962
-0.8116885969178509,-0.7805867959917011,0.2986422609490187
0.9501659890218384,0.3197701758292878,-0.9004411520006185
-0.8172095751891586,-0.429318993448847,1.2997853776770076
-0.8284723708626263,-0.8243189320512533,1.6888009887484547
-0.8176512534508632,-0.6522118159459191,0.03167076315488826
-0.851439640471266,-0.557693973494629,1.3150408918366723
-0.0809319129275738,0.18998448171706858,-0.9156966661602831
-0.09859904339575813,0.010823795279548588,-0.9000597641466269
-0.8309016013020015,-0.5125511233686397,0.41115167787654494
-0.8163262186657494,-0.6973546660719084,1.6640107782389997
0.7461106321143083,0.8008236724843611,-0.830647174720153
1.2323983982510842,0.8713593758062195,-0.9864441130757277
0.4144102575741463,0.6964308315680109,-0.9555516969024069
1.125070580656864,0.5102165747983051,-0.8935761706287694
-0.8112469186561464,-0.5238368359001371,-0.30204360908777483
-0.8412810404520599,-0.3206940103331853,0.19948141891119872
-0.76177895334523,-1.1050510312722492,2.0105016435903824
-0.8388518100126845,-0.7340332317992747,1.7574508024669455
1.008688358697699,-0.18385474588878023,-0.8619209787474654
0.08845170043614417,0.4340380152106982,-0.8270239901072327
-0.8187554491051247,-0.4645868451097761,-0.1780925565405
-0.8123511143104079,-0.46599755917621327,1.4981070617526473
-0.8309016013020015,-0.31364044000099944,1.032813879882877
2.763696931580967,0.8741808039390938,-0.9441100612826584
0.8927478150002388,0.6019129891167209,-0.9206547082621742
2.5064193441380316,0.026341650010357407,-0.9191291568462077
1.4651628421694134,0.8826450883377167,-0.9040643366135388
-0.8233930708530232,-0.4815154139070221,1.583919328900761
0.016458143778292782,0.5370201420606112,-0.9837743980977864
-0.8127927925721126,-0.7382653739985862,1.0919289972515775
-0.754491262027104,-1.1191581719366208,0.8543243642148015
1.1153536588993622,0.16600234258763677,-0.9372450799108094
-0.813896988226374,-0.5548725453617547,0.9851403981339254
-0.850777123078709,-0.6479796737466076,1.006116730103464
1.314329715797289,0.25769875690605254,-0.8960551916797149
-0.8403976839286507,-0.7904617944567613,0.5484513053135264
0.9872669630050254,0.11380592212946165,-0.8705022054622767
-0.8267056578158078,-0.420854709050224,1.7803340737064424
0.36339641834726377,0.044680932874040555,-0.9176036054302411
-0.22999832625287966,1.9152877849697219,0.9458574491727891
-0.18119287833452025,0.3874844510182717,-0.9605097390042978
2.9427974667021863,0.11521663619589882,-0.9204640143351783
-0.8432685926297308,-0.5675689719596891,0.04311239877463671
2.3756825786734668,0.5793415640537262,-0.9875882766377027
-0.5840034530091246,5.811680036469172,2.3398300555121416
-0.8302390839094447,-0.6296403908829245,0.5732415158229812
-0.8260431404232509,-0.7904617944567613,0.48170843086499376
-0.8256014621615462,-0.6592653862781049,-0.12088437844175771
0.9965422065008223,0.7204129706974427,-0.9517378183624907
0.8907602628225684,0.73169868322894,-0.9355288345678471
-0.017551082372962323,0.3522165993573426,-0.9082596030074466
-0.8403976839286507,-0.787640366323887,1.8127520412957294
-0.8251597838998417,-0.6127118220856784,1.82228673764552
0.49766660990546535,-0.003283345384823066,-0.9156966661602831
-0.8337725100030814,-0.7904617944567613,0.4836153701349518
0.5325591925801295,-0.20219402875246337,-0.8327448079171069
1.125953937180273,0.5497165686585458,-0.8928133949207862
-0.3229716003417001,4.929983744945944,-0.6565436193729808
0.8315753757541504,0.48059157940312464,-0.94449144913665
0.7403688147121485,0.11944877839521031,-0.8571536305725703
0.1918044136750229,5.459001519859881,0.1539055703592007
-0.8158845404040448,-0.7608367990615809,0.048833216584510945
-0.810142723001885,-0.7693010834602039,0.14608711935237262
2.502223400651838,0.055966645405537876,-0.9301894046119644
-0.8240555882455801,-0.4970332686378309,0.006880552645433272
0.8200917409498306,0.5581808530571687,-0.9288545471229939
-0.46430864408717526,-1.0881224624750032,-0.1597859395489025
0.0542216351540368,0.5497165686585458,-0.9603190450773019
2.0656244389568306,0.3296451742943479,-0.9471611641145913
-0.821847196937057,-0.6493903878130448,-0.3973905725856785
2.756409240262841,0.5130380029311794,-0.9351474467138554
-0.8187554491051247,-0.6818368113410996,-0.3573448479165589
-0.13790840868746845,0.023520221877483077,-0.937626467764801
1.6592804381885897,0.08982378300002984,-0.9423938159396962
0.053559117761480014,-0.052658337710123855,-0.8075732095536603
2.1431389738859896,0.6244844141797155,-0.9164594418682663
0.3287246748034519,0.7175915425645684,-0.9422031220127004
-0.8300182447785924,-0.3884082855221692,-0.10181498574217705
-0.8357600621807523,-0.5238368359001371,0.5904039692526039
-0.8085968490859188,-0.5591046875610662,1.665917717508958
1.243219515662847,0.29719875076629315,-0.9158873600872789
0.37002159227283304,0.5102165747983051,-0.9200826264811867
-0.8267056578158078,-0.3150511540674366,0.6552399044311785
1.0192886369786096,0.0757166423356582,-0.831600644355132
0.8134665670242616,-0.26426544767569865,-0.984155785951778
-0.8346558665264908,-0.4011047121201037,1.35699355577575
-0.8231722317221709,-0.6663189566102907,0.8707240419364408
2.6649818400899865,0.5116272888647423,-0.9429658977206836
-0.8518813187329705,-0.3065868696688136,1.8051242842158972
-0.8231722317221709,-0.31364044000099944,1.4866654261328986
-0.8229513925913186,-0.6225868205507387,1.2216008676087264
-0.8348767056573431,-0.8356046445827506,0.4950570057547003
-0.8326683143488199,-0.4391939919139071,0.7086342039900045
-0.8236139099838755,-0.43496184971459567,0.8306783172673212
-0.845035305676549,-0.5788546844911865,1.725032834877658
-0.1319457521544563,0.26898446943754983,-0.855437385229608
-0.8121302751795556,-0.574622542291875,0.3291532892683477
0.9826293412571271,0.1039309236644015,-0.8638279180174234
-0.837747614358423,-0.7594260849951436,0.3234324714584735
0.14785742663541415,-1.1304438844681182,0.13617103514859066
-0.8509979622095613,-0.6634975284774164,1.0576040903923323
-0.8114677577869986,-0.8144439335861932,0.21282999380090525
-0.8125719534412603,-0.7298010895999631,-0.02553741494385402
0.9497243107601335,0.569466565588666,-0.8119591698745638
0.8839142497661469,0.6978415456344481,-0.9479239398225746
0.9631954977421241,0.7697879630227435,-0.9786256620688996
2.720412461933915,0.7246451128967543,-0.9938811762285642
0.12864442225126368,0.3973594494833319,-0.9502122669465243
-0.8209638404136478,-0.6691403847431651,-0.03316517202368632
1.2394652504383576,0.7175915425645684,-0.9378171616917967
-0.8130136317029648,-0.48433684203989646,0.19948141891119872
-0.18075120007281564,0.18716305358419424,-0.9833930102437947
1.7931089514850864,0.5059844325989936,-0.9887324401996773
-0.8103635621327372,-0.8440689289813736,1.3608074343156662
1.2054560242871029,0.3606808837559656,-0.9624166782742558
-0.8359809013116045,-0.44765827631253013,0.6724023578608012
0.9137275324312079,0.6541094095748959,-0.96813749608413
-0.8267056578158078,-0.7340332317992747,1.4561543978135696
0.23530972245292694,0.569466565588666,-0.9105479301313963
0.21720091372303793,2.3511984314988057,2.7534451831660474
-0.8426060752371738,-0.787640366323887,1.2578327137379302
-0.836201740442457,-0.8313725023834391,0.4225933134962934
0.16618707449615544,-0.08792618937105298,-0.9885417462726815
-0.17633441745576955,3.44873397518692,1.5434922163776494
-0.8452561448074014,-0.31364044000099944,0.9164905844154346
-0.8443727882839922,-0.8285510742505647,0.3177116536485992
-0.8432685926297308,-0.8341939305163134,-0.11516356063188349
-0.821847196937057,-0.5520511172288803,1.1491371753503195
-0.808817688216771,-0.6113011080192413,1.1281608433807808
-0.821847196937057,-0.5435868328302573,-0.42408772236509157
-0.8169887360583064,-0.5379439765645088,0.4492904632757065
-0.822509714329614,-0.779176081925264,-0.05223456472326708
-0.8293557273860355,-0.6945332379390341,0.08506506271371418
-0.8238347491147278,-0.47164041544196195,1.2749951671675526
-0.8379684534892753,-0.6818368113410996,0.8325852565372793
3.176886945405629,0.6569308377077703,-0.9069247455184759
0.5338842273652433,0.81634152721517,-0.9086409908614382
-0.842826914368026,-0.6649082425438536,0.058367912934301325
0.14807826576626643,0.7387522535611258,-0.9507843487275117
2.2860218915474313,0.8487879507432248,-0.9338125892248847
-0.8114677577869986,-0.8045689351211329,0.0679026092840917
0.7326394451323177,0.6752701205714534,-0.9601283511503061
1.0597021979245815,0.774020105222055,-0.8455213010258259
-0.20769357403679684,0.036216648475417564,-0.9690909657191092
1.193972389482783,0.7401629676275631,-0.8520048945436834
1.1305915589281714,0.2647523272382383,-0.9708072110620715
-0.8161053795348971,-0.3460868635290542,-0.41836690455521736
1.9081661386591373,0.016466651545297247,-0.9759559470909583
-0.8521021578638228,-0.8370153586491877,-0.0007472044343990322
-0.11538281734053343,0.2210201911786862,-0.9496401851655368
-0.04692268677631885,0.6301272704454641,-0.9885417462726815
-0.8251597838998417,-0.5252475499665742,-0.3401823944869363
0.5447053447770064,-0.12319404103198212,-0.9873975827107067
-0.005404930176085455,-0.07381904870668134,-0.8998690702196311
-0.8503354448170043,-0.3009440134030649,1.259739653007888
1.7242071426591672,0.25769875690605254,-0.9824395406088158
-0.8229513925913186,-0.3390332931968684,-0.35353096937664275
-0.8253806230306939,-0.7213368052013402,0.7544007464689985
-0.07739848683393684,0.08700235486715552,-0.8209217844433668
1.138983445900559,0.6668058361728305,-0.886139107475933
0.5427177925993355,0.4721272950045016,-0.9795791317038786
-0.8280306926009215,-0.3898189995886064,-0.11897743917179963
0.4212562706305678,0.2421809021752437,-0.8899529860158492
-0.7085567228098246,5.447715807328383,0.3571852965367315
-0.8105844012635894,-0.3164618681338738,0.5045917021044907
-0.8408393621903552,-0.42226542311666115,-0.16474398165079346
-0.00010479103563009143,0.2548773287731782,-0.8790834321770881
1.0541812196532738,0.40582373388195486,-0.98816035841869
-0.8207430012827955,-0.6931225238725969,1.395132341174911
-0.816767896927454,-0.5393546906309459,0.6800301149406335
0.14520735706518656,-1.0881224624750032,1.8569930323587571
-0.8445936274148445,-0.7904617944567613,1.330296405996337
1.1319165937132851,-0.021622628248506214,-0.9381985495457884
0.8814850193267715,0.3677344540881514,-0.9481146337495704
1.2522739200277915,0.7373415394946887,-0.9059712758834969
0.21940930503156103,0.07712735640209535,-0.98816035841869
-0.8083760099550664,-0.5802653985576237,1.751729984657071
0.2021838528250812,-0.09356904563680164,-0.8630651423094403
0.39762648362937114,-0.26426544767569865,-0.8611582030394822
1.7942131471393479,0.8530200929425362,-0.9391520191807674
-0.8490104100318906,-0.38699757145573205,0.5808692729028135
0.053779956892332274,0.21960947711224904,-0.8518142006166877
-0.6778600836213542,4.423537395095002,1.0957428757914938
-0.845035305676549,-0.7227475192677774,0.2986422609490187
-0.8494520882935951,-0.8073903632540073,0.22236469015069565
-0.8260431404232509,-0.43214042158172133,0.8878864953660636
-0.14917120436093595,4.152680294339065,0.31942789899156154
0.9064398411130818,0.8276272397466673,-0.8813717593010378
-0.8443727882839922,-0.8356046445827506,1.7555438631969873
1.3242674766856428,0.6512879814420216,-0.951356430508499
-0.8189762882359771,-0.5167832655679513,0.2643173540897733
-0.21983972623367362,3.3739661296657504,0.0034480619595086926
-0.8090385273476234,-0.6747832410089137,-0.023630475673895944
-0.8136761490955218,-0.5238368359001371,0.13464548373262414
0.9269778802823461,0.23653804590949504,-0.8609675091124863
3.191020649780177,0.8544308070089734,-0.9854906434407485
0.4071225662560203,-0.07381904870668134,-0.8788927382500923
0.0363336655550002,-1.1163367438037466,-0.6635992946718257
0.7235850407673733,0.6780915487043278,-0.881181065374042
0.9214569020110385,-0.10908690036761047,-0.8134847212905303
1.1734343503135187,0.5765201359208518,-0.971188598916063
0.18849182671223835,-0.04983690957724952,-0.9036829487595472
-0.07806100422649379,-1.1177474578701836,2.14475016819543
1.160625680724085,0.09969878146509001,-0.892050619212803
-0.8459186621999583,-0.4744618435748363,-0.33064769813714595
0.5023042316533638,0.3846630228853974,-0.9477332458955788
0.8571927149330177,0.620252271980404,-0.8245449690562873
-0.8220680360679095,-0.6874796676068482,1.7803340737064424
-0.8147803447497832,-0.8285510742505647,-0.06558313961297361
-0.851439640471266,-0.36160471825986307,1.053790211852416
-0.8373059360967184,-0.5252475499665742,0.05074015585446902
1.175863580752894,0.08982378300002984,-0.9624166782742558
-0.8313432795637061,-0.5732118282254378,1.6582899604291257
-0.12399554344377334,0.5215022873298024,-0.9244685868020902
0.9850585716965025,0.5398415701934856,-0.8560094670105953
-0.8492312491627428,-0.41803328091734965,1.4122947946045339
-0.8189762882359771,-0.7664796553273295,-0.3439962730268524
-0.38480655698034544,-1.1262117422688067,-0.5869403360195111
-0.8346558665264908,-0.6733725269424766,0.8097019852977824
-0.8366434187041615,-0.5365332624980715,0.13273854446266609
1.0038298978189482,0.5102165747983051,-0.9921649308856019
-0.843489431760583,-0.7410868021314605,0.7086342039900045
-0.8412810404520599,-0.6620868144109793,0.4950570057547003
-0.8357600621807523,-0.6508011018794819,0.4454765847357903
-0.8443727882839922,-0.42790827938240983,-0.01600271859406364
1.0822277892715164,0.0037702249473627607,-0.8283588475962034
0.6628542797829894,0.5059844325989936,-0.9092130726424257
-0.8476853752467767,-0.7890510803903241,-0.09228028939238668
-0.8317849578254107,-0.6465689596801705,1.1796482036696487
0.8150124409402275,-0.007515487584134561,-0.8417074224859098
1.1776302937997123,-0.011747629783446057,-0.8628744483824444
-0.8483478926393336,-0.8045689351211329,1.3493657986959178
0.2030672093484904,0.7105379722323826,-0.8844228621329707
0.09132260913722404,3.069251891315323,0.21187652416592612
-0.5290145094269006,3.43885897672186,2.2791893867274746
0.9201318672259249,0.6696272643057047,-0.907878215153455
-0.8134553099646695,-0.8186760757855046,1.4580613370835278
-0.8105844012635894,-0.4490689903789673,0.30817695729880906
-0.8273681752083646,-0.736854659932149,-0.37069342280626544
0.0133663959463605,-1.1135153156708721,1.3648120067825782
-0.8324474752179677,-0.5365332624980715,-0.33827545521697827
0.054442474284889214,0.18716305358419424,-0.8895715981618575
1.184034628594429,0.7937701021521754,-0.9483053276765662
0.4104351532188048,0.43544872927713535,-0.9031108669785598
-0.814559505618931,-0.6705510988096023,1.3722490699354146
0.23177629635929015,0.9686986463903838,-0.9481146337495704
-0.8180929317125679,-0.7721225115930782,0.1155760910330434
0.4077850836485772,0.3338773164936594,-0.959365575442323
2.1848775696170755,0.6385915548440871,-0.9212267900431615
-0.8350975447881953,-0.6888903816732854,1.2959714991370916
-0.8130136317029648,-0.4730511295083991,-0.3115783054375652
2.1237051303709866,0.20691305051431458,-0.9519285122894865
1.7242071426591672,0.47918086533668747,-0.952309900143478
1.6751808556099557,0.02210950781104591,-0.9033015609055556
1.0510894718213415,0.21960947711224904,-0.971188598916063
0.9207943846184818,0.424163016745638,-0.8092894548966226
1.1992725286232384,-0.14717618016141393,-0.9561237786833943
-0.8203013230210908,-0.3305690087982454,0.4492904632757065
-0.8116885969178509,-0.8356046445827506,-0.10944274282200926
-0.05222282591677421,0.620252271980404,-0.8834693924979917
0.35699208355254697,0.8121093850158585,-0.8146288848525052
-0.836201740442457,-0.5943725392219953,-0.13423295333146423
1.321396567984563,-0.15705117862647408,-0.8399911771429476
0.9866044456124684,0.7119486862988198,-0.8640186119444192
-0.11714953038735183,-1.103640317205812,2.713971540277916
-0.8214055186753525,-0.5097296952357654,1.4199225516843663
0.6533581971563405,0.2746273257032985,-0.9275196896340232
-0.0623814259359801,0.432627301144261,-0.916840829722258
0.1330612048683097,-0.1119083285004848,-0.9568865543913776
0.8123623713699998,-0.17115831929084574,-0.8470468524417925
-0.19532658270906778,0.3635023118888399,-0.8968179673876983
1.0314347891754865,0.6258951282461527,-0.9717606806970505
0.04825897862102465,0.5878058484523492,-0.8859484135489372
0.722701684243964,0.19139519578350575,-0.8914785374318156
1.2831913983471142,0.723234398830317,-0.8403725649969391
-0.8470228578542198,-0.47164041544196195,0.5274749733439876
-0.836201740442457,-0.4984439827042681,0.33106022853830575
0.8397464235956859,0.012234509345985753,-0.9694723535731008
0.35279614006635324,0.24359161624168085,-0.8767951050531384
1.0570521283543537,0.38607373695183456,-0.947542551968583
-0.8512188013404137,-0.7580153709287065,0.9336530378450572
-0.8350975447881953,-0.4152118527844753,-0.0903733501224286
0.8651429236437007,0.16600234258763677,-0.9153152783062916
3.3725504153407715,0.7373415394946887,-0.9818674588278283
0.5729727535261014,0.8614843773411592,-0.9885417462726815
-0.8443727882839922,-0.48715827017277075,0.40543086006667073
-0.8430477534988783,-0.5929618251555582,0.8688171026664828
1.1420751937324913,0.6456451251762729,-0.9536447576324488
-0.8183137708434202,-0.3277475806653711,0.3672920746675092
0.4163978097518171,0.5144487169976166,-0.8672604087033481
0.30111978344691376,0.5835737062530377,-0.8630651423094403
0.012924717684655822,-1.0838903202756918,2.0515008378944803
-0.8494520882935951,-0.6832475254075367,1.5286180900719764
-0.8397351665360937,-0.7636582271944552,0.5560790623933585
2.7996937099098926,0.034805934408980395,-0.9849185616597612
-0.01026339105483614,-0.12319404103198212,-0.8764137171991468
0.8576343931947226,0.5722879937215404,-0.8857577196219414
-0.13260826954701307,-1.0754260358770686,1.3794954391612548
0.09021841348296257,0.15330591598970228,-0.8556280791566038
0.9773292021166716,0.44391301367575836,-0.965277087179193
-0.8474645361159244,-0.43496184971459567,1.4370850051139887
-0.8205221621519433,-0.8172653617190675,1.1701135073198585
-0.5842242921399768,-1.0627296092791343,1.1828900004285776
2.0110771736363113,0.5059844325989936,-0.9790070499228911
-0.8236139099838755,-0.36724757452561174,0.4245002527662515
1.5804408684743165,0.2548773287731782,-0.9580307179533524
-0.8313432795637061,-0.4490689903789673,0.8611893455866505
0.17502063973024776,4.821358761830282,-0.6063911165730834
2.21977015229174,0.18575233951775708,-0.9547889211944235
-0.809480205609328,-0.4885689842392079,-0.06176926107305746
1.2390235721766532,0.18998448171706858,-0.9774814985069247
0.3220995008778828,0.4030023057490805,-0.8577257123535577
-0.8437102708914352,-0.3023547274695021,0.20329529745111488
0.32739964001833816,0.16035948632188812,-0.9771001106529331
2.995578018975887,0.39030587915114606,-0.9452542248446333
-0.8165470577966017,-0.6818368113410996,1.0461624547725838
0.33711656177583954,0.1321452049931448,-0.9095944604964172
0.04649226557420625,-0.06676547837449551,-0.9380078556187926
0.9075440367673433,-0.17115831929084574,-0.9372450799108094
-0.8445936274148445,-0.7551939427958322,0.8363991350771954
-0.8158845404040448,-0.4250868512495355,1.7803340737064424
0.5087085664480806,0.32541303209503647,-0.9423938159396962
0.05576750907000294,-0.15422975049359974,-0.9507843487275117
0.051350726452956935,-0.23322973821408102,-0.9627980661282476
-0.837747614358423,-0.667729670676728,1.7803340737064424
-0.8236139099838755,-0.6536225300123563,1.7841479522463586
0.5632558317685997,0.73169868322894,-0.8525769763246708
-0.824718105638137,-0.79610465072251,0.6151941797620589
-0.8256014621615462,-0.4533011325782788,1.2177869890688102
0.2225010528634933,0.44673444180863264,-0.849525873492738
0.6308326058094051,0.20691305051431458,-0.8192055391004046
-0.8143386664880787,-0.5252475499665742,0.5293819126139456
-0.8335516708722291,-0.3009440134030649,-0.02935129348377017
0.4413526315381275,-0.26849758987501016,-0.8621116726744612
-0.814559505618931,-0.5407654046973831,0.46454597743537107
0.7450064364600468,0.5483058545921086,-0.8300750929391656
-0.8280306926009215,-0.36724757452561174,0.36157125685763497
-0.8309016013020015,-0.8017475069882586,0.9641640661643863
-0.8445936274148445,-0.3517297197948029,1.8508908266948911
-0.8198596447593863,-0.8031582210546958,1.583919328900761
-0.35565579170784123,-1.0909438906078774,0.30874903907979645
-0.8150011838806357,-0.7100510926698429,0.537009669693778
-0.8269264969466601,-0.5224261218336999,1.2425771995782655
1.2494030113267116,0.5003415763332449,-0.8499072613467296
2.3116392307262985,0.6005022750502836,-0.9603190450773019
-0.8207430012827955,-0.6832475254075367,1.643034446269461
0.42456885759335233,-0.11896189883267062,-0.8132940273635345
1.7507078383614438,0.0954666392657785,-0.96222598434726
0.9773292021166716,0.7768415333549293,-0.9755745592369666
0.17546231799195228,-1.1064617453386862,1.4077181403566348
2.6228015660971966,0.18010948325200843,-0.9675654143031427
-0.5722989790739524,-1.1050510312722492,0.5423490996496604
-0.03168478674750986,-0.15422975049359974,-0.9191291568462077
0.678533858073503,-0.25862259140995,-0.9076875212264592
-0.8141178273572265,-0.4815154139070221,-0.15139540676108693
2.4035083091608573,0.050323789139789216,-0.9828209284628073
0.3243078921864059,0.19844876611569157,-0.8110057002395848
-0.8233930708530232,-0.7029975223376571,0.5446374267736103
1.229527489550004,0.48905586380174765,-0.8813717593010378
-0.8331099926105247,-0.46317613104333893,0.3291532892683477
-0.8357600621807523,-0.7777653678588268,0.17659814767170182
0.28323181384787716,0.3761987384867744,-0.8209217844433668
-0.8448144665456967,-0.3206940103331853,1.1090914506812002
-0.8503354448170043,-0.6634975284774164,0.7582146250089146
-0.8368642578350137,-0.6691403847431651,1.1491371753503195
-0.8468020187233675,-0.3221047243996224,-0.2715325807684456
-0.8251597838998417,-0.6733725269424766,0.2357132650404022
-0.8359809013116045,-0.7848189381910127,0.3043630787588929
1.1155744980302147,-0.035729768912877866,-0.8087173731156352
-0.632808900927484,3.4247518360574882,2.266603587545751
0.45592801417437967,-0.10344404410186181,-0.978244274214908
0.6685960971851495,0.7345201113618144,-0.897008661314694
-0.8368642578350137,-0.4744618435748363,0.2585965362798991
-0.8324474752179677,-0.5675689719596891,-0.38785587623588813
0.6575541406425343,0.7711986770891807,-0.9637515357632266
-0.8161053795348971,-0.3362118650639941,0.6132872404921008
-0.8231722317221709,-0.5040868389700167,0.35585043904776076
-0.8328891534796722,-0.43496184971459567,1.3245755881864625
0.016458143778292782,0.4693058668716273,-0.9135990329633292
-0.8461395013308106,-0.676193955075351,1.41610867314445
0.7368353886185115,0.6174308438475297,-0.9685188839381218
0.7275601451227149,0.4537880121408185,-0.8630651423094403
-0.09683233034893973,-1.0810688921428173,-0.7520812767978803
-0.816767896927454,-0.5929618251555582,-0.34971709083672664
0.36670900531004846,0.7302879691625029,-0.8213031722973584
1.0091300369594038,-0.22335473974902084,-0.9641329236172181
2.2290453957875362,0.08559164080071835,-0.9532633697784572
-0.8156637012731925,-0.7086403786034057,1.517176454452228
-0.5128932528746823,-1.0740153218106316,1.5087859216644126
-0.02263038238256527,-0.2699083039414473,-0.8573443244995661
0.6948759537565737,0.8882879446034654,-0.975193171382975
-0.8496729274244476,-0.6747832410089137,1.7631716202768195
-0.8353183839190476,-0.5097296952357654,-0.20669664558987114
-0.5080347919959316,-1.0838903202756918,2.770798330522666
-0.8134553099646695,-0.3263368665989339,1.665917717508958
-0.23861105235611957,-1.0655510374120085,2.7542079588740305
2.6267766704525375,0.023520221877483077,-0.9275196896340232
-0.8231722317221709,-0.3192832962667481,1.8337283732652685
2.2104949087959427,0.11662735026233599,-0.9275196896340232
2.1457890434562175,0.3395201727594081,-0.9505936548005159
-0.8205221621519433,-0.6508011018794819,1.824193676915478
1.2443237113171084,0.1406094893917678,-0.8096708427506142
-0.845035305676549,-0.6479796737466076,1.3150408918366723
0.5166587751587636,0.5849844203194748,-0.808908067042631
0.18849182671223835,-0.12319404103198212,-0.9156966661602831
-0.8384101317509799,-0.6634975284774164,0.0755303663639238
1.0429184239798062,0.6470558392427102,-0.8933854767017736
-0.8227305534604662,-0.45189041851184164,-0.3115783054375652
-0.8461395013308106,-0.31787258220031095,1.7212189563377418
-0.8339933491339339,-0.4166225668509125,0.6342635724616397
0.5475762534780863,0.1518952019232651,-0.840563258923935
1.1590798068081187,-0.2614440195428243,-0.875269553637172
-0.546681639895085,3.007180472392087,0.33258577995427224
-0.8187554491051247,-0.7946939366560728,-0.26771870222852945
-0.816767896927454,-0.8200867898519418,0.04501933804459479
0.858738588848984,0.790948674019301,-0.9727141503320296
-0.827589014339217,-0.3460868635290542,-0.37260036207622355
-0.8293557273860355,-0.5548725453617547,1.3417380416160853
-0.8483478926393336,-0.8243189320512533,1.440898883653905
-0.8468020187233675,-0.48715827017277075,0.5827762121727715
-0.817430414320011,-0.30940829780168794,0.17659814767170182
1.6793767990961492,0.47494872313737596,-0.9040643366135388
-0.8384101317509799,-0.8440689289813736,-0.15520928530100309
1.1504670807048787,-0.09497975970323881,-0.9399147948887507
0.9022438976268881,0.5624129952564803,-0.9315242621009352
-0.839956005666946,-0.4081582824522895,-0.35543790864660085
-0.8359809013116045,-0.8243189320512533,-0.2829742163881941
-0.8108052403944417,-0.6479796737466076,1.105277572141284
-0.8417227187137646,-0.506908267102891,0.012601370455307499
-0.1273081304065579,-0.14153332389566525,-0.9742397017479961
-0.5334312920439468,1.9068235005710987,1.0450182912106087
-0.7308614750259074,-1.078247464009943,0.6111896072951469
-0.8452561448074014,-0.7693010834602039,1.587733207440677
-0.15248379132372067,0.3719665962874629,-0.86535346943339
0.8384213888105719,0.034805934408980395,-0.9099758483504089
1.1409709980782299,0.12085949246164748,-0.8234008054943123
0.9389031933483707,0.21537733491293756,-0.8237821933483039
-0.07872352161905072,0.23935947404236937,-0.9012039277086017
-0.8390726491435369,-0.454711846644716,-0.17237173873062575
-0.8147803447497832,-0.513961837435077,1.2959714991370916
-0.851439640471266,-0.5506404031624432,1.5553152398513894
1.257132380906542,0.6146094157146553,-0.8546746095216248
0.7699612582463572,0.9122700837328972,-0.9643236175442139
3.3394245457129257,0.7500379660926232,-0.942584509866692
-0.8152220230114879,-0.40674756838585235,0.670495418590843
0.5550847839270646,-0.035729768912877866,-0.8199683148083878
-0.8127927925721126,-0.5971939673548696,1.4962001224826893
0.8947353671779097,0.5962701328509722,-0.9793884377768828
1.1515712763591404,0.20832376458075172,-0.9315242621009352
0.24016818333167764,0.7161808284981313,-0.916840829722258
-0.08534869554461996,-1.1262117422688067,-0.4238970284380958
-0.8229513925913186,-0.6493903878130448,1.8261006161854363
1.1619507155091986,0.18716305358419424,-0.9570772483183734
0.991242067360367,0.7768415333549293,-0.9115013997663753
3.4851783720754477,0.671037978372142,-0.9666119446681638
-0.27195776111481756,-1.1050510312722492,1.4176342245604165
-0.8320057969562631,-0.4081582824522895,-0.31539218397748137
-0.845697823069106,-0.5703904000925635,0.5884970299826459
1.1414126763399344,0.0672523579370352,-0.9156966661602831
-0.8222888751987617,-0.8186760757855046,1.6296858713797542
0.3192285921768028,0.55253799679142,-0.8146288848525052
-0.8189762882359771,-0.5365332624980715,1.0194653049931708
-0.5464608007642326,-1.1008188890729378,0.5076428049364234
0.34793767918760254,0.8558415210754106,-0.95040296087352
1.4731130508800965,0.4213415886127637,-0.9155059722332873
-0.8273681752083646,-0.7396760880650234,0.7486799286591241
-0.8269264969466601,-0.4970332686378309,1.7841479522463586
2.2425165827695266,0.013645223412422918,-0.9955974215715265
-0.8430477534988783,-0.5929618251555582,1.3798768270152468
-0.84415194915314,-0.6564439581452306,-0.2944158520079425
-0.8408393621903552,-0.5464082609631317,0.9546293698145962
-0.06746072594558321,-0.13447975356347944,-0.9624166782742558
-0.8379684534892753,-0.49139041237208225,1.746009166847197
-0.4360412353380802,-1.110693887537998,0.6964297926622728
0.33799991829924875,-0.2783725883400703,-0.9383892434727842
-0.8339933491339339,-0.5901403970226838,1.4580613370835278
2.0099729779820503,0.1772880551191341,-0.9950253397905389
2.371486635187273,0.5553594249242944,-0.9429658977206836
1.1533379894059586,0.11944877839521031,-0.8075732095536603
-0.8412810404520599,-0.6832475254075367,0.037391580964762486
-0.8306807621711493,-0.6127118220856784,0.537009669693778
0.37399669662817453,0.4678951528051902,-0.9555516969024069
-0.8090385273476234,-0.3658368604591746,0.6876578720204658
2.0958793998835965,0.3437523149587196,-0.9915928491046145
2.690599179268854,0.7486272520261861,-0.9488774094575536
-0.8211846795445003,-0.8483010711806851,-0.15520928530100309
-0.8468020187233675,-0.660676100344542,1.09955675433141
-0.5948245704208875,-1.0655510374120085,2.738380362933379
-0.648046800956293,-1.1276224563352437,2.33944866765815
1.2105353242967056,0.2012701942485659,-0.8304564807931573
0.7854199974060186,-0.2459261648120155,-0.8556280791566038
-0.8256014621615462,-0.3884082855221692,-0.41836690455521736
1.036734928315942,0.13496663312601914,-0.8827066167900084
0.44665277067858283,0.5765201359208518,-0.8213031722973584
0.7648819582367544,0.6724486924385791,-0.9311428742469435
0.6911216885320844,0.6131987016482182,-0.8918599252858073
-0.82979740564774,-0.7862296522574498,0.9965820337536738
-0.8240555882455801,-0.6366939612151102,-0.20478970631991306
-0.8350975447881953,-0.8031582210546958,1.4733168512431924
-0.8090385273476234,-0.6663189566102907,1.3226686489165047
-0.8161053795348971,-0.8003367929218215,1.2616465922778461
-0.8176512534508632,-0.6395153893479846,0.5617998802032328
-0.8487895709010383,-0.3545511479276772,-0.0350721112936444
-0.8403976839286507,-0.3460868635290542,1.5343389078818508
0.3075241182416308,0.5003415763332449,-0.9589841875883315
0.28345265297872946,0.7302879691625029,-0.8813717593010378
-0.20106840011122776,0.7458058238933117,-0.8924320070667946
1.2467529417564838,-0.05689047990943535,-0.8369400743110146
-0.02417625629853141,-1.1022296031393748,0.5829669060997673
0.45173207068818577,0.774020105222055,-0.876223023272151
1.4711254987024256,0.0037702249473627607,-0.9265662199990442
0.4234646619390909,0.5271451435955511,-0.9387706313267757
-0.8509979622095613,-0.7890510803903241,1.0919289972515775
0.7498648973387976,0.27321661163686134,-0.9854906434407485
-0.8227305534604662,-0.7340332317992747,0.09078588052358841
1.0239262587265079,0.3437523149587196,-0.8714556750972557
-0.822509714329614,-0.6846582394739739,1.313133952566714
-0.8370850969658662,-0.8426582149149364,1.795589587866107
-0.8509979622095613,-0.4857475561063336,0.16324957278199528
1.3059378288249017,0.040448790674729056,-0.9368636920568177
-0.8260431404232509,-0.5111404093022026,0.641891329541472
-0.8278098534700693,-0.5210154077672627,1.0881151187116616
-0.8311224404328539,-0.4829261279734593,1.1109983899511584
-0.8178720925817156,-0.5153725515015141,1.254018835198014
0.32408705305555363,0.3098951773642276,-0.8552466913026122
-0.8386309708818322,-0.7650689412608923,0.2414340828502764
-0.839956005666946,-0.7354439458657118,0.7772840177084953
-0.8240555882455801,-0.3319797228646826,0.2891075645992283
1.123966385002602,-0.10203333003542464,-0.8834693924979917
1.138320928508002,-0.22758688194833235,-0.8857577196219414
-0.8260431404232509,-0.44201542004678146,0.8135158638376986
1.1135869458525438,0.1688237707205111,-0.9515471244354949
0.34131250526203327,-0.1880868880880917,-0.9145525025983082
-0.46828374844251675,-1.0669617514784457,2.6550471168362106
-0.8293557273860355,-0.37853328705710904,0.800167288947992
-0.8421643969754691,-0.29389044307087914,1.3932254019049533
0.12290260484910363,-1.1276224563352437,2.7219806852117396
0.330270548719418,-0.2007833146860262,-0.9399147948887507
1.1308123980590237,0.28168089603548435,-0.8907157617238323
-0.8178720925817156,-0.31364044000099944,1.1205330863009486
-0.02550129108364529,0.25628804283961537,-0.8638279180174234
1.2045726677636936,0.041859504741166224,-0.8481910160037672
-0.8112469186561464,-0.6945332379390341,1.0118375479133386
-0.8454769839382537,-0.6804260972746624,1.1396024790005292
-0.8492312491627428,-0.43496184971459567,0.004973613375475196
-0.8169887360583064,-0.35878329012698873,0.8363991350771954
-0.8222888751987617,-0.29953329933662776,0.9889542766738415
0.6646209928298078,0.48482372160243614,-0.897962130949673
-0.8350975447881953,-0.5097296952357654,1.126253904110823
-0.5385105920535497,2.9888411895284044,-0.7345374355142661
-0.8125719534412603,-0.4166225668509125,-0.07321089669280592
0.6003568057517872,-0.21630116941683503,-0.8476189342227799
-0.8494520882935951,-0.5464082609631317,1.1720204465898165
-0.8161053795348971,-0.5591046875610662,0.7868187140582857
1.6422758251129619,0.11944877839521031,-0.9258034442910609
-0.12178715213525025,-0.045604767377938026,-0.9116920936933711
0.34042914873862407,0.42698444487851234,-0.95040296087352
0.1520533701216079,2.466876984946653,1.6809825377416268
-0.10875764341496419,-0.11614047069979629,-0.9340032831518806
-0.8503354448170043,-0.6705510988096023,1.7135911992579096
0.9866044456124684,0.671037978372142,-0.9298080167579729
0.17877490495473683,0.40582373388195486,-0.9216081778971531
1.0524145066064554,-0.06817619244093268,-0.8737440022212055
-0.808817688216771,-0.7227475192677774,1.4523405192736534
-0.8271473360775123,-0.5957832532884325,0.7620285035488307
-0.8189762882359771,-0.7721225115930782,0.22427162942065373
2.260846230630268,0.6738594065050163,-0.9383892434727842
-0.8300182447785924,-0.6423368174808589,-0.29060197346802635
-0.8443727882839922,-0.8045689351211329,0.10222751614333686
-0.8152220230114879,-0.48715827017277075,0.5770553943628973
-0.8092593664784756,-0.47164041544196195,-0.2257660382894518
-0.8353183839190476,-0.4406047059803443,0.0526470951244271
1.2920249635812062,0.6329486985783385,-0.8338889714790817
-0.816767896927454,-0.8102117913868816,0.11748303030300147
1.2887123766184219,0.7542701082919347,-0.984155785951778
0.8998146671875128,0.5990915609838465,-0.8283588475962034
-0.13481666085553617,0.5990915609838465,-0.8293123172311823
-0.8183137708434202,-0.29812258527019064,1.4103878553345757
0.1809832962632599,0.603323703183158,-0.9603190450773019
0.7295476973003854,0.4481451558750698,-0.9006318459276144
-0.814559505618931,-0.42226542311666115,-0.07893171450268015
-0.8191971273668294,-0.49985469677070526,-0.08465253231255437
-0.8470228578542198,-0.40251542618654085,0.3825475888271738
0.3203327878310644,-0.18385474588878023,-0.8508607309817086
-0.6440716966009515,5.497090799653684,2.516221937983263
0.8757432019246114,0.424163016745638,-0.9021573973435808
0.630611766678553,-0.1076761863011733,-0.8939575584827611
3.3820464979674205,0.1321452049931448,-0.9698537414270924
-0.8476853752467767,-0.44342613411321863,0.15180793716224683
2.49383151367945,0.2379487599759322,-0.9103572362044006
-0.8211846795445003,-0.7608367990615809,0.6762162364007173
0.08469743521165495,0.8022343865507984,-0.8655441633603858
0.41993123584545394,0.7359308254282516,-0.9755745592369666
-0.8337725100030814,-0.6113011080192413,0.14799405862233067
-0.809480205609328,-0.39264042772148067,1.5305250293419348
1.0835528240566303,0.030573792209668903,-0.816917211976455
-0.817430414320011,-0.31364044000099944,0.7162619610698369
-0.8227305534604662,-0.4335511356481585,1.418015612414408
-0.8116885969178509,-0.5591046875610662,1.181555142939607
2.8023437794801205,0.5356094279941741,-0.9053991941025096
-0.8373059360967184,-0.49139041237208225,0.9203044629553508
-0.8333308317413769,-0.7015868082712199,0.8325852565372793
-0.8373059360967184,-0.4250868512495355,0.19757447964124067
-0.8335516708722291,-0.608479679886367,1.0957428757914938
0.2079256702272411,0.5045737185325564,-0.8460933828068135
-0.8432685926297308,-0.3813547151899834,0.31580471437864116
-0.8426060752371738,-0.6790153832082253,0.37301289247738345
2.524307313737068,0.8487879507432248,-0.9845371738057695
-0.8269264969466601,-0.7453189443307721,0.12129690884291762
0.13571127443853745,0.4142880182805779,-0.8209217844433668
0.20196301369422895,0.46366301060587867,-0.87717649290713
0.6566707841191248,0.36209159782240274,-0.9608911268582896
-0.47027130062018746,3.8536089122543866,-0.13385156547747268
1.2081060938573305,0.3451630290251568,-0.9095944604964172
-0.8244972665072847,-0.6028368236206183,0.6952856291002981
2.6888324662220353,0.270395183503987,-0.9902579916156439
-0.8156637012731925,-0.3559618619941144,0.1785050869416599
-0.8419435578446168,-0.5873189688898095,1.3093200740267978
3.0457085016793597,0.6851451190365137,-0.9866348070027234
-0.8331099926105247,-0.8172653617190675,1.7593577417369033
1.6318963859629037,0.483413007535999,-0.9631794539822391
-0.8251597838998417,-0.7693010834602039,0.7791909569784534
-0.8141178273572265,-0.5224261218336999,-0.16665092092075154
-0.8333308317413769,-0.45612256071115315,-0.010281900784189411
0.29869055300753844,-0.1725690333572829,-0.9521192062164823
1.1652633024719832,0.03339522034254323,-0.8701208176082852
-0.8236139099838755,-0.36865828859204886,1.4027600982547435
0.10214372654898703,0.6357701267112128,-0.8569629366455744
-0.8366434187041615,-0.395461855854355,-0.31539218397748137
1.4991720683206686,0.2746273257032985,-0.9702351292810841
1.241011124354324,0.491877291934622,-0.9852999495137528
2.6417937313504942,0.8981629430685256,-0.9498308790925326
-0.13039987823849017,0.5553594249242944,-0.9736676199670085
-0.8470228578542198,-0.7735332256595153,1.2254147461486427
-0.8176512534508632,-0.8511224993135594,0.487429248674868
1.6341047772714268,0.6893772612358251,-0.9164594418682663
-0.8333308317413769,-0.6874796676068482,1.131974721920697
-0.006509125830347074,-0.06535476430805834,-0.9631794539822391
-0.8209638404136478,-0.3446761494626171,1.6888009887484547
1.1972849764455675,0.270395183503987,-0.9685188839381218
3.0728717147741937,0.6653951221063933,-0.9412496523777213
0.9159359237397308,-0.055479765842998185,-0.8502886492007211
-0.817430414320011,-0.5266582640330114,1.2769021064375108
0.06835533952858433,-0.11049761443404763,-0.8354145228950483
-0.8150011838806357,-0.34326543539617993,1.6621038389690417
-0.8443727882839922,-0.5873189688898095,1.67354547458879
-0.850777123078709,-0.42226542311666115,-0.34971709083672664
-0.8503354448170043,-0.608479679886367,0.0679026092840917
-0.8472436969850722,-0.787640366323887,0.40161698152675457
1.3216174071154152,0.11521663619589882,-0.953454063705453
-0.8375267752275707,-0.8440689289813736,0.06218179147421748
-0.8432685926297308,-0.8440689289813736,0.5236610948040714
0.8161166365944891,-0.19090831622096605,-0.9687095778651177
-0.82979740564774,-0.2967118712037535,0.8554685277767763
-0.8448144665456967,-0.4772832717077106,0.04311239877463671
-0.8476853752467767,-0.5971939673548696,0.33868798561813807
-0.15226295219286826,-1.0627296092791343,1.8627138501686311
0.27594412252975115,0.1236809205945218,-0.8289309293771907
-0.8481270535084814,-0.8483010711806851,1.5953609645205094
-0.8498937665552998,-0.6903010957397225,1.6354066891896286
1.8034883906351449,0.5863951343859121,-0.9694723535731008
3.389775867547252,0.16035948632188812,-0.9311428742469435
2.981665153732192,0.09405592519934135,-0.92084540218917
-0.8242764273764324,-0.829961788317002,-0.20860358485982922
-0.843489431760583,-0.7509618005965207,-0.056048443263183235
1.0301097543903726,0.5102165747983051,-0.814819578779501
1.6142292554947193,0.9743415026561325,-0.9641329236172181
-0.8291348882551832,-0.8017475069882586,0.4778945523250776
-0.8227305534604662,-0.5210154077672627,1.543873604231641
0.11473155700756842,0.21960947711224904,-0.8186334573194171
-0.8123511143104079,-0.5718011141590007,0.5751484550929393
-0.8518813187329705,-0.48433684203989646,0.3215255321885154
-0.8364225795733092,-0.7312118036664004,0.49696394502465835
0.34307921830885185,0.21537733491293756,-0.8497165674197338
0.3190077530459505,0.7570915364248091,-0.8302657868661615
-0.8423852361063213,-0.5619261156939406,1.6563830211591672
-0.8379684534892753,-0.5703904000925635,0.8802587382862312
-0.8395143274052415,-0.6028368236206183,-0.17999949581045807
-0.8189762882359771,-0.5125511233686397,0.3043630787588929
0.029266813367726435,2.2369305921173956,-0.5600524923131023
0.3892345966569835,0.5285558576619882,-0.8243542751292914
0.7774697886953357,-0.1528190364271626,-0.9279010774880148
-0.8401768447977984,-0.7086403786034057,0.7963534104080758
2.1585977130456513,0.7951808162186125,-0.9488774094575536
0.7626735669282312,-0.1725690333572829,-0.836558686457023
-0.8373059360967184,-0.79610465072251,1.3245755881864625
-0.8264848186849554,-0.36160471825986307,0.3444088034280123
2.342115030783917,0.5736987077879776,-0.9807232952658534
0.11561491353097761,-1.120568886003058,2.373964268444391
-0.8322266360871154,-0.71146180673628,-0.14758152822117077
0.1427781266258112,-0.03149762671356637,-0.9465890823336038
2.9708440363204285,0.4142880182805779,-0.9095944604964172
-0.8406185230595029,-0.29389044307087914,0.30054920021897674
-0.8200804838902386,-0.7495510865300835,1.7364744704974064
0.2971446790915723,-0.14999760829428826,-0.892050619212803
0.2584978311924189,0.12650234872739613,-0.9448728369906417
1.2304108460734133,0.3451630290251568,-0.9256127503640651
0.49236647076501,0.6230737001132783,-0.8798462078850713
-0.8516604796021182,-0.7029975223376571,-0.22195215974953575
-0.6513593879190775,5.267144406824427,-0.9408682645237296
0.2463516789955422,0.37478802442033726,-0.8514328127626961
-0.8114677577869986,-0.4815154139070221,1.583919328900761
-0.8494520882935951,-0.5224261218336999,1.2883437420572592
0.7823282495740863,-0.09639047376967598,-0.9721420685510422
0.4793369620447239,0.6541094095748959,-0.9065433576644844
-0.8406185230595029,-0.40674756838585235,-0.42408772236509157
-0.5734031747282139,-1.093765318740752,0.05741444329932218
-0.8108052403944417,-0.8158546476526303,1.336017223806211
-0.8505562839478568,-0.7678903693937666,0.35394349977780265
0.6149321883880392,0.4876451497353105,-0.9750024774559792
-0.8112469186561464,-0.8116225054533188,1.4122947946045339
-0.8273681752083646,-0.41239042465160103,-0.07893171450268015
-0.8134553099646695,-0.3503190057283657,1.5781985110908865
0.43671500979022904,0.015055937478860084,-0.8087173731156352
-0.8302390839094447,-0.6592653862781049,1.023279183533087
-0.8267056578158078,-0.7326225177328375,0.05074015585446902
1.1922056764359645,0.5468951405256715,-0.93857993739978
-0.809480205609328,-0.7819975100581383,0.3844545280971319
0.18738763105797673,2.8759840642134313,-0.7219516363325427
0.5248298230002988,0.3437523149587196,-0.830647174720153
-0.8395143274052415,-0.8243189320512533,1.0614179689322485
-0.4841841658638827,2.633341244786239,1.7416232065262935
0.499654162083136,0.5624129952564803,-0.8426608921208888
-0.8209638404136478,-0.7467296583972092,1.6678246567789157
0.9223402585344478,0.46507372467231584,-0.8453306070988301
-0.8097010447401802,-0.7340332317992747,-0.05032762545330901
0.9609871064336012,-0.20642617095177487,-0.9833930102437947
-0.8412810404520599,-0.79610465072251,0.9145836451454764
1.6482384816459743,0.21960947711224904,-0.9824395406088158
-0.8485687317701859,-0.79610465072251,0.43022107057612574
-0.8342141882647861,-0.44624756224609297,0.5904039692526039
-0.8395143274052415,-0.5619261156939406,1.3264825274564207
1.241894480877733,0.5341987139277369,-0.8237821933483039
-0.8191971273668294,-0.6239975346171758,-0.19144113143020652
-0.7209237141375536,-1.0979974609400633,0.9904798280898078
-0.03345149979432826,-0.19090831622096605,-0.8079545974076519
-0.8304599230402969,-0.3799440011235462,0.1861328440214922
0.1494033005513803,-0.241694022612704,-0.9477332458955788
-0.8216263578062047,-0.45047970444540447,1.8089381627558134
-0.04493513459864803,0.02210950781104591,-0.8312192565011404
2.6592400226878263,0.8233950975473558,-0.9082596030074466
-0.8180929317125679,-0.44624756224609297,1.4847584868629409
0.9408907455260415,-0.224765453815458,-0.9603190450773019
-0.5775991182144078,-1.078247464009943,-0.9338125892248847
0.28212761819361554,0.7387522535611258,-0.8335075836250901
-0.8492312491627428,-0.5337118343651972,-0.20478970631991306
-0.23485678713163036,5.621233637500155,1.9008526355677926
-0.8350975447881953,-0.7156939489355916,0.7830048355183695
0.30332817475543683,-0.006104773517697396,-0.9685188839381218
-0.8236139099838755,-0.3192832962667481,-0.24292849171907446
-0.3684644612972749,-1.1092831734715607,-0.02763504814080788
-0.84415194915314,-0.4702297013755248,0.2929214431391445
-0.8359809013116045,-0.429318993448847,1.6849871102085388
-0.8490104100318906,-0.42790827938240983,0.9908612159437994
-0.8154428621423402,-0.8088010773204445,1.7116842599879518
-0.8141178273572265,-0.8102117913868816,0.2585965362798991
-0.8384101317509799,-0.6211761064843014,1.7326605919574904
-0.3408595699407368,4.952555170008939,1.9109594136985708
-0.8465811795925152,-0.6127118220856784,0.2414340828502764
-0.8331099926105247,-0.8398367867820621,0.38636146736709
1.280320489646034,0.34657374309159394,-0.8981528248766688
-0.8172095751891586,-0.591551111089121,0.6209149975719331
-0.8516604796021182,-0.6903010957397225,-0.14186071041129655
2.751329940253238,0.5158594310640537,-0.9279010774880148
0.7374979060110683,0.7867165318199895,-0.9074968272994635
-0.8163262186657494,-0.6155332502185528,0.05074015585446902
-0.8105844012635894,-0.39264042772148067,-0.22004522047957767
-0.1783219696334403,0.5341987139277369,-0.9073061333724677
0.7118805668322011,0.35362731342377973,-0.922752341459128
1.0358515717925325,0.14766305972395363,-0.9627980661282476
1.2814246853002957,0.5581808530571687,-0.823591499421308
3.3405287413671876,0.24500233030811802,-0.9934997883745726
-0.8503354448170043,-0.8327832164498763,0.2662242933597314
-0.8220680360679095,-0.8454796430478108,1.5724776932810123
0.9748999716772963,0.11803806432877315,-0.9568865543913776
-0.12311218692036398,0.5638237093229174,-0.8445678313908469
-0.8284723708626263,-0.8440689289813736,0.5198472162641553
-0.07850268248819846,0.774020105222055,-0.8758416354181594
-0.06635653029132159,-1.0909438906078774,2.497343239210678
-0.8317849578254107,-0.6465689596801705,0.1232038481128757
0.9961005282391178,0.7613236786241205,-0.9248499746560819
1.1712259590049954,0.7260558269631914,-0.9328591195899057
-0.8097010447401802,-0.8271403601841276,0.9546293698145962
0.18473756148774914,-0.030086912647129208,-0.9713792928430589
1.2655242678789298,0.7133594003652569,-0.86535346943339
-0.8273681752083646,-0.4744618435748363,0.43403494911604185
1.486584237862087,0.7881272458864267,-0.933621895297889
-0.8123511143104079,-0.4490689903789673,0.4473835240057484
-0.47115465714359667,-1.0895331765414404,2.024422300261076
0.8139082452859661,0.5412522842599228,-0.8457119949528218
-0.8242764273764324,-0.5224261218336999,1.1472302360803617
0.5848980665921257,-0.250158307011327,-0.9151245843792957
-0.8194179664976816,-0.6663189566102907,0.9832334588639671
1.0853195371034488,0.43544872927713535,-0.8987249066576563
1.0404891935404308,-0.21206902721752352,-0.8865204953299246
-0.837747614358423,-0.5929618251555582,0.6895648112904238
-0.06746072594558321,-0.19231903028740321,-0.9353381406408513
-0.8306807621711493,-0.6508011018794819,1.4046670375247017
1.328905098433541,0.0630202157377237,-0.9254220564370692
-0.8392934882743891,-0.44624756224609297,1.4504335800036956
-0.8269264969466601,-0.4011047121201037,0.744866050119208
0.9603245890410442,0.841734380411039,-0.8104336184585974
-0.8114677577869986,-0.3065868696688136,0.12129690884291762
-0.8426060752371738,-0.35737257606055156,0.3520365605078446
1.162834072032608,0.9136807977993344,-0.9607004329312938
1.7014607121813798,0.35785945562309124,-0.9914021551776188
-0.8183137708434202,-0.633872533082236,0.4473835240057484
0.34948355310356866,0.15612734412257662,-0.943537979501671
-0.8430477534988783,-0.38699757145573205,0.9279322200351832
-0.8209638404136478,-0.41803328091734965,0.5484513053135264
-0.824718105638137,-0.6663189566102907,1.3875045840950788
1.6447050555523373,0.2012701942485659,-0.9055898880295054
-0.018434438896371527,0.27180589757042417,-0.9221802596781405
0.7836532843592002,-0.004694059451260231,-0.9696630475000966
2.6656443574825435,0.885466516470591,-0.9790070499228911
0.7902784582847693,0.5483058545921086,-0.8718370629512474
2.6581358270335653,0.8473772366767877,-0.9780535802879122
-0.8397351665360937,-0.7946939366560728,1.3989462197148272
-0.8293557273860355,-0.5294796921658858,1.3055061954868818
-0.8108052403944417,-0.779176081925264,0.9984889730236317
0.0003368872260744307,-1.112104601604435,0.09078588052358841
-0.8430477534988783,-0.46599755917621327,0.27766592897947984
1.2754620287672833,-0.22758688194833235,-0.8981528248766688
-0.7597914011675594,-1.1248010282023695,2.5509282326965
0.509812762102342,0.1885737676506314,-0.9353381406408513
1.0466726892042955,0.08277021266784401,-0.9519285122894865
-0.7445535011387503,-1.1276224563352437,-0.8193962330274004
0.4490820011179582,0.47071658093806445,-0.9204640143351783
-0.16043400003440364,0.6470558392427102,-0.8666883269223605
-0.8410602013212076,-0.5449975468966946,1.002302851563548
0.41396857931244174,0.44673444180863264,-0.8159637423414757
0.2443641268178714,0.08982378300002984,-0.8521955884706792
0.36957991401112833,0.0757166423356582,-0.8922413131397988
-0.8227305534604662,-0.42226542311666115,0.03357770242484633
-0.762441470737787,-1.0881224624750032,1.2048198020330956
-0.8121302751795556,-0.7834082241245754,0.46835985597528723
-0.8315641186945585,-0.6028368236206183,1.665917717508958
-0.029697234569839037,-0.27978330240650745,-0.8396097892889559
3.207141906332395,0.06443092980416087,-0.9368636920568177
-0.038309960673078944,-1.1163367438037466,-0.33217324955311234
0.6628542797829894,0.30566303516491616,-0.8489537917117506
-0.8205221621519433,-0.8313725023834391,1.0976498150614518
-0.8092593664784756,-0.39828328398722934,-0.39548363331572045
-0.5736240138590663,-1.1304438844681182,1.6834615587925719
-0.8490104100318906,-0.42226542311666115,0.5255680340740295
0.983291858649684,0.5920379906516607,-0.9040643366135388
-0.8320057969562631,-0.5040868389700167,-0.023630475673895944
0.7807823756581204,0.9179129399986459,-0.9036829487595472
-0.82979740564774,-0.8398367867820621,1.7383814097673649
0.6407703666977589,0.5271451435955511,-0.8975807430956815
-0.8395143274052415,-0.5238368359001371,0.4893361879448261
-0.842826914368026,-0.44342613411321863,1.1605788109700679
-0.8476853752467767,-0.5971939673548696,1.8604255230446816
0.7242475581599302,-0.19090831622096605,-0.8125312516555513
-0.8468020187233675,-0.43214042158172133,-0.3439962730268524
-0.8317849578254107,-0.6959439520054712,1.6258719928398382
-0.8130136317029648,-0.4250868512495355,1.286436802787301
-0.822509714329614,-0.5294796921658858,0.956536309084554
2.672932048800669,0.6329486985783385,-0.912836257255346
-0.8249389447689893,-0.6381046752815475,-0.12088437844175771
-0.8417227187137646,-0.8483010711806851,1.3455519201560016
0.08756834391273496,-0.1528190364271626,-0.9046364183945264
0.31282425738208597,0.7091272581659455,-0.9286638531959981
1.2233439938861395,0.12650234872739613,-0.8737440022212055
-0.1489503652300837,2.6093591056568073,1.5185113119411988
0.17943742234729376,-0.13730118169635377,-0.94449144913665
0.2255928006954256,0.295788036699856,-0.8537211398866457
0.39541809232084807,0.6230737001132783,-0.8481910160037672
0.17965826147814604,-0.22053331161614653,-0.9092130726424257
-0.8309016013020015,-0.5153725515015141,-0.07321089669280592
-0.8503354448170043,-0.3122297259345623,1.7174050777978258
-0.8256014621615462,-0.6479796737466076,1.6068026001402578
-0.8364225795733092,-0.6705510988096023,1.2158800497988524
-0.8103635621327372,-0.6197653924178643,0.9813265195940093
-0.0029756997367101127,0.3931273072840204,-0.9580307179533524
-0.8172095751891586,-0.6183546783514271,0.973698762514177
0.8938520106545003,-0.23322973821408102,-0.9454449187716291
-0.8459186621999583,-0.7721225115930782,1.4313641873041147
-0.8337725100030814,-0.7015868082712199,0.8097019852977824
0.5882106535549104,0.02210950781104591,-0.8439957496098596
-0.8253806230306939,-0.6225868205507387,0.6457052080813881
-0.8359809013116045,-0.3855868573892949,1.7040565029081194
-0.8412810404520599,-0.6324618190157988,1.6354066891896286
-0.8158845404040448,-0.5167832655679513,-0.2543701273388229
-0.8085968490859188,-0.728390375533526,-0.3211130017873556
-0.808817688216771,-0.5238368359001371,1.177741264399691
-0.32893425687471234,2.7081090903074085,1.6989077668792323
3.2979067891126923,0.6653951221063933,-0.9812953770468408
-0.8309016013020015,-0.770711797526641,-0.2486493095289487
-0.851439640471266,-0.39405114178791784,1.053790211852416
1.9569715865774968,0.6780915487043278,-0.9584121058073439
-0.8194179664976816,-0.574622542291875,-0.2543701273388229
0.11318568309160226,-1.086711748408566,1.5860169620977145
-0.8183137708434202,-0.8398367867820621,-0.3668795442663493
-0.05332702157103568,0.3282344602279108,-0.9612725147122811
2.089033386827175,0.8600736632747221,-0.9759559470909583
-0.8260431404232509,-0.395461855854355,-0.1456745889512127
0.04494639165824011,-1.1050510312722492,-0.580075354647662
0.7229225233748163,0.4678951528051902,-0.8943389463367527
-0.8090385273476234,-0.3263368665989339,1.7803340737064424
-0.8178720925817156,-0.5929618251555582,-0.30204360908777483
-0.8178720925817156,-0.7001760942047828,0.64379826881143
1.4556667595427644,0.7105379722323826,-0.9437286734286667
0.6939925972331643,0.07289521420278386,-0.9412496523777213
2.049724021535465,0.46507372467231584,-0.9687095778651177
-0.8454769839382537,-0.2910690149380048,-0.046513746913392856
-0.8373059360967184,-0.7650689412608923,1.845170008885017
-0.8180929317125679,-0.6296403908829245,1.2006245356391878
3.217300506351602,0.5045737185325564,-0.9397241009617548
-0.8485687317701859,-0.6550332440787935,0.9679779447043025
-0.8472436969850722,-0.45612256071115315,-0.17999949581045807
-0.8344350273956384,-0.7890510803903241,0.7791909569784534
0.20660063544212737,-0.1528190364271626,-0.9401054888157465
1.6917437904238783,0.016466651545297247,-0.9069247455184759
-0.7361616141663627,4.786090910169353,2.3796850862542653
0.9495034716292814,0.5680558515222289,-0.9052085001755137
-0.8474645361159244,-0.5167832655679513,1.6830801709385803
-0.11803288691076104,-0.07664047683955566,-0.9439193673556626
-0.8123511143104079,-0.7749439397259525,0.3844545280971319
-0.8205221621519433,-0.37712257299067187,-0.27343952003840366
1.1637174285560172,0.6230737001132783,-0.9053991941025096
0.6730128798021953,-0.1852654599552174,-0.8264519083262453
-0.2085769305602061,0.10816306586371299,-0.8724091447322349
0.8293669844456275,0.45802015434013,-0.9626073722012518
-0.8468020187233675,-0.3884082855221692,1.4695029727032762
-0.843489431760583,-0.7551939427958322,1.824193676915478
1.1500254024431742,0.483413007535999,-0.8281681536692075
0.08977673522125788,4.848162329092588,2.6882278601334817
-0.8472436969850722,-0.34185472132974276,1.5572221791213479
-0.8430477534988783,-0.46176541697690177,1.643034446269461
0.09242680479148566,-1.1008188890729378,1.355658698286779
-0.8262639795541031,-0.36160471825986307,0.16706345132191144
-0.808817688216771,-0.4589439888440275,-0.18762725289029036
-0.8384101317509799,-0.591551111089121,0.40543086006667073
0.11362736135330695,0.5341987139277369,-0.9120734815473627
-0.8147803447497832,-0.46035470291046465,1.5000140010226055
1.2829705592162617,0.45519872620725566,-0.9620352904202643
-0.1156036564713857,0.7190022566310056,-0.9641329236172181
-0.8479062143776289,-0.6296403908829245,-0.0674900788829317
-0.8465811795925152,-0.4053368543194152,1.5629429969312219
-0.8432685926297308,-0.5097296952357654,1.5019209402925633
-0.8509979622095613,-0.43496184971459567,0.15943569424207915
0.4243480184625001,0.34234160089228244,-0.9809139891928492
0.8878893541214882,0.35362731342377973,-0.8785113503961007
1.3278009027792796,0.054555931339100715,-0.9063526637374886
1.110053519758907,0.7034844019001968,-0.8933854767017736
-0.8481270535084814,-0.47587255764127345,-0.02935129348377017
-0.8368642578350137,-0.3305690087982454,0.35585043904776076
-0.09307806512445051,0.20832376458075172,-0.9578400240263565
1.1372167328537406,0.42698444487851234,-0.8234008054943123
-0.8331099926105247,-0.736854659932149,1.4275503087641985
-0.8209638404136478,-0.5464082609631317,1.648755264079335
-0.8509979622095613,-0.8398367867820621,1.126253904110823
0.6284033753700298,0.8403236663446018,-0.830647174720153
0.714751475533281,0.7711986770891807,-0.8270239901072327
0.8532176105776764,-0.041372625178626526,-0.9717606806970505
-0.8125719534412603,-0.3503190057283657,1.847076948154975
-0.8350975447881953,-0.7072296645369686,-0.22195215974953575
-0.8337725100030814,-0.3305690087982454,0.6209149975719331
1.3218382462462677,-0.09497975970323881,-0.8085266791886394
-0.8350975447881953,-0.4970332686378309,1.8337283732652685
2.356248735158464,0.3155380336299763,-0.9139804208173208
1.0259138109041788,-0.21489045535039786,-0.9092130726424257
1.1475961720037988,-0.26849758987501016,-0.9271383017800315
-0.8315641186945585,-0.7777653678588268,0.28338674678935405
1.0588188414011723,0.25628804283961537,-0.8634465301634319
-0.8280306926009215,-0.2910690149380048,1.3989462197148272
-0.1531463087162776,0.42275230267920083,-0.9608911268582896
-0.8412810404520599,-0.5986046814213069,1.4752237905131502
-0.8233930708530232,-0.5379439765645088,1.4485266407337372
-0.37420627869943485,2.830841214087442,2.693567290089364
0.749423219077093,0.6089665594489067,-0.8592512637695242
0.9589995542559303,0.13778806125889345,-0.8312192565011404
-0.8284723708626263,-0.39122971365504355,0.6952856291002981
0.06062596994875378,-1.0895331765414404,1.570570754011054
-0.82979740564774,-0.7636582271944552,0.3177116536485992
0.7264559494684532,0.5835737062530377,-0.8674511026303439
-0.8163262186657494,-0.429318993448847,-0.14758152822117077
-0.8498937665552998,-0.7128725208027172,1.3207617096465463
-0.8333308317413769,-0.7566046568622693,1.1033706328713262
-0.8357600621807523,-0.4448368481796558,0.9889542766738415
-0.8470228578542198,-0.7664796553273295,-0.26962564149848756
-0.8390726491435369,-0.5294796921658858,1.6239650535698802
1.0634564631490706,-0.039961911112189365,-0.8077639034806561
-0.8339933491339339,-0.7551939427958322,-0.12660519625163194
-0.8448144665456967,-0.7523725146629578,0.7639354428187888
-0.8156637012731925,-0.8426582149149364,0.5103125199143649
-0.8242764273764324,-0.7185153770684659,1.383690705555163
1.123083028479193,0.8022343865507984,-0.9921649308856019
0.05488415254659374,0.08418092673428118,-0.95040296087352
0.27815251383827405,0.06584164387059803,-0.9103572362044006
2.1597019086999123,0.5045737185325564,-0.9454449187716291
-0.822509714329614,-0.45047970444540447,0.6971925683702561
-0.8180929317125679,-0.45612256071115315,0.014508309725265576
1.3191881766760398,0.6089665594489067,-0.8626837544554486
-0.8136761490955218,-0.37712257299067187,0.6895648112904238
0.5749603057037719,0.07148450013634669,-0.948496021603562
0.6997344146353244,-0.2868368727386933,-0.8123405577285555
0.062392682995572185,0.7105379722323826,-0.9092130726424257
0.6542415536797495,0.7486272520261861,-0.8842321682059749
-0.11273274777030567,0.03339522034254323,-0.8399911771429476
0.2207343398166749,0.63718084077765,-0.9559330847563985
-0.10434086079791818,0.4989308622668078,-0.9101665422774047
-0.8176512534508632,-0.5181939796343884,0.7963534104080758
0.6416537232211683,0.7063058300330711,-0.8119591698745638
-0.8132344708338171,-0.6493903878130448,1.8508908266948911
-0.8472436969850722,-0.549229689096006,0.8611893455866505
1.5702822684551108,0.8727700898726566,-0.9818674588278283
-0.8125719534412603,-0.7678903693937666,0.02213606680509788
-0.8152220230114879,-0.5605154016275034,-0.14948846749112885
-0.8114677577869986,-0.3460868635290542,0.046926277314552865
0.9446450107505306,0.5666451374557917,-0.8335075836250901
-0.816767896927454,-0.6804260972746624,1.8394491910751425
-0.1540296652396868,0.7881272458864267,-0.8802275957390628
0.609632049247584,-0.25439044921063847,-0.8470468524417925
-0.2282316132060612,2.0944484714072416,0.9851403981339254
0.5681142926473505,0.6865558331029508,-0.9885417462726815
-0.09418226077871213,0.38184159475252305,-0.8317913382821278
0.11230232656819307,3.7703767823345937,2.110043873482193
0.19997546151655812,-1.1135153156708721,2.6800280212726615
0.6275200188466208,-0.09780118783611313,-0.875269553637172
-0.8196388056285341,-0.8045689351211329,1.7288467134175742
0.2810234225393541,0.5341987139277369,-0.95040296087352
2.848057479566547,0.012234509345985753,-0.9532633697784572
-0.8370850969658662,-0.46035470291046465,1.719312017067784
0.9930087804071854,0.15048448785682794,-0.9748117835289835
-0.13238743041616083,0.08277021266784401,-0.814819578779501
3.3665877588077597,0.12932377686027047,-0.9824395406088158
1.3319968462654734,-0.0004619172519487352,-0.9219895657511448
0.8938520106545003,0.43121658707782384,-0.9073061333724677
0.8004370583039755,-0.08228333310530432,-0.9000597641466269
-0.8476853752467767,-0.370069002658486,1.7231258956077002
-0.8295765665168877,-0.719926091134903,0.6056594834122685
-0.8233930708530232,-0.7241582333342146,-0.06939701815288976
-0.810142723001885,-0.6239975346171758,1.5228972722621024
-0.8244972665072847,-0.37430114485779753,1.6792662923986643
0.15823686578547247,2.2947698688413194,2.5440632513246513
-0.8430477534988783,-0.6705510988096023,-0.03125823275372825
1.185359663379543,0.5990915609838465,-0.9200826264811867
0.35875879659936555,0.4128773042141407,-0.8907157617238323
-0.842826914368026,-0.4984439827042681,1.6220581142999224
1.2460904243639268,0.07853807046853252,-0.8756509414911636
-0.12863316519167162,0.2012701942485659,-0.913789726890325
-0.3441721569035213,-1.120568886003058,0.5997479716753985
-0.850114605686152,-0.3348011509975569,1.3855976448251208
-0.18715553486753247,0.603323703183158,-0.9065433576644844
-0.8127927925721126,-0.3799440011235462,1.7727063166266102
-0.8454769839382537,-0.7424975161978977,1.7631716202768195
0.8527759323159716,0.6809129768372021,-0.9587934936613357
-0.814559505618931,-0.33762257913043126,1.0099306086433801
-0.8238347491147278,-0.3206940103331853,0.07743730563388188
0.4239063402007954,0.5356094279941741,-0.9265662199990442
-0.8337725100030814,-0.6113011080192413,1.5362458471518088
2.860424470894276,0.561002281190043,-0.9521192062164823
0.38857207926442655,0.07007378606990954,-0.9092130726424257
-0.8403976839286507,-0.770711797526641,0.306270018028851
-0.8264848186849554,-0.3644261463927374,-0.4221807830951335
-0.8311224404328539,-0.3757118589242347,0.2719451111696056
0.009612130721871278,5.154287281509453,0.010503737258353638
1.2849581113939326,0.5553594249242944,-0.8571536305725703
-0.8242764273764324,-0.7396760880650234,0.9946750944837156
-0.8311224404328539,-0.7678903693937666,-0.3172991232474394
0.06813450039773207,0.44532372774219553,-0.9273289957070273
-0.8322266360871154,-0.6437475315472961,1.6697315960488741
3.308286228262751,0.3832523088189602,-0.909785154423413
2.952514388459688,0.16741305665407394,-0.9364823042028261
-0.8350975447881953,-0.6056582517534926,0.13273854446266609
-0.8143386664880787,-0.8398367867820621,0.3634781961275931
0.2942737703904924,0.023520221877483077,-0.9338125892248847
1.074498419691686,0.45096658400794415,-0.9626073722012518
0.4477569663328443,0.28168089603548435,-0.8272146840342285
-0.8284723708626263,-0.4335511356481585,1.0919289972515775
0.016899822039997306,0.12650234872739613,-0.8281681536692075
-0.8406185230595029,-0.6634975284774164,1.7059634421780774
-0.016005208456996184,0.7006629737673225,-0.9422031220127004
-0.12443722170547786,-0.10203333003542464,-0.8769857989801342
-0.8236139099838755,-0.6395153893479846,0.7620285035488307
0.07873477867864263,-0.08651547530461581,-0.9612725147122811
0.7167390277109518,0.009413081213111423,-0.9574586361723649
-0.3938609613452899,3.53337681917315,-0.7143238792527105
-0.8353183839190476,-0.5760332563583122,0.3444088034280123
0.792928527854997,0.7599129645576834,-0.852386282397675
2.22175770446941,0.33810945869297093,-0.9708072110620715
-0.8108052403944417,-0.43496184971459567,0.5541721231234005
-0.8253806230306939,-0.5252475499665742,1.3245755881864625
-0.8114677577869986,-0.5520511172288803,-0.12088437844175771
0.21322580936769644,0.31271660549710195,-0.9002504580736227
0.07652638737011971,0.19562733798281726,-0.858297794134545
-0.809480205609328,-0.37712257299067187,0.33678104634818
1.1436210676484573,0.3733773103539001,-0.9778628863609162
-0.8353183839190476,-0.7241582333342146,0.4664529167053292
-0.8419435578446168,-0.47164041544196195,0.5331957911538618
0.3463918052716364,-0.22053331161614653,-0.8371307682380104
-0.17589273919406495,4.169608863136312,-0.5417458753215048
0.5782728926665567,0.11239520806302448,-0.8308378686471488
1.078915202308732,0.7218236847638799,-0.8571536305725703
-0.8485687317701859,-0.34326543539617993,-0.26771870222852945
-0.8465811795925152,-0.6691403847431651,0.7143550217998789
0.6456288275765096,-0.041372625178626526,-0.8632558362364361
-0.8267056578158078,-0.6310511049493617,-0.33255463740710406
-0.8366434187041615,-0.5633368297603777,1.5057348188324795
-0.8337725100030814,-0.43778327784747,0.19948141891119872
-0.20725189577509223,4.487019528084674,0.25459196381298715
-0.08071107379672154,0.044680932874040555,-0.8470468524417925
-0.8368642578350137,-0.6832475254075367,1.8356353125352265
0.4839745837926223,0.5229130013962396,-0.829503011158178
-0.8249389447689893,-0.3559618619941144,1.5190833937221861
-0.5252602442024114,-1.06978317961132,-0.798991982838849
1.2156146243063088,0.6005022750502836,-0.8643999997984109
-0.8278098534700693,-0.3065868696688136,0.9050489487956862
-0.8222888751987617,-0.5802653985576237,0.14608711935237262
-0.8152220230114879,-0.3150511540674366,1.3779698877452886
-0.8346558665264908,-0.7029975223376571,1.7879618307862748
0.13615295270024197,0.4171094464134522,-0.866306939068369
-0.8384101317509799,-0.35314043386124006,-0.1380468318713804
-0.8260431404232509,-0.5971939673548696,0.3444088034280123
-0.03565989110285134,-0.06253333617518401,-0.8544839155946289
-0.8161053795348971,-0.4081582824522895,0.0755303663639238
0.2079256702272411,-1.1135153156708721,-0.37240966814922777
-0.8516604796021182,-0.6564439581452306,0.6628676615110107
-0.8437102708914352,-0.7424975161978977,1.4237364302242825
0.25363937031366823,0.5426629983263599,-0.9721420685510422
-0.8099218838710326,-0.395461855854355,0.20901611526098912
1.7482786079220687,0.35785945562309124,-0.9807232952658534
-0.8503354448170043,-0.429318993448847,0.17469120840174374
1.7303906383230319,0.7373415394946887,-0.9788163559958953
-0.3223090829491432,1.7107342453363328,2.5513096205504917
-0.8357600621807523,-0.45047970444540447,0.41115167787654494
0.9980880804167885,-0.018801200115631883,-0.8716463690242515
0.6891341363544137,-0.02303334231494338,-0.8121498638015596
0.646512184099919,0.8205736694144815,-0.9273289957070273
-0.8309016013020015,-0.7834082241245754,0.09078588052358841
-0.8286932099934785,-0.6733725269424766,-0.010281900784189411
0.8726514540926792,0.09687735333221567,-0.8739346961482013
1.9476963430817,0.1772880551191341,-0.9648956993252015
-0.8412810404520599,-0.32915829473180824,1.1376955397305715
-0.8132344708338171,-0.7805867959917011,0.2662242933597314
0.4203729141071586,0.005180939013799926,-0.9658491689601805
-0.8333308317413769,-0.3460868635290542,0.8459338314269859
0.6593208536893526,-0.041372625178626526,-0.9069247455184759
-0.183180430512191,0.6160201297810926,-0.8445678313908469
-0.8498937665552998,-0.3404440072633056,1.7936826485961488
0.3817260662080052,-0.05971190804230968,-0.9545982272674277
-0.8125719534412603,-0.660676100344542,-0.35353096937664275
0.03368359598477244,4.183716003800683,1.8190449408865914
-0.8419435578446168,-0.36865828859204886,0.33296716780826385
0.5862231013772397,0.1039309236644015,-0.9061619698104927
-0.8291348882551832,-0.8356046445827506,1.1224400255709068
-0.8342141882647861,-0.6352832471486731,0.2986422609490187
-0.8494520882935951,-0.6352832471486731,-0.03888598983356055
0.9238861324504141,0.5892165625187864,-0.9361009163488345
-0.6272879226561764,4.489840956217548,0.9992517487316153
0.08447659608080269,-1.1149260297373094,0.7503961740020865
-0.8169887360583064,-0.4053368543194152,1.1662996287799423
0.8322378931467074,0.6555201236413332,-0.8489537917117506
0.1800999397398507,0.030573792209668903,-0.8823252289360168
1.0312139500446342,0.1772880551191341,-0.9845371738057695
-0.8335516708722291,-0.7156939489355916,1.1186261470309906
-0.82979740564774,-0.7566046568622693,-0.1780925565405
-0.8481270535084814,-0.7298010895999631,0.3844545280971319
-0.16286323047377896,0.7599129645576834,-0.8870925771109119
-0.8169887360583064,-0.549229689096006,0.8859795560961055
-0.810142723001885,-0.5393546906309459,-0.305857487627691
-0.2657742654509531,4.989233735736304,-0.7005939165090123
1.2754620287672833,0.5624129952564803,-0.9364823042028261
0.17192889189831548,0.8121093850158585,-0.9771001106529331
0.49921248382143146,0.5313772857948625,-0.8691673479733061
-0.8083760099550664,-0.35737257606055156,0.08125118417379802
1.1153536588993622,0.21678804897937473,-0.9055898880295054
-0.8430477534988783,-0.5280689780994485,1.0633249082022063
-0.839956005666946,-0.8102117913868816,1.818472859105604
2.1822275000468476,0.2337166177766207,-0.9776721924339205
-0.8191971273668294,-0.7142832348691543,-0.1780925565405
-0.44222473100194476,-1.0951760328071891,2.05016598040551
-0.029918073700691297,-1.1022296031393748,0.47865732803306077
1.2301900069425609,0.4298058730113867,-0.9132176451093377
1.49453444657277,0.8290379538131045,-0.9589841875883315
-0.8439311100222875,-0.7693010834602039,-0.37832117988609776
0.29802803561498165,0.39594873541689474,-0.8489537917117506
0.32364537479384897,0.8403236663446018,-0.9105479301313963
-0.17854280876429257,-1.0895331765414404,-0.9456356126986248
-0.8244972665072847,-0.429318993448847,1.383690705555163
-0.6495926748722591,5.008983732666425,0.3489854576759118
-0.8156637012731925,-0.5633368297603777,1.5076417581024377
-0.8256014621615462,-0.7439082302643348,1.7727063166266102
-0.11604533473309021,-0.1401226098292281,-0.8302657868661615
0.7310935712163518,0.4481451558750698,-0.9256127503640651
0.21698007459218568,0.8036451006172355,-0.8853763317679497
-0.8359809013116045,-0.3757118589242347,0.45119740254566454
0.8004370583039755,0.11662735026233599,-0.9591748815153273
0.35125026615038707,0.4283951589449495,-0.9120734815473627
-0.8503354448170043,-0.35878329012698873,0.39589616371688036
0.3753217314132884,0.4904665778681848,-0.892050619212803
-0.8229513925913186,-0.32351543846605957,0.9470016127347639
0.8706639019150083,0.5426629983263599,-0.8195869269543962
-0.2520822393381102,4.021483886160409,2.5785788521108923
-0.8180929317125679,-0.5520511172288803,-0.19525500997012268
0.026616743797498673,-0.004694059451260231,-0.9202733204081824
0.7653236364984589,0.8149308131487328,-0.9515471244354949
-0.8123511143104079,-0.676193955075351,1.1548579931601939
-0.11229106950860114,-0.27414044614075883,-0.98224884668182
0.5886523318166149,0.7711986770891807,-0.9254220564370692
-0.8331099926105247,-0.4391939919139071,1.5820123896308025
-0.7118693097726092,-1.0951760328071891,-0.11859605131780807
-0.8379684534892753,-0.8073903632540073,-0.2333937953692841
0.9095315889450141,-0.12601546916485645,-0.8317913382821278
-0.8161053795348971,-0.8243189320512533,-0.010281900784189411
-0.21012280447617226,0.6921986893686994,-0.87126498117026
-0.1224496695278072,1.80666280185406,-0.036406968782615116
0.8476966323063688,0.054555931339100715,-0.9809139891928492
-0.8485687317701859,-0.821497503918379,1.8299144947253525
-0.8408393621903552,-0.4970332686378309,-0.33064769813714595
-0.8481270535084814,-0.2967118712037535,1.1129053292211162
-0.808817688216771,-0.429318993448847,1.8547047052348071
0.9698206716676935,-0.20783688501821204,-0.9763373349449499
-0.8320057969562631,-0.7312118036664004,1.213973110528894
-0.8196388056285341,-0.5083189811693283,0.07362342709396594
-0.8381892926201276,-0.5689796860261264,-0.2581840058787391
-0.8311224404328539,-0.829961788317002,0.7639354428187888
-0.8125719534412603,-0.28965830087156763,1.845170008885017
0.6663877058766262,0.3098951773642276,-0.8413260346319182
-0.8233930708530232,-0.5181939796343884,0.6895648112904238
-0.8291348882551832,-0.61694396428499,-0.24674237025899062
0.0593009351636399,0.5962701328509722,-0.8327448079171069
-0.810142723001885,-0.4942118405049566,1.7669854988167357
1.1120410719365779,0.046091646940477723,-0.8924320070667946
0.6794172145969123,-0.14294403796210242,-0.9742397017479961
0.9194693498333679,0.5398415701934856,-0.9261848321450525
0.7639986017133451,0.44673444180863264,-0.9439193673556626
-0.8269264969466601,-0.8483010711806851,1.4809446083230247
-0.842826914368026,-0.8102117913868816,1.1758343251297325
-0.8143386664880787,-0.7227475192677774,0.4264071920362096
2.766126162020342,0.4904665778681848,-0.9320963438819225
-0.1403376391268438,-0.18667617402165457,-0.9206547082621742
0.8057371974444307,-0.25580116327707564,-0.96222598434726
-0.8481270535084814,-0.6352832471486731,-0.34781015156676853
-0.8388518100126845,-0.6056582517534926,0.155621815702163
-0.8189762882359771,-0.6183546783514271,0.4168724956864192
-0.8509979622095613,-0.8468903571142479,0.5732415158229812
-0.8443727882839922,-0.28965830087156763,0.6113803012221427
-0.8326683143488199,-0.5873189688898095,1.7612646810068617
-0.851439640471266,-0.7664796553273295,0.3138977751086831
0.041192126433750885,0.424163016745638,-0.8293123172311823
-0.8410602013212076,-0.45189041851184164,1.002302851563548
-0.8085968490859188,-0.7594260849951436,1.801310405675981
0.6889132972235615,0.3691451681545886,-0.8834693924979917
-0.20968112621446758,0.14343091752464213,-0.9391520191807674
-0.8185346099742724,-0.7946939366560728,0.01641524899522365
0.719609936412032,0.33810945869297093,-0.9803419074118619
0.6443037927913957,0.6907879753022622,-0.9586027997343397
-0.8437102708914352,-0.6352832471486731,1.5724776932810123
-0.8470228578542198,-0.40674756838585235,0.7048203254500884
-0.8439311100222875,-0.5210154077672627,1.2559257744679717
0.11362736135330695,0.35644874155665407,-0.8548653034486206
0.4905997577181916,-0.20642617095177487,-0.8335075836250901
1.0806819153555505,0.7528593942254975,-0.8209217844433668
-0.8116885969178509,-0.45612256071115315,0.47408067378516144
0.9941129760614469,-0.2007833146860262,-0.9158873600872789
1.6833519034514905,0.3931273072840204,-0.9448728369906417
-0.8291348882551832,-0.8045689351211329,0.847840770696944
-0.8130136317029648,-0.33339043693111975,1.3016923169469656
-0.8521021578638228,-0.2967118712037535,1.3341102845362531
0.5769478578814428,0.043270218807603386,-0.8981528248766688
0.04649226557420625,-0.041372625178626526,-0.8234008054943123
0.9366948020398477,0.0065916530802370915,-0.9090223787154298
-0.8231722317221709,-0.34326543539617993,0.537009669693778
-0.24324867410401801,5.233287269229934,2.078388681600889
-0.40799466571983745,-1.1262117422688067,-0.0032262254853444674
-0.8487895709010383,-0.7566046568622693,1.4122947946045339
0.20372972674104733,2.480984125611025,1.2967342748450748
-0.8306807621711493,-0.3601940041934259,1.4027600982547435
-0.817430414320011,-0.5844975407569352,0.7143550217998789
-0.6716765879574896,5.780644327007554,-0.4435385029186639
1.285178950524785,-0.18244403182234306,-0.860395427331499
0.09132260913722404,-0.21630116941683503,-0.8378935439459937
-0.15447134350139133,0.5962701328509722,-0.8888088224538743
-0.8487895709010383,-0.3841761433228577,1.5915470859805931
-0.8136761490955218,-0.5026761249035796,0.5084055806444069
-0.8194179664976816,-0.7396760880650234,1.7765201951665264
-0.8229513925913186,-0.4194439949837868,1.4866654261328986
0.22846370939650545,3.138376880570744,-0.8951017220447359
-0.8311224404328539,-0.36160471825986307,0.7944464711381178
-0.013796817148473101,5.405394385335269,-0.04060223517652284
-0.8430477534988783,-0.3757118589242347,-0.2009758277799969
-0.8335516708722291,-0.4152118527844753,-0.021723536403937867
-0.8191971273668294,-0.46740827324265044,1.2177869890688102
-0.8231722317221709,-0.6493903878130448,0.19948141891119872
-0.8284723708626263,-0.5760332563583122,1.593454025250551
-0.8395143274052415,-0.6663189566102907,1.7231258956077002
0.2761649616606034,0.050323789139789216,-0.9071154394454718
1.1060784154035657,0.7754308192884922,-0.8527676702516667
-0.8445936274148445,-0.32915829473180824,1.3512727379658755
0.935590606385586,-0.2699083039414473,-0.8249263569102788
0.8002162191731231,0.09687735333221567,-0.9734769260400127
1.1241872241334545,-0.2007833146860262,-0.9759559470909583
1.3085878983951291,0.5878058484523492,-0.8949110281177401
-0.8326683143488199,-0.5224261218336999,-0.33827545521697827
-0.8481270535084814,-0.4236761371830983,1.181555142939607
-0.18803889139094176,-0.051247623643686686,-0.831600644355132
1.0689774414203783,0.07430592826922103,-0.8548653034486206
-0.827589014339217,-0.395461855854355,0.7315174752295015
-0.8408393621903552,-0.3503190057283657,0.0602748522042594
-0.19532658270906778,-0.041372625178626526,-0.8155823544874842
0.5910815622559903,0.3635023118888399,-0.8701208176082852
-0.8346558665264908,-0.8229082179848161,0.22045775088073757
-0.8134553099646695,-0.6888903816732854,1.675452413858748
0.6984093798502105,0.5398415701934856,-0.966421250741168
-0.8271473360775123,-0.4885689842392079,0.5484513053135264
0.2342055267986655,0.4721272950045016,-0.8218752540783459
-0.8311224404328539,-0.61694396428499,-0.05986232180309939
1.1747593850986324,0.23512733184305787,-0.9458263066256207
-0.8081551708242142,-0.7650689412608923,1.0442555155026256
2.966868931965087,0.0954666392657785,-0.9801512134848661
0.425010535855057,-0.26426544767569865,-0.8869018831839162
0.3289455139343043,0.23935947404236937,-0.9132176451093377
-0.8293557273860355,-0.3404440072633056,0.037391580964762486
1.0382808022319079,-0.11896189883267062,-0.8287402354501949
-0.8185346099742724,-0.4928011264385194,1.1224400255709068
-0.817430414320011,-0.4250868512495355,1.7097773207179934
2.0921251346591077,0.11380592212946165,-0.9734769260400127
0.7297685364312378,0.49469872006749627,-0.8605861212584948
-0.8200804838902386,-0.7566046568622693,0.5007778235645746
-0.8291348882551832,-0.8313725023834391,1.4027600982547435
0.44113179240727524,0.491877291934622,-0.9319056499549268
0.8989313106641034,0.6216629860468411,-0.9223709536051363
0.6284033753700298,0.1490737737903908,-0.9650863932521972
-0.839956005666946,-0.838426072715625,0.0755303663639238
-0.8244972665072847,-0.8468903571142479,0.2891075645992283
0.697967701588506,0.24077018810880654,-0.8314099504281361
-0.8320057969562631,-0.8398367867820621,1.4714099119732342
-0.027488843261315954,3.609555378760757,-0.24064016459512483
0.23729727463059777,0.3141273195635391,-0.861348896966478
-0.84415194915314,-0.5323011202987601,0.6323566331916816
-0.8092593664784756,-0.7495510865300835,0.7734701391685792
-0.8141178273572265,-0.39264042772148067,0.956536309084554
-0.8487895709010383,-0.667729670676728,1.3779698877452886
-0.8313432795637061,-0.5802653985576237,1.8337283732652685
-0.8289140491243308,-0.8257296461176904,1.280715984977427
1.2814246853002957,0.19985948018212873,-0.8193962330274004
0.47823276639046247,0.3719665962874629,-0.8848042499869623
0.1341654005225713,-1.078247464009943,-0.6557808436649976
-0.8412810404520599,-0.5196046937008255,0.4798014915950357
-0.8381892926201276,-0.7128725208027172,-0.2639048236886133
1.140308480685673,0.4537880121408185,-0.8428515860478846
-0.8267056578158078,-0.557693973494629,-0.01981659713397979
0.10633967003518076,-1.1262117422688067,-0.30185291516077906
-0.8278098534700693,-0.40251542618654085,0.3215255321885154
-0.2147604262240706,5.903376450787587,-0.47824479763190086
2.831273705621772,0.1490737737903908,-0.966230556814172
-0.816767896927454,-0.4942118405049566,1.6239650535698802
-0.6208835878614595,-1.1219796000694953,0.45024393291068543
0.4784536055213147,0.0757166423356582,-0.9372450799108094
-0.09661149121808747,5.772180042608931,0.14189185295846488
0.9605454281718966,0.7175915425645684,-0.9242778928750944
-0.8386309708818322,-0.7650689412608923,0.538916608963736
1.9446045952497677,0.32682374616147364,-0.9721420685510422
0.47447850116597323,0.22243090524512338,-0.8788927382500923
0.19290860932928436,0.11098449399658733,-0.8436143617558679
0.15227420925246032,4.725430205312555,1.9708373067752536
0.6129446362103683,0.6244844141797155,-0.8434236678288721
0.037658700340113926,0.3987701635497691,-0.870311511535281
0.7655444756293114,0.7923593880857381,-0.8556280791566038
-0.5762740834292939,4.464448103021679,1.6809825377416268
0.34793767918760254,-0.15140832236072543,-0.9012039277086017
1.152012954620845,-0.224765453815458,-0.8201590087353836
3.159882332330002,0.3479844571580311,-0.9338125892248847
0.07917645694034732,-0.23040831008120669,-0.86535346943339
1.2178230156148317,0.1843416254513199,-0.9256127503640651
-0.8346558665264908,-0.3517297197948029,0.0755303663639238
0.8481383105680733,0.8304486678795416,-0.8552466913026122
-0.8322266360871154,-0.6113011080192413,1.1796482036696487
-0.8496729274244476,-0.7721225115930782,0.11938996957295954
-0.7518411924568764,-1.078247464009943,1.3829279298471795
-0.2520822393381102,5.168394422173825,1.2482980173881395
-0.8353183839190476,-0.6282296768164873,0.45119740254566454
-0.8470228578542198,-0.5675689719596891,1.2196939283387684
0.4342857793508537,-0.20219402875246337,-0.9345753649328681
-0.8509979622095613,-0.6141225361521157,0.4950570057547003
0.22117601807837942,3.2455911496199685,0.3405949248880961
0.10722302655859012,0.03339522034254323,-0.9271383017800315
0.8476966323063688,0.6766808346378906,-0.9027294791245682
0.6575541406425343,0.06584164387059803,-0.8951017220447359
-0.8191971273668294,-0.7044082364040942,0.5179402769941972
0.36759236183345767,-0.07522976277311849,-0.9862534191487319
-0.19665161749418159,0.491877291934622,-0.8865204953299246
0.5462512186929723,0.6061451313160323,-0.820731090516371
0.47734940986705326,0.031984506276106064,-0.9433472855746752
0.3022239791011754,0.6780915487043278,-0.9816767649008323
0.3203327878310644,0.4622522965394415,-0.9258034442910609
1.0870862501502672,-0.24028330854626684,-0.8813717593010378
3.1086476539722674,0.7345201113618144,-0.9076875212264592
-0.8242764273764324,-0.3108190118681251,0.2185508116107795
-0.8423852361063213,-0.506908267102891,1.8089381627558134
-0.8503354448170043,-0.6479796737466076,0.1232038481128757
-0.377960543923924,4.944090885610315,1.5133625759123117
-0.8459186621999583,-0.6536225300123563,0.17659814767170182
-0.8403976839286507,-0.3841761433228577,-0.20478970631991306
-0.8465811795925152,-0.29812258527019064,0.26241041481981525
-0.8229513925913186,-0.30940829780168794,-0.305857487627691
-0.39938193961659757,-1.0994081750065006,2.4153448506024815
-0.845035305676549,-0.583086826690498,1.0843012401717453
0.7536191625632868,0.8346808100788531,-0.9732862321130169
0.9298487889834263,0.2097344786471889,-0.95631447261039
-0.6365631661519732,-1.1332653126009924,1.5907843102726096
0.45173207068818577,0.3677344540881514,-0.9589841875883315
-0.8267056578158078,-0.2910690149380048,-0.3573448479165589
-0.8359809013116045,-0.7227475192677774,1.2654604708177624
-0.20636853925168303,0.8149308131487328,-0.8079545974076519
-0.8421643969754691,-0.4194439949837868,0.17659814767170182
0.6381202971275312,0.9080379415335857,-0.951356430508499
2.6307517748078793,0.1518952019232651,-0.9797698256308743
-0.8492312491627428,-0.43637256378103284,-0.37260036207622355
-0.8498937665552998,-0.3065868696688136,0.5980317263324362
-0.18295959138133872,0.09264521113290418,-0.8277867658152159
-0.8304599230402969,-0.4490689903789673,1.1376955397305715
1.0298889152595203,0.3733773103539001,-0.8333168896980943
-0.8350975447881953,-0.3757118589242347,-0.08655947158251245
-0.836201740442457,-0.6578546722116678,0.1613426335120372
-0.8165470577966017,-0.3221047243996224,1.6773593531287063
-0.8452561448074014,-0.4829261279734593,0.619008058301975
-0.814559505618931,-0.4589439888440275,1.421829490954324
1.1009991153939627,-0.08228333310530432,-0.8684045722653229
-0.8264848186849554,-0.6268189627500501,-0.3039505483577329
-0.35742250475465964,-1.0711938936777572,2.4862829914449214
-0.8163262186657494,-0.5196046937008255,1.4027600982547435
-0.8459186621999583,-0.7227475192677774,0.31580471437864116
0.10943141786711305,0.6258951282461527,-0.8285495415231992
0.829146145314775,0.08982378300002984,-0.93266842566291
0.5906398839942858,0.3479844571580311,-0.8121498638015596
-0.8200804838902386,-0.7354439458657118,-0.3192060625173975
0.19423364411439825,-0.12601546916485645,-0.9595562693693188
0.4428985054540936,-0.12178332696554495,-0.9229430353861238
-0.837747614358423,-0.6508011018794819,-0.24292849171907446
1.2010392416700568,0.053145217272663546,-0.8825159228630126
-0.2030559522888985,-1.0909438906078774,2.13521547184564
-0.8375267752275707,-0.5323011202987601,1.46568909416336
0.09706442653938407,0.3522165993573426,-0.8392284014349644
-0.8081551708242142,-0.4942118405049566,0.95081549127468
-0.8518813187329705,-0.8059796491875701,1.765078559546778
0.8686763497373379,0.19280590984994292,-0.8977714370226773
0.04560890905079689,-1.110693887537998,2.7667937580557544
-0.8311224404328539,-0.5506404031624432,0.12129690884291762
-0.8412810404520599,-0.6282296768164873,1.6601968996990835
-0.8183137708434202,-0.6888903816732854,0.876444859746315
-0.8233930708530232,-0.8003367929218215,0.1708773298618276
-0.8147803447497832,-0.7904617944567613,-0.4202738438251754
1.120212119778113,0.15753805818901379,-0.8735533082942096
-0.8348767056573431,-0.4589439888440275,-0.01600271859406364
-0.8178720925817156,-0.6014261095541812,0.4073377993366288
1.1213163154323746,-0.06676547837449551,-0.8573443244995661
-0.8156637012731925,-0.3714797167249232,-0.19906888851003882
-0.8169887360583064,-0.3065868696688136,-0.33827545521697827
-0.8474645361159244,-0.5393546906309459,1.313133952566714
1.1204329589089654,0.5158594310640537,-0.9347660588598639
-0.8238347491147278,-0.8341939305163134,0.2185508116107795
-0.8521021578638228,-0.5873189688898095,1.4504335800036956
0.1869459527962722,0.5736987077879776,-0.9812953770468408
1.0336431804840096,-0.07664047683955566,-0.8394190953619601
-0.8271473360775123,-0.6211761064843014,0.20329529745111488
-0.08071107379672154,0.1815201973184456,-0.856390854864587
0.5135670273268312,0.6893772612358251,-0.8943389463367527
-0.814559505618931,-0.600015395487744,1.3093200740267978
-0.8081551708242142,-0.29953329933662776,0.849747709966902
0.30509488780225524,-0.1852654599552174,-0.943537979501671
-0.8492312491627428,-0.4152118527844753,1.7021495636381612
-0.11604533473309021,-0.035729768912877866,-0.9671840264491511
1.226656580848924,0.8050558146836727,-0.8430422799748805
-0.10875764341496419,0.21960947711224904,-0.916840829722258
0.6765463058958324,-0.017390486049194718,-0.9303800985389603
-0.1922348348771355,-0.27414044614075883,-0.9708072110620715
-0.031243108485805176,0.10110949553152716,-0.8493351795657421
-0.8251597838998417,-0.5111404093022026,-0.37260036207622355
-0.8326683143488199,-0.5181939796343884,0.8516546492368601
-0.8282515317317738,-0.6592653862781049,-0.06367620034301553
-0.8249389447689893,-0.36724757452561174,0.1861328440214922
0.30421153127884604,0.8375022382117274,-0.8964365795337066
-0.810142723001885,-0.7834082241245754,-0.281067277118236
0.15691183100035874,-1.0726046077441944,-0.7557044614108007
-0.8238347491147278,-0.5365332624980715,0.69337868983034
0.008507935067609659,-1.1219796000694953,2.479799397927064
2.6815447749039096,0.28168089603548435,-0.9189384629192119
1.0917238718981657,-0.10062261596898747,-0.8521955884706792
-0.850114605686152,-0.6903010957397225,1.7860548915163164
0.08270988303398429,-0.17821188962303156,-0.8394190953619601
0.2300095833124716,-0.2007833146860262,-0.8605861212584948
0.5012000359991021,0.6414129829769615,-0.937626467764801
-0.845035305676549,-0.3474975775954914,0.27957286824943794
1.125291419787716,0.5849844203194748,-0.9624166782742558
-0.8258223012923984,-0.5238368359001371,0.9088628273356023
-0.850114605686152,-0.29812258527019064,0.7143550217998789
-0.020642830204894606,0.5440737123927971,-0.8136754152175262
-0.8505562839478568,-0.403926140252978,0.15180793716224683
-0.837747614358423,-0.44201542004678146,-0.27343952003840366
1.2542614722054621,0.4904665778681848,-0.8628744483824444
1.167913372042211,0.6766808346378906,-0.8140568030715177
1.8178429341405444,0.5215022873298024,-0.9040643366135388
0.2125632919751395,-0.2811940164729446,-0.9675654143031427
-0.8390726491435369,-0.549229689096006,0.1785050869416599
1.0270180065584402,0.261930899105364,-0.8996783762926354
-0.7434493054844887,-1.1248010282023695,-0.8640186119444192
0.12091505267143297,0.4382701574100097,-0.8788927382500923
-0.21652713927088907,-1.0810688921428173,-0.18381337435037423
-0.8147803447497832,-0.5435868328302573,0.9679779447043025
1.2507280461118253,0.6301272704454641,-0.8964365795337066
-0.8295765665168877,-0.667729670676728,1.3779698877452886
-0.8476853752467767,-0.6903010957397225,1.078580422361871
-0.8421643969754691,-0.2967118712037535,0.48170843086499376
-0.850114605686152,-0.8200867898519418,0.7810978962484115
-0.8097010447401802,-0.31787258220031095,-0.11516356063188349
1.343922159331498,0.850198664809662,-0.9109293179853879
-0.8242764273764324,-0.6888903816732854,0.3577573783177188
0.16088693535570023,-0.05971190804230968,-0.8422795042668972
0.21366748762940113,-0.23605116634695533,-0.9017760094895891
0.16132861361740475,0.782484389620678,-0.985109255586757
-0.20239343489634154,0.5666451374557917,-0.9645143114712099
-0.004300734521823993,-0.08792618937105298,-0.9387706313267757
-0.8430477534988783,-0.44624756224609297,0.6132872404921008
-0.8189762882359771,-0.8003367929218215,0.69337868983034
-0.10942016080752112,-1.129033170401681,0.30817695729880906
-0.8187554491051247,-0.38276542925642054,-0.2257660382894518
-0.8163262186657494,-0.6578546722116678,1.4046670375247017
-0.1403376391268438,4.0567517378213385,2.1922329560173868
-0.8448144665456967,-0.5844975407569352,1.3989462197148272
1.1557672198453344,0.7133594003652569,-0.966230556814172
-0.36338516128767184,-1.0740153218106316,2.3163747024916566
-0.821847196937057,-0.5675689719596891,-0.2639048236886133
-0.8165470577966017,-0.6564439581452306,0.01641524899522365
0.21963014416241328,0.08841306893359267,-0.8705022054622767
1.610254151139378,0.5990915609838465,-0.9242778928750944
-0.8512188013404137,-0.574622542291875,1.4523405192736534
-0.851439640471266,-0.549229689096006,0.8058881067578663
-0.18384294790474792,0.6936094034351366,-0.8115777820205723
0.7697404191155051,0.6061451313160323,-0.9202733204081824
3.2884107064860433,0.5158594310640537,-0.9578400240263565
-0.8112469186561464,-0.8200867898519418,0.23762020431036027
0.2174217528538902,-1.078247464009943,-0.5896100509974525
-0.8169887360583064,-0.5562832594281919,1.746009166847197
-0.8395143274052415,-0.3150511540674366,1.4103878553345757
0.07034289170625516,3.52350182070809,2.778616781529494
1.3796980985295713,0.11380592212946165,-0.9084502969344425
-0.8326683143488199,-0.7001760942047828,1.587733207440677
-0.07452757813285697,2.328627006435811,1.861188298752665
0.32739964001833816,0.7768415333549293,-0.9130269511823419
0.4035891401623833,-0.013158343849883222,-0.9311428742469435
-0.8286932099934785,-0.7213368052013402,-0.05223456472326708
-0.836201740442457,-0.3150511540674366,1.2559257744679717
0.8863434802055221,0.8784129461384053,-0.9934997883745726
0.5144503838502404,0.2605201850389268,-0.8992969884386437
1.2162771416988658,-0.24028330854626684,-0.9092130726424257
-0.07872352161905072,0.5483058545921086,-0.9189384629192119
3.4306311067549276,0.7401629676275631,-0.9166501357952621
-0.8401768447977984,-0.5478189750295689,0.29101450386918637
0.3099533486810061,0.24500233030811802,-0.9000597641466269
0.009391291591019016,0.7980022443514868,-0.8119591698745638
-0.5109057006970116,-1.1233903141359323,-0.6437671262642618
-0.8313432795637061,-0.3841761433228577,1.5305250293419348
-0.8183137708434202,-0.8059796491875701,0.3272463499983896
1.0532978631298648,0.008002367146674256,-0.8329355018441027
1.0323181456988957,0.012234509345985753,-0.9637515357632266
-0.8176512534508632,-0.49139041237208225,-0.08465253231255437
-0.8161053795348971,-0.3348011509975569,0.25096877920006677
-0.82979740564774,-0.7410868021314605,1.053790211852416
3.36570440228435,0.034805934408980395,-0.9406775705967338
1.0749400979533905,0.047502361006914885,-0.8912878435048198
1.3408304114995657,0.5849844203194748,-0.9784349681419038
-0.8207430012827955,-0.3460868635290542,0.6323566331916816
-0.8286932099934785,-0.71146180673628,0.09650669833346263
1.005154932604062,0.3240023180285993,-0.9574586361723649
1.3152130723206985,0.6526986955084588,-0.8083359852616435
-0.82979740564774,-0.5435868328302573,0.14799405862233067
0.2772691573148649,-0.02585477044781771,-0.9176036054302411
-0.8421643969754691,-0.591551111089121,1.8337283732652685
-0.15160043480031146,0.1363773471924563,-0.9347660588598639
-0.8384101317509799,-0.3390332931968684,0.15180793716224683
-0.8242764273764324,-0.7213368052013402,-0.11325662136192541
-0.8419435578446168,-0.7495510865300835,0.106041394683253
1.0563896109617972,0.024930935943920242,-0.9099758483504089
-0.8185346099742724,-0.6663189566102907,0.14990099789228875
-0.8320057969562631,-0.7551939427958322,0.7391452323093338
-0.125983095621444,4.779037339837167,1.944902932703824
-0.8410602013212076,-0.42790827938240983,0.6895648112904238
0.6337035145104853,0.14343091752464213,-0.8838507803519833
-0.8353183839190476,-0.49985469677070526,1.8356353125352265
2.3427775481764734,0.10252020959796433,-0.9370543859838135
3.477228163364764,0.6865558331029508,-0.9397241009617548
0.7425772060206715,0.24923447250742953,-0.8739346961482013
1.3311134897420644,-0.09215833157036447,-0.9439193673556626
1.0190677978477574,0.3395201727594081,-0.9284731592690022
1.3384011810601903,0.7782522474213666,-0.9708072110620715
-0.8152220230114879,-0.3150511540674366,0.9107697666055602
0.32011194870021215,0.7175915425645684,-0.8239728872752997
-0.8187554491051247,-0.48010469984058496,1.1014636936013678
1.3136671984047321,0.15612734412257662,-0.9401054888157465
2.000697734486253,0.8755915180055309,-0.9885417462726815
0.7721696495548804,-0.2374618804133925,-0.9877789705646984
-0.1394542826034346,-0.12037261289910779,-0.9559330847563985
-0.8421643969754691,-0.48010469984058496,0.17278426913178568
-0.39364012221443767,2.558573399265069,2.019654952086181
0.8744181671394976,0.08700235486715552,-0.8935761706287694
0.6257533057998024,0.013645223412422918,-0.8254984386912662
1.6895353991153552,0.18293091138488277,-0.9902579916156439
3.50659976776812,0.11098449399658733,-0.9391520191807674
-0.850777123078709,-0.4730511295083991,-0.05414150399322516
-0.8183137708434202,-0.34326543539617993,1.7212189563377418
0.03324191772306792,0.5990915609838465,-0.9761466410179541
1.2694993722342711,0.034805934408980395,-0.8985342127306604
-0.814559505618931,-0.8313725023834391,1.0099306086433801
-0.810142723001885,-0.5957832532884325,-0.3992975118556366
-0.8328891534796722,-0.8172653617190675,1.5000140010226055
1.094153102337541,0.22384161931156055,-0.9162687479412706
0.12356512224166058,-1.1177474578701836,1.1563835445761603
-0.839956005666946,-0.8313725023834391,0.8268644387274051
-0.8333308317413769,-0.5393546906309459,0.3825475888271738
-0.845697823069106,-0.7424975161978977,0.5026847628345326
0.011599682899541941,-0.15846189269291125,-0.931714956027931
-0.02086366933574687,-1.1191581719366208,1.192424696778368
0.4905997577181916,0.5215022873298024,-0.8354145228950483
-0.8220680360679095,-0.6888903816732854,1.3188547703765885
0.9353697672547339,0.5835737062530377,-0.9256127503640651
-0.8176512534508632,-0.4250868512495355,1.6354066891896286
-0.8161053795348971,-0.5887296829562467,0.7200758396097531
0.3956389314517003,0.008002367146674256,-0.8817531471550294
-0.8244972665072847,-0.45047970444540447,1.6315928106497126
-0.814559505618931,-0.5689796860261264,1.2826229242473848
-0.8379684534892753,-0.46317613104333893,1.6678246567789157
-0.843489431760583,-0.5407654046973831,0.0755303663639238
0.8779515932331343,0.2012701942485659,-0.913789726890325
-0.01975947368148525,-1.0951760328071891,0.8939887010299293
1.0473352065968524,0.7641451067569949,-0.8846135560599665
1.1725509937901093,0.6639844080399562,-0.9023480912705766
-0.6484884792179976,-1.0824796062092545,0.37453844389334995
0.32739964001833816,0.039038076608291894,-0.93266842566291
-0.8346558665264908,-0.6959439520054712,-0.3268338195972298
0.30288649649373234,0.7965915302850497,-0.892050619212803
-0.8083760099550664,-0.4730511295083991,-0.33255463740710406
1.2628741983087022,0.4368594433435725,-0.8785113503961007
2.2581961610600407,0.3240023180285993,-0.9761466410179541
-0.8092593664784756,-0.6324618190157988,0.4035239207967127
0.14145309184069732,-0.0018726313183859006,-0.8369400743110146
-0.8127927925721126,-0.7608367990615809,0.6247288761118492
0.49435402294268066,-0.08228333310530432,-0.8718370629512474
1.2699410504959758,0.1942166239163801,-0.972332762478038
-0.8284723708626263,-0.787640366323887,0.6495190866213042
-0.0027548606058578518,0.16177020038832526,-0.9553610029754112
1.1904389633891461,0.024930935943920242,-0.9450635309176375
-0.19532658270906778,0.3649130259552771,-0.8790834321770881
0.16419952231848478,0.8008236724843611,-0.8195869269543962
-0.8165470577966017,-0.6141225361521157,-0.08655947158251245
1.1431793893867528,0.6611629799070818,-0.9574586361723649
0.5334425491035387,-0.2572118773435128,-0.9017760094895891
-0.8357600621807523,-0.8003367929218215,0.5904039692526039
0.3547836922440239,-0.07522976277311849,-0.9401054888157465
-0.47225885279785823,-1.0641403233455713,2.2029118159291516
-0.8189762882359771,-0.5562832594281919,1.5553152398513894
-0.8289140491243308,-0.3517297197948029,0.10032057687337878
2.1705230261116757,0.08559164080071835,-0.9248499746560819
0.8461507583904024,0.2859130382347958,-0.9761466410179541
-0.030138912831543716,-1.1008188890729378,-0.27896964392128215
-0.16551330004400658,-0.1852654599552174,-0.8828973107170042
-0.8229513925913186,-0.7904617944567613,0.6895648112904238
0.47160759246489337,0.22807376151087205,-0.9053991941025096
0.6873674233075953,0.06584164387059803,-0.9145525025983082
0.7686362234612436,0.2421809021752437,-0.8678324904843354
-0.8350975447881953,-0.47164041544196195,1.82228673764552
0.6535790362871926,0.26334161317180116,-0.9320963438819225
0.25363937031366823,0.6964308315680109,-0.9340032831518806
0.8759640410554639,0.8346808100788531,-0.8666883269223605
-0.8468020187233675,-0.8483010711806851,1.8508908266948911
-0.8368642578350137,-0.5181939796343884,1.0614179689322485
-0.8081551708242142,-0.5929618251555582,0.9088628273356023
-0.8350975447881953,-0.6860689535404111,1.3150408918366723
1.0579354848777631,-0.11896189883267062,-0.8184427633924213
-0.8090385273476234,-0.39405114178791784,0.281479807519396
-0.5067097572108179,4.403787398164881,-0.5703499643708758
-0.8264848186849554,-0.7650689412608923,0.8058881067578663
-0.8459186621999583,-0.7424975161978977,-0.22195215974953575
0.3514711052812393,0.7965915302850497,-0.8886181285268785
-0.816767896927454,-0.7227475192677774,1.7212189563377418
-0.8240555882455801,-0.61694396428499,1.494293183212731
-0.8211846795445003,-0.7396760880650234,0.19948141891119872
-0.8390726491435369,-0.43637256378103284,-0.1361398926014223
0.2761649616606034,-0.21206902721752352,-0.978244274214908
-0.1310623956310471,0.5553594249242944,-0.8331261957710985
0.26136873989349896,0.5384308561270484,-0.8115777820205723
1.034747376138271,0.261930899105364,-0.8848042499869623
-0.8465811795925152,-0.3221047243996224,0.20520223672107296
-0.8176512534508632,-0.5633368297603777,1.5610360576612639
2.867933001343255,0.7980022443514868,-0.972332762478038
0.09883113958620247,3.4445018329876085,2.4426140821628817
-0.8147803447497832,-0.5224261218336999,1.5991748430604253
-0.8509979622095613,-0.7721225115930782,0.43403494911604185
0.040971287302898625,0.27321661163686134,-0.830647174720153
0.8887727106448975,0.6526986955084588,-0.9315242621009352
0.645187149314805,0.31694874769641346,-0.9130269511823419
-0.8344350273956384,-0.79610465072251,-0.0903733501224286
-0.810142723001885,-0.787640366323887,-0.21241746339974535
-0.5482275138110512,2.828019785954568,1.478465587272079
0.4649824185393241,0.5821629921866005,-0.8764137171991468
-0.8459186621999583,-0.37853328705710904,1.435178065844031
-0.8423852361063213,-0.6155332502185528,0.5007778235645746
-0.1931181914005447,-0.24310473667914118,-0.9795791317038786
-0.8114677577869986,-0.3221047243996224,0.6266358153818073
-0.843489431760583,-0.5534618312953176,-0.2486493095289487
1.1436210676484573,0.7951808162186125,-0.9332405074438973
-0.17346350875468963,0.7923593880857381,-0.8655441633603858
0.43715668805193375,0.7641451067569949,-0.9740490078210001
0.7591401408345944,0.15330591598970228,-0.9389613252537715
-0.8300182447785924,-0.6705510988096023,0.42831413130616763
0.15271588751416484,0.32682374616147364,-0.8289309293771907
-0.8176512534508632,-0.7819975100581383,0.9660710054343447
-0.17523022180150802,0.42557373081207517,-0.9395334070347591
1.124628902395159,0.4030023057490805,-0.9383892434727842
-0.8189762882359771,-0.8468903571142479,0.7524938071990404
0.8799391454108052,0.9658772182575095,-0.966230556814172
0.8410714583807997,-0.1612833208257856,-0.8487630977847548
-0.8518813187329705,-0.43637256378103284,-0.3802281191560558
-0.14850868696837918,3.7929482073975884,2.584681057774758
0.08823086130529191,0.27885946790261,-0.9694723535731008
-0.8141178273572265,-0.7989260788553842,1.4504335800036956
-0.8379684534892753,-0.43496184971459567,1.7364744704974064
0.6814047667745831,0.6103772735153439,-0.9198919325541909
0.16088693535570023,3.8268053449920805,0.13407340195163678
-0.8518813187329705,-0.3150511540674366,0.641891329541472
0.1034687613341009,0.3000201788991675,-0.9046364183945264
-0.8505562839478568,-0.8200867898519418,1.3741560092053724
-0.8412810404520599,-0.6324618190157988,0.01641524899522365
1.2460904243639268,-0.05971190804230968,-0.9559330847563985
-0.8322266360871154,-0.7932832225896357,0.36157125685763497
0.8337837670626733,0.13355591905958197,-0.9803419074118619
1.0912821936364612,0.31271660549710195,-0.9557423908294027
-0.8439311100222875,-0.3023547274695021,-0.11897743917179963
1.330892650611212,-0.1725690333572829,-0.8426608921208888
-0.8481270535084814,-0.5224261218336999,0.7429591108492499
0.027720939451760292,0.3592701696895284,-0.8668790208493564
-0.16551330004400658,1.7685735220602565,1.83410976111926
-0.813896988226374,-0.39122971365504355,0.666681540050927
-0.2662159437126577,3.620841091292254,0.36538513539755113
0.9199110280950724,0.49469872006749627,-0.9256127503640651
-0.8397351665360937,-0.5238368359001371,0.9489085520047218
-0.8300182447785924,-0.7227475192677774,0.3463157426979704
0.186062596272863,-0.11331904256692196,-0.9254220564370692
-0.8178720925817156,-0.46035470291046465,1.5324319686118926
-0.8103635621327372,-0.6127118220856784,0.2967353216790606
-0.817430414320011,-0.4490689903789673,1.151044114620278
2.017923186692733,0.7063058300330711,-0.9738583138940043
-0.8505562839478568,-0.43637256378103284,1.3016923169469656
2.813164896891883,0.08841306893359267,-0.951356430508499
0.39365137927402966,-0.13447975356347944,-0.8117684759475681
-0.8333308317413769,-0.370069002658486,0.8325852565372793
-0.8207430012827955,-0.3601940041934259,1.1929967785593554
-0.8103635621327372,-0.37430114485779753,0.8726309812063989
2.4191878874513706,0.6188415579139669,-0.9223709536051363
0.23155545722843773,-0.10626547223473613,-0.8516235066896919
0.15006581794393725,-0.26426544767569865,-0.8691673479733061
-0.8364225795733092,-0.4448368481796558,0.20329529745111488
1.2034684721094322,-0.23040831008120669,-0.8359866046760356
-0.8293557273860355,-0.30940829780168794,-0.26962564149848756
-0.8353183839190476,-0.6028368236206183,0.6266358153818073
-0.8134553099646695,-0.3065868696688136,0.7353313537694176
0.6045527492379809,0.55253799679142,-0.9172222175762496
1.2551448287288716,0.2746273257032985,-0.9669933325221554
1.9750803953073857,0.6809129768372021,-0.9610818207852854
1.241231963485176,0.38184159475252305,-0.8418981164129057
0.09596023088512246,0.8078772428165469,-0.8199683148083878
-0.036322408495408125,1.8503949379136122,2.2433389284522627
-0.6760933705745358,4.395323113766258,0.00916887976938292
1.031876467437191,0.2181987630458119,-0.9025387851975725
0.9581161977325213,0.7528593942254975,-0.9393427131077633
0.17259140929087227,-1.0810688921428173,1.5707614479380498
0.38857207926442655,0.432627301144261,-0.9031108669785598
0.0303710090219879,0.5835737062530377,-0.8380842378729896
0.22691783548053931,0.5370201420606112,-0.884994943913958
-0.8116885969178509,-0.7072296645369686,0.4492904632757065
0.4428985054540936,0.09123449706646701,-0.9584121058073439
0.04737562209761545,0.7302879691625029,-0.9307614863929519
0.5431594708610401,0.12085949246164748,-0.9223709536051363
1.477088155235438,0.8882879446034654,-0.9460170005526165
0.5049543012235914,0.046091646940477723,-0.9839650920247822
0.6917842059246414,0.13778806125889345,-0.9303800985389603
-0.8392934882743891,-0.5971939673548696,1.6907079280184127
1.1076242893195316,0.7810736755542409,-0.9416310402317128
-0.8119094360487034,-0.420854709050224,0.8402130136171116
-0.8406185230595029,-0.28965830087156763,-0.3573448479165589
3.2853189586541114,0.7331093972953773,-0.9406775705967338
0.4945748620735331,0.6498772673755845,-0.8706928993892726
0.2525351746594068,0.6780915487043278,-0.9656584750331846
0.037437861209261666,0.6738594065050163,-0.9229430353861238
-0.8251597838998417,-0.6197653924178643,1.2692743493576786
-0.8313432795637061,-0.45189041851184164,1.6525691426192513
-0.8311224404328539,-0.7890510803903241,1.5019209402925633
-0.8178720925817156,-0.7523725146629578,1.3646213128555824
-0.8403976839286507,-0.34185472132974276,0.9470016127347639
0.41418941844329404,-0.19655117248671472,-0.8304564807931573
-0.8249389447689893,-0.6903010957397225,1.6621038389690417
-0.8463603404616629,-0.5562832594281919,0.23762020431036027
0.6367952623424176,0.671037978372142,-0.9446821430636458
0.9135066933003555,0.5708772796551033,-0.9134083390363334
-0.8264848186849554,-0.7777653678588268,0.155621815702163
-0.817430414320011,-0.42790827938240983,0.39017534590700614
0.5120211534108652,0.06584164387059803,-0.856390854864587
-0.850777123078709,-0.7439082302643348,0.5351027304238198
-0.8461395013308106,-0.7890510803903241,0.538916608963736
0.9965422065008223,0.8346808100788531,-0.9067340515914801
-0.8313432795637061,-0.4053368543194152,0.6609607222410527
0.8969437584864326,0.2661630413046755,-0.8274053779612243
-0.8097010447401802,-0.395461855854355,1.6315928106497126
-0.822509714329614,-0.39264042772148067,1.494293183212731
-0.8251597838998417,-0.6197653924178643,1.5667568754711378
0.7476565060302746,0.1236809205945218,-0.948496021603562
-0.809480205609328,-0.6846582394739739,-0.3363685159470202
-0.8304599230402969,-0.3348011509975569,0.7105411432599626
-0.8214055186753525,-0.3164618681338738,-0.03125823275372825
-0.8339933491339339,-0.6649082425438536,0.45310434181562265
-0.8130136317029648,-0.4391939919139071,1.841356130345101
-0.8463603404616629,-0.6973546660719084,0.6590537829710946
-0.8333308317413769,-0.5957832532884325,1.3169478311066303
0.44024843588386603,-0.1485868942278511,-0.878320656469105
-0.1900264435686125,0.2943773226334188,-0.8602047334045031
-0.8523229969946752,-0.7269796614670889,-0.09228028939238668
1.9317959256603339,0.8614843773411592,-0.916840829722258
-0.7041399401927785,-1.0965867468736261,0.8604265698786673
-0.8244972665072847,-0.7185153770684659,0.3634781961275931
1.0287847196052589,0.08277021266784401,-0.9614632086392769
1.213406232997786,0.466484438738753,-0.9122641754743586
0.4236855010699431,-0.20219402875246337,-0.8285495415231992
0.8881101932523405,-0.011747629783446057,-0.9074968272994635
-0.8344350273956384,-0.2953011571373163,1.845170008885017
-0.8161053795348971,-0.34890829166192855,1.6354066891896286
-0.8445936274148445,-0.370069002658486,1.8375422518051847
0.5815854796293414,0.6597522658406446,-0.9790070499228911
-0.8509979622095613,-0.7058189504705313,0.7296105359595434
2.465564104930355,0.28309161010192146,-0.9341939770788765
0.6019026796677531,-0.1979618865531519,-0.8562001609375911
-0.059068838973195564,-1.0726046077441944,-0.8113870880935765
-0.8161053795348971,-0.5534618312953176,0.4607320988954549
0.7054762320374844,0.4932880060010591,-0.9071154394454718
-0.8317849578254107,-0.49139041237208225,1.20825229271902
2.1963612044213954,0.17587734105269692,-0.9231337293131195
-0.24391119149657486,-1.0627296092791343,2.3127515178787363
-0.8152220230114879,-0.2953011571373163,0.3634781961275931
-0.8355392230499,-0.2910690149380048,1.4904793046728149
-0.8198596447593863,-0.600015395487744,0.7391452323093338
-0.8112469186561464,-0.4533011325782788,0.45310434181562265
-0.8483478926393336,-0.46599755917621327,1.2635535315478041
0.23464720506037,-0.12742618323129362,-0.866306939068369
-0.8150011838806357,-0.7594260849951436,0.6990995076402142
-0.8085968490859188,-0.8229082179848161,1.1739273858597747
0.7098930146545303,0.7754308192884922,-0.9759559470909583
-0.8141178273572265,-0.7932832225896357,0.4550112810855807
-0.8258223012923984,-0.7862296522574498,1.751729984657071
0.7816657321815293,-0.028676198580692043,-0.8226380297863292
-0.8459186621999583,-0.5675689719596891,-0.09990804647221899
-0.8108052403944417,-0.43778327784747,-0.33064769813714595
-0.8503354448170043,-0.7721225115930782,0.04501933804459479
0.7644402799750496,0.5384308561270484,-0.8998690702196311
1.0009589891178685,-0.15987260675934842,-0.9709979049890672
-0.8395143274052415,-0.3009440134030649,0.029763823884930183
0.041412965564603145,0.34657374309159394,-0.8647813876524025
-0.808817688216771,-0.7326225177328375,0.3691990139374673
0.8344462844552303,-0.21206902721752352,-0.8878553528188952
-0.8322266360871154,-0.3263368665989339,0.9622571268944284
1.0661065327192984,0.14766305972395363,-0.8102429245316015
1.3715270506880362,0.3973594494833319,-0.9572679422453692
-0.8344350273956384,-0.40674756838585235,1.7097773207179934
1.1646007850794264,0.15330591598970228,-0.9450635309176375
-0.06944827812325387,3.454376831452669,2.000776253313596
-0.8090385273476234,-0.8257296461176904,0.4950570057547003
-0.8127927925721126,-0.7777653678588268,0.004973613375475196
-0.8158845404040448,-0.3644261463927374,0.3672920746675092
0.8105956583231814,0.4185201604798894,-0.9155059722332873
1.1895556068657367,-0.010336915717008892,-0.9113107058393796
0.38967627491868817,-0.12601546916485645,-0.9013946216355975
-0.821847196937057,-0.2910690149380048,0.14799405862233067
1.1495837241814697,0.5539487108578572,-0.9275196896340232
-0.8132344708338171,-0.39405114178791784,-0.305857487627691
-0.30155020464902643,2.25950201718039,0.8175204363046105
-0.8509979622095613,-0.583086826690498,0.5541721231234005
0.5963817013964455,-0.08510476123817866,-0.9397241009617548
-0.8141178273572265,-0.6127118220856784,1.2578327137379302
-0.8476853752467767,-0.3799440011235462,0.9183975236853925
-0.8286932099934785,-0.6437475315472961,-0.15520928530100309
-0.8490104100318906,-0.48715827017277075,1.5686638147410963
-0.822509714329614,-0.5548725453617547,-0.2333937953692841
1.2507280461118253,0.02210950781104591,-0.9790070499228911
-0.8090385273476234,-0.7890510803903241,0.18803978329145027
-0.8417227187137646,-0.3601940041934259,0.6819370542105916
-0.8306807621711493,-0.5464082609631317,0.020229127535139804
-0.8333308317413769,-0.821497503918379,1.3817837662852048
-0.8331099926105247,-0.4970332686378309,1.1415094182704877
-0.3527848830067612,1.7925556611896885,1.7978779149900566
0.8861226410746698,0.5327879998612998,-0.9162687479412706
-0.8337725100030814,-0.3644261463927374,1.1167192077610324
0.2618104181552036,0.6188415579139669,-0.8459026888798177
0.14123225270984507,-0.24451545074557834,-0.9256127503640651
-0.28852069592874047,4.472912387420302,-0.1597859395489025
-0.8271473360775123,-0.48010469984058496,1.4275503087641985
0.07851393954779037,0.5863951343859121,-0.8439957496098596
-0.8496729274244476,-0.4942118405049566,0.4607320988954549
-0.8097010447401802,-0.6973546660719084,0.5827762121727715
0.7653236364984589,0.7641451067569949,-0.8205403965893752
0.6661668667457741,0.8304486678795416,-0.9647050053982057
0.7542816799558437,0.19139519578350575,-0.8489537917117506
0.9492826324984289,-0.017390486049194718,-0.951356430508499
0.9448658498813828,-0.2529797351442013,-0.8192055391004046
0.16552455710359865,-0.19372974435384038,-0.8386563196539769
-0.40490291788790517,-1.1318545985345554,2.269463996450688
0.13659463096194666,0.26898446943754983,-0.9599376572233104
-0.8505562839478568,-0.5294796921658858,0.20901611526098912
-0.8357600621807523,-0.5562832594281919,1.7803340737064424
-0.8492312491627428,-0.6733725269424766,1.2158800497988524
-0.8130136317029648,-0.5520511172288803,0.6075664226822266
0.8485799888297778,0.15330591598970228,-0.8901436799428449
-0.82979740564774,-0.6649082425438536,1.8566116445047656
-0.8099218838710326,-0.5929618251555582,0.46454597743537107
-0.06856492159984467,0.23653804590949504,-0.8230194176403207
0.8432798496893227,0.18716305358419424,-0.8336982775520859
-0.05310618244018341,0.2055023364478774,-0.9795791317038786
-0.845697823069106,-0.4391939919139071,1.795589587866107
-0.8408393621903552,-0.5308904062323229,-0.19906888851003882
-0.2242565088507197,2.318752007970751,-0.5455597538614209
-0.19466406531651084,0.7048951159666339,-0.8472375463687882
0.3203327878310644,0.35785945562309124,-0.9765280288719457
1.096361493646064,0.7119486862988198,-0.9462076944796123
-0.12576225649059175,-0.07240833464024417,-0.8581071002075492
0.06614694822006141,-0.1768011755565944,-0.8693580419003019
-0.3973943874389268,-1.1163367438037466,1.4872375079138862
-0.047143525907171115,0.7810736755542409,-0.9507843487275117
0.167953787542974,0.8121093850158585,-0.9530726758514614
0.9461908846664967,0.16035948632188812,-0.9820581527548242
2.3043515394081724,0.6414129829769615,-0.9341939770788765
0.18164581365581686,-1.0951760328071891,2.041012671909711
-0.07695680857223232,-1.078247464009943,0.8419292589600739
0.5685559709090553,0.044680932874040555,-0.8888088224538743
-0.8280306926009215,-0.3898189995886064,0.9660710054343447
0.1909210571516137,0.6047344172495952,-0.9744303956749919
0.39210550535806354,0.2097344786471889,-0.8443771374638511
1.316538107105812,0.525734429529114,-0.9443007552096542
1.0214970282871325,0.18293091138488277,-0.9103572362044006
1.2164979808297183,0.8149308131487328,-0.860395427331499
0.2472350355189514,0.833270096012416,-0.8241635812022955
2.794835249031142,0.799412958417924,-0.9389613252537715
0.061067648210458306,0.18716305358419424,-0.9587934936613357
1.064560658803332,0.3804308806860859,-0.8302657868661615
-0.8108052403944417,-0.7989260788553842,0.6247288761118492
-0.05222282591677421,0.7697879630227435,-0.9816767649008323
-0.817430414320011,-0.6310511049493617,1.492386243942773
-0.8333308317413769,-0.8130332195197559,0.3768267710172996
-0.09042799555422291,-0.16269403489222276,-0.9500215730195285
1.9145704734538542,0.8092879568829842,-0.9610818207852854
-0.8448144665456967,-0.6014261095541812,-0.3001366698178167
-0.013796817148473101,0.765555820823432,-0.942584509866692
1.4956386422270314,0.2943773226334188,-0.9174129115032453
-0.8505562839478568,-0.3968725699207922,0.2967353216790606
-0.8373059360967184,-0.667729670676728,0.3691990139374673
1.0177427630626437,0.4904665778681848,-0.933621895297889
-0.8309016013020015,-0.5534618312953176,-0.07702477523272207
0.0363336655550002,0.6780915487043278,-0.9183663811382244
0.9071023585056388,0.8713593758062195,-0.959365575442323
-0.8483478926393336,-0.43778327784747,0.4950570057547003
-0.5665571616717925,3.3923054125294336,0.994293706629724
1.1191079241238515,0.13355591905958197,-0.9191291568462077
-0.8395143274052415,-0.5337118343651972,1.2196939283387684
2.4476761353313186,0.970109360456821,-0.9319056499549268
-0.8432685926297308,-0.676193955075351,1.1357886004606133
1.3191881766760398,0.4185201604798894,-0.8258798265452578
0.6955384711491306,0.5271451435955511,-0.9214174839701573
-0.8103635621327372,-0.5125511233686397,1.5076417581024377
1.1374375719845928,0.34657374309159394,-0.8691673479733061
-0.8392934882743891,-0.5323011202987601,0.8173297423776147
-0.8295765665168877,-0.6366939612151102,1.2635535315478041
0.1867251136654198,0.013645223412422918,-0.9578400240263565
-0.82979740564774,-0.6423368174808589,1.1357886004606133
-0.8516604796021182,-0.6564439581452306,1.7727063166266102
1.2158354634371613,0.2591094709724897,-0.852386282397675
2.574216957309689,0.23230590371018353,-0.9046364183945264
0.3792968357686299,0.24782375844099236,-0.8491444856387463
-0.8222888751987617,-0.6733725269424766,0.9031420095257281
-0.025280451952792875,-1.1233903141359323,2.3266721745494308
-0.8326683143488199,-0.43778327784747,1.0518832725824578
-0.20018504358781847,0.441091585542884,-0.9422031220127004
0.3450667704865225,0.6611629799070818,-0.82168456015135
-0.8264848186849554,-0.6352832471486731,1.389411523365037
0.4870663316245546,0.47918086533668747,-0.8529583641786624
-0.810142723001885,-0.7523725146629578,1.2196939283387684
-0.8178720925817156,-0.7382653739985862,0.07743730563388188
0.8560885192787563,-0.04419405331150086,-0.9647050053982057
-0.8403976839286507,-0.5167832655679513,0.7505868679290822
-0.8485687317701859,-0.39828328398722934,1.7307536526875325
-0.8280306926009215,-0.566158257893252,0.9317460985750993
1.3072628636100154,0.6103772735153439,-0.8769857989801342
0.9165984411322877,0.4566094402736928,-0.8884274345998826
-0.144091904351333,0.5751094218544147,-0.8916692313588114
-0.84415194915314,-0.4645868451097761,-0.15711622457096117
-0.8521021578638228,-0.7227475192677774,-0.2639048236886133
3.219508897660124,0.7359308254282516,-0.9368636920568177
0.7151931537949858,0.662573693973519,-0.9530726758514614
-0.8085968490859188,-0.43496184971459567,1.7097773207179934
0.535871779542914,0.7853058177535523,-0.8502886492007211
1.178071972061417,0.8106986709494213,-0.8186334573194171
0.6215573623136083,0.0023595108809255955,-0.959365575442323
-0.8503354448170043,-0.4152118527844753,-0.305857487627691
-0.842826914368026,-0.49985469677070526,0.21664387234082141
-0.8295765665168877,-0.5054975530364539,1.801310405675981
-0.8169887360583064,-0.48715827017277075,-0.42408772236509157
0.9190276715716631,0.26757375537111266,-0.8193962330274004
-0.8415018795829121,-0.6014261095541812,-0.3821350584260139
0.6098528883784361,0.020698793744608743,-0.9608911268582896
0.08094316998716572,-1.06978317961132,1.8829274064301866
1.2668493026640435,-0.23605116634695533,-0.9565051665373858
-0.8326683143488199,-0.31364044000099944,0.8878864953660636
-0.8165470577966017,-0.7509618005965207,1.0690457260120807
0.5228422708226281,-0.2614440195428243,-0.9174129115032453
-0.8432685926297308,-0.5280689780994485,1.15867187170011
-0.8306807621711493,-0.4899796983056451,1.1014636936013678
-0.850777123078709,-0.34185472132974276,0.130831605192708
-0.5557360442600295,4.44893024829087,0.8800680443592355
3.3988302719121957,0.35644874155665407,-0.917794299357237
-0.82979740564774,-0.5012654108371424,1.0709526652820387
-0.8339933491339339,-0.3714797167249232,0.7753770784385372
0.881264180195919,-0.19937260061958906,-0.8602047334045031
-0.8415018795829121,-0.7227475192677774,1.0309069406129192
-0.8386309708818322,-0.39405114178791784,-0.34781015156676853
0.6758837885032755,-0.06535476430805834,-0.9700444353540881
1.2661867852714868,-0.2614440195428243,-0.9650863932521972
0.6447454710531005,-0.08651547530461581,-0.8209217844433668
1.4088488638020757,0.039038076608291894,-0.9627980661282476
-0.8384101317509799,-0.3390332931968684,-0.04460680764343478
-0.8505562839478568,-0.7763546537923897,-0.2639048236886133
-0.8231722317221709,-0.8017475069882586,1.517176454452228
0.9603245890410442,0.32118088989572496,-0.8876646588918994
-0.0696691172541063,2.746198370101212,-0.9181756872112287
1.2759037070289883,0.2901451804341073,-0.898915600584652
-0.8348767056573431,-0.7678903693937666,1.791775709326191
-0.8152220230114879,-0.5647475438268149,0.5312888518839037
3.4730322198785704,0.3649130259552771,-0.9729048442590253
0.5542014274036553,0.09123449706646701,-0.9566958604643816
-0.26820349589032844,1.7558770954623222,1.7990220785520317
-0.023513738905974472,5.574680073307729,1.4576799492295363
0.9859419282199116,0.0065916530802370915,-0.9221802596781405
0.7741572017325513,0.21255590678006323,-0.8287402354501949
0.20063797890911506,0.7613236786241205,-0.9389613252537715
-0.8134553099646695,-0.5393546906309459,0.5732415158229812
0.0007785654877791097,0.0065916530802370915,-0.8632558362364361
0.12798190485870675,3.056555464717388,1.9346054606460508
1.1195496023855562,0.1448416315910793,-0.9666119446681638
-0.4371454309923417,2.8350733562867534,2.166107888018961
-0.845035305676549,-0.5971939673548696,1.131974721920697
-0.8324474752179677,-0.43072970751528417,1.8051242842158972
-0.03212646500921438,-0.1119083285004848,-0.9347660588598639
-0.8410602013212076,-0.8356046445827506,0.6571468437011365
0.7931493669858495,0.9517700775931378,-0.9517378183624907
-0.8207430012827955,-0.2910690149380048,0.33678104634818
0.19312944846013677,0.36209159782240274,-0.830647174720153
-0.8280306926009215,-0.8483010711806851,1.2730882278975946
-0.8238347491147278,-0.3319797228646826,1.6296858713797542
0.03567114816244326,-1.0824796062092545,0.5936457660115326
0.005416187235677533,0.5511272827249829,-0.9702351292810841
-0.8092593664784756,-0.667729670676728,0.1613426335120372
-0.8121302751795556,-0.7890510803903241,-0.046513746913392856
-0.8481270535084814,-0.5337118343651972,-0.12851213552159002
0.6591000145585002,0.3141273195635391,-0.9446821430636458
0.3008989443160615,0.8036451006172355,-0.9311428742469435
-0.8439311100222875,-0.3206940103331853,0.4950570057547003
0.9459700455356446,0.19844876611569157,-0.9200826264811867
-0.837747614358423,-0.8468903571142479,0.16706345132191144
-0.8479062143776289,-0.8313725023834391,-0.2257660382894518
-0.8468020187233675,-0.549229689096006,0.7734701391685792
-0.850777123078709,-0.6014261095541812,0.7067272647200465
2.990719558097137,0.0023595108809255955,-0.914743196525304
-0.8227305534604662,-0.3319797228646826,-0.27343952003840366
1.1226413502174886,0.6019129891167209,-0.9771001106529331
0.38305110099311895,0.19985948018212873,-0.8962458856067107
0.8132457278934092,0.21960947711224904,-0.9166501357952621
-0.810142723001885,-0.5252475499665742,0.14799405862233067
0.6078653362007655,0.5229130013962396,-0.953454063705453
-0.047143525907171115,0.25769875690605254,-0.9879696644916942
0.8136874061551137,-0.048426195510812356,-0.810815006312589
-0.8518813187329705,-0.5252475499665742,0.8211436209175309
0.8134665670242616,-0.26849758987501016,-0.9439193673556626
-0.8368642578350137,-0.5224261218336999,1.4065739767946595
-0.8211846795445003,-0.8073903632540073,1.023279183533087
-0.8233930708530232,-0.2910690149380048,1.4065739767946595
0.17126637450575855,-1.0641403233455713,0.32057206255353643
0.2737357312212281,0.26898446943754983,-0.9402961827427423
1.506901437900499,0.060198787604849376,-0.9473518580415872
1.7164777730793364,0.8868772305370283,-0.922752341459128
2.6530565270239617,0.270395183503987,-0.9616539025662727
2.1667687608871864,0.3141273195635391,-0.9540261454864404
-0.8390726491435369,-0.6014261095541812,0.9946750944837156
0.14233644836410653,4.694394495850937,0.38178481311919066
0.12069421354058071,0.09123449706646701,-0.846474770660805
2.4289048092088725,0.6315379845119014,-0.9828209284628073
-0.8481270535084814,-0.7015868082712199,0.43403494911604185
-0.8216263578062047,-0.3559618619941144,1.164392689509984
0.11186064830648838,0.07994878453496969,-0.9427752037936877
0.24325993116360992,0.2746273257032985,-0.9025387851975725
0.13438623965342356,-1.0627296092791343,0.7126387764569165
-0.20879776969105837,-1.0669617514784457,-0.4574591595893579
-0.8200804838902386,-0.8229082179848161,1.00039591229359
-0.17545106093236038,-0.19372974435384038,-0.8409446467779266
-0.8209638404136478,-0.39828328398722934,1.1205330863009486
-0.8412810404520599,-0.3009440134030649,0.26241041481981525
-0.42963690054336334,-1.093765318740752,2.44356755179786
-0.8083760099550664,-0.6225868205507387,0.8554685277767763
-0.8521021578638228,-0.7312118036664004,-0.40311139039555277
-0.816767896927454,-0.6437475315472961,-0.3916697547758043
-0.8448144665456967,-0.7650689412608923,0.6781231756706754
0.7012802885512903,0.009413081213111423,-0.8977714370226773
-0.8194179664976816,-0.7255689474006517,1.7631716202768195
-0.8196388056285341,-0.6790153832082253,1.2635535315478041
-0.3954068352612561,1.9731270616936456,1.8339190671922643
0.02109576552619105,0.7627343926905576,-0.8991062945116478
1.7325990296315548,0.6146094157146553,-0.9591748815153273
-0.6677014836021482,3.509394680043718,0.6592444768980904
-0.8470228578542198,-0.5802653985576237,1.2521118959280557
1.1369958937228881,0.21114519271362606,-0.9748117835289835
0.7845366408826095,0.7542701082919347,-0.9279010774880148
-0.16904672613764346,0.057377359471975045,-0.8750788597101761
-0.8264848186849554,-0.6959439520054712,0.9660710054343447
1.6782726034418878,0.441091585542884,-0.9654677811061888
-0.839956005666946,-0.6663189566102907,0.36157125685763497
1.3269175462558707,-0.017390486049194718,-0.8737440022212055
-0.8103635621327372,-0.7326225177328375,0.7029133861801303
-0.8306807621711493,-0.5337118343651972,0.9031420095257281
-0.17302183049298495,0.27885946790261,-0.8876646588918994
0.1264360309427406,0.5595915671236059,-0.9381985495457884
-0.8110260795252942,-0.4081582824522895,1.4122947946045339
-0.8284723708626263,-0.3474975775954914,1.6277789321097964
0.7039303581215182,0.2986094648327303,-0.8502886492007211
-0.8459186621999583,-0.5929618251555582,0.64379826881143
-0.8359809013116045,-0.7481403724636464,-0.02553741494385402
1.8074634949904862,0.38184159475252305,-0.9797698256308743
0.3786343183760729,0.29296660856698165,-0.8790834321770881
0.019770730741077328,0.6160201297810926,-0.8161544362684716
-0.814559505618931,-0.6098903939528042,1.5019209402925633
0.6323784797253714,0.10534163773083867,-0.9330498135169015
1.0729525457757199,-0.25580116327707564,-0.8111963941665807
-0.8264848186849554,-0.3277475806653711,0.567520698013107
0.015353948124031165,0.6131987016482182,-0.9614632086392769
-0.11957876082672718,2.2383413061838326,0.8421199528870698
0.6606458884744665,0.25769875690605254,-0.8111963941665807
1.2379193765223917,0.4128773042141407,-0.8439957496098596
-0.8465811795925152,-0.7904617944567613,0.9336530378450572
-0.12267050865865946,0.036216648475417564,-0.8457119949528218
0.22051350068582248,-1.1008188890729378,0.3985658786948218
-0.13525833911724086,-1.1276224563352437,0.2891075645992283
-0.8388518100126845,-0.4166225668509125,0.5255680340740295
0.9821876629954223,0.5906272765852235,-0.952309900143478
-0.8214055186753525,-0.7749439397259525,1.5133625759123117
-0.8326683143488199,-0.6352832471486731,1.4752237905131502
-0.8158845404040448,-0.6409261034144218,0.5522651838534424
-0.8154428621423402,-0.5097296952357654,1.3760629484753308
-0.8216263578062047,-0.7862296522574498,0.537009669693778
1.3428179636772366,0.4721272950045016,-0.9511657365815033
-0.8342141882647861,-0.36865828859204886,0.3463157426979704
0.22272189199434556,-1.1248010282023695,0.4916245150687757
2.958918723254405,0.043270218807603386,-0.9896859098346564
-0.14254603043536687,0.6752701205714534,-0.8775578807611215
3.4065596414920267,0.7528593942254975,-0.931714956027931
-0.8373059360967184,-0.46317613104333893,-0.08465253231255437
-0.8191971273668294,-0.38276542925642054,1.6773593531287063
-0.8364225795733092,-0.728390375533526,1.5972679037904671
0.10302708307239622,0.3296451742943479,-0.9603190450773019
0.829808662707332,0.1688237707205111,-0.8804182896660587
2.1214967390624637,0.4185201604798894,-0.9189384629192119
0.9479575977133151,0.5116272888647423,-0.8855670256949455
-0.8123511143104079,-0.6747832410089137,0.5579860016633166
-0.8311224404328539,-0.45189041851184164,-0.14758152822117077
-0.30397943508840186,-1.129033170401681,2.666107364601968
1.0669898892427074,0.23089518964374636,-0.8249263569102788
-0.8238347491147278,-0.30940829780168794,0.5942178477925201
1.2171604982222748,0.7260558269631914,-0.9605097390042978
0.46409906201591494,0.7867165318199895,-0.8275960718882202
0.10633967003518076,0.8219843834809186,-0.978244274214908
0.14366148314922042,0.5680558515222289,-0.9221802596781405
0.31414929216719983,0.2464130443745552,-0.9780535802879122
-0.18185539572707718,0.07994878453496969,-0.8630651423094403
-0.8211846795445003,-0.8313725023834391,1.6621038389690417
-0.07629429117967537,-0.2572118773435128,-0.9729048442590253
0.9194693498333679,0.3790201666196487,-0.9565051665373858
0.6376786188658267,-0.26003330547638714,-0.8897622920888533
0.4437818619775028,0.0630202157377237,-0.8308378686471488
3.2497638585868898,0.3352880305600966,-0.909785154423413
-0.8346558665264908,-0.6310511049493617,0.13464548373262414
3.23916358030598,0.3790201666196487,-0.9765280288719457
1.0577146457469107,0.7556808223583719,-0.8417074224859098
-0.1633049087354835,5.103501575117715,-0.6605481918398928
-0.8189762882359771,-0.30376544153593926,-0.37832117988609776
-0.8085968490859188,-0.7975153647889471,-0.01981659713397979
0.5230631099534804,-0.27978330240650745,-0.9067340515914801
-0.037647443280522004,0.3606808837559656,-0.8127219455825471
-0.060173034627457184,0.10675235179727582,-0.9757652531639623
0.4788952837830194,-0.2007833146860262,-0.897008661314694
-0.11339526516286261,0.3733773103539001,-0.8643999997984109
3.2398260976985362,0.7246451128967543,-0.96222598434726
-0.8207430012827955,-0.7213368052013402,-0.1704647994606677
0.4364941706593768,0.8896986586699026,-0.9738583138940043
0.20284637021763816,-1.0711938936777572,1.611379254388157
-0.2030559522888985,5.415269383800329,2.221027738993753
0.7198307755428841,-0.10626547223473613,-0.9685188839381218
-0.7070108488938585,3.1496625931022413,1.8018824874569683
-0.8282515317317738,-0.5111404093022026,1.6220581142999224
-0.8222888751987617,-0.8271403601841276,0.39017534590700614
-0.8229513925913186,-0.8426582149149364,1.5553152398513894
-0.8251597838998417,-0.6917118098061598,-0.10944274282200926
-0.82979740564774,-0.3319797228646826,0.8306783172673212
-0.8472436969850722,-0.3644261463927374,1.078580422361871
2.1791357522149157,0.7443951098268745,-0.9359102224218386
-0.8284723708626263,-0.5435868328302573,1.4103878553345757
-0.8178720925817156,-0.6493903878130448,1.4370850051139887
0.43870256196789986,-0.2614440195428243,-0.861348896966478
-0.8260431404232509,-0.7142832348691543,1.4008531589847855
-0.814559505618931,-0.6423368174808589,-0.2982297305478587
-0.8322266360871154,-0.37289043079136036,1.2063453534490618
1.1436210676484573,0.22807376151087205,-0.8817531471550294
-0.8189762882359771,-0.3192832962667481,1.3283894667263787
-0.8289140491243308,-0.8313725023834391,0.09650669833346263
1.122420511086636,-0.20642617095177487,-0.9305707924659561
0.9914629064912192,0.5990915609838465,-0.9872068887837109
-0.8233930708530232,-0.33762257913043126,0.11938996957295954
-0.8388518100126845,-0.3362118650639941,0.9031420095257281
-0.8331099926105247,-0.8440689289813736,0.7791909569784534
0.6272991797157683,0.3550380274902169,-0.8758416354181594
-0.8344350273956384,-0.583086826690498,-0.10372192501213513
-0.851439640471266,-0.5971939673548696,1.6449413855394188
0.28234845732446795,-0.038551197045752196,-0.9040643366135388
0.5179838099438773,0.7965915302850497,-0.9780535802879122
-0.8231722317221709,-0.34326543539617993,0.6323566331916816
-0.8366434187041615,-0.6860689535404111,0.10794833395321109
-0.8185346099742724,-0.6578546722116678,1.1624857502400263
-0.845035305676549,-0.7269796614670889,-0.02553741494385402
1.0177427630626437,0.5200915732633653,-0.8489537917117506
0.7999953800422707,-0.024444056381380544,-0.8287402354501949
2.3902579613097195,0.4185201604798894,-0.972332762478038
0.4062392097326111,0.6329486985783385,-0.9566958604643816
-0.8304599230402969,-0.7650689412608923,0.666681540050927
0.7984495061263047,-0.2177118834832722,-0.9666119446681638
1.2065602199413643,0.4862344356688733,-0.9069247455184759
-0.8284723708626263,-0.6818368113410996,1.438991944383947
2.861086988286834,0.9066272274671485,-0.96222598434726
0.6195698101359378,-0.10626547223473613,-0.80986153667761
-0.8364225795733092,-0.3884082855221692,0.876444859746315
-0.22491902624327664,1.8771985051759184,1.4227829605893034
-0.8443727882839922,-0.779176081925264,1.7212189563377418
-0.8512188013404137,-0.5393546906309459,1.3016923169469656
-0.8498937665552998,-0.7678903693937666,1.2387633210383493
-0.8379684534892753,-0.48433684203989646,1.7822410129764004
0.24679335725724688,0.441091585542884,-0.8167265180494591
-0.5813533834388969,-1.103640317205812,-0.31100622365657776
0.9327196976845061,-0.042783339245063695,-0.9006318459276144
-0.8388518100126845,-0.46176541697690177,1.023279183533087
-0.8092593664784756,-0.4899796983056451,1.35699355577575
0.17435812233769082,-0.2219440256825837,-0.9570772483183734
1.2014809199317613,0.10534163773083867,-0.8199683148083878
-0.8105844012635894,-0.395461855854355,0.824957499457447
-0.6584262401063513,5.4434836651290714,-0.41245539281834737
-0.1615381956886651,-0.038551197045752196,-0.8150102727064968
-0.8410602013212076,-0.6776046691417881,-0.3973905725856785
-0.8421643969754691,-0.557693973494629,-0.15520928530100309
-0.38944417872824383,-1.110693887537998,-0.7461697650610103
-0.8326683143488199,-0.6493903878130448,-0.26009094514869713
-0.8244972665072847,-0.4702297013755248,0.40161698152675457
-0.4479665484041047,2.866109065748371,-0.3777490981051104
0.7907201365464741,0.22666304744443488,-0.8670697147763522
-0.8176512534508632,-0.6691403847431651,-0.37260036207622355
1.051531150083046,0.19844876611569157,-0.8758416354181594
-0.10875764341496419,0.5976808469174093,-0.9406775705967338
0.9594412325176351,-0.26426544767569865,-0.9422031220127004
-0.1959891001016247,5.8173228927349205,0.9071465819926401
-0.8401768447977984,-0.6451582456137332,0.5579860016633166
2.6901575010071492,0.005180939013799926,-0.9126455633283502
-0.8172095751891586,-0.5365332624980715,1.824193676915478
0.9459700455356446,0.6301272704454641,-0.9704258232080799
-0.8262639795541031,-0.32492615253249674,1.30741313475684
-0.18075120007281564,0.5299665717284254,-0.8106243123855932
0.5314549969258678,-0.267086875808573,-0.8209217844433668
2.662994287912316,0.9038057993342742,-0.9279010774880148
0.6529165188946356,0.12227020652808465,-0.8520048945436834
0.0016619220111883108,0.044680932874040555,-0.937626467764801
-0.34748474386630596,3.1285018821056836,1.7555438631969873
-0.8200804838902386,-0.7128725208027172,-0.1933480707001646
1.2365943417372778,0.22525233337799772,-0.8439957496098596
-0.8437102708914352,-0.5675689719596891,1.0709526652820387
-0.8353183839190476,-0.31364044000099944,0.7524938071990404
0.3857011705633467,0.4537880121408185,-0.8645906937254068
0.6524748406329312,0.32682374616147364,-0.907878215153455
1.862231599441858,0.9179129399986459,-0.9532633697784572
0.06371771778068591,-0.2092475990846492,-0.9319056499549268
0.24127237898593926,0.7260558269631914,-0.9580307179533524
2.5379993398499114,0.7175915425645684,-0.9313335681739393
0.5932899535645132,0.8008236724843611,-0.8201590087353836
-0.8207430012827955,-0.6310511049493617,1.7803340737064424
2.404612504815119,0.8558415210754106,-0.9614632086392769
-0.8083760099550664,-0.7932832225896357,1.1109983899511584
0.9347072498621769,0.32541303209503647,-0.9393427131077633
-0.8315641186945585,-0.42649756531597266,0.27957286824943794
-0.8309016013020015,-0.8356046445827506,0.8402130136171116
2.0638577259100126,0.6174308438475297,-0.9736676199670085
0.9247694889738232,0.2746273257032985,-0.9860627252217361
0.8141290844168182,0.0757166423356582,-0.9515471244354949
-0.6182335182912319,-1.093765318740752,1.7137818931849054
0.8644804062511438,0.7161808284981313,-0.9566958604643816
3.2886315456168953,0.28732375230123297,-0.9519285122894865
-0.05398953896359262,0.25628804283961537,-0.8857577196219414
0.05863841777108296,3.9565910391042998,-0.7183284517196225
-0.8454769839382537,-0.7777653678588268,1.8356353125352265
-0.8346558665264908,-0.4702297013755248,1.35699355577575
0.7043720363832227,-0.18385474588878023,-0.8213031722973584
-0.8309016013020015,-0.6211761064843014,0.8325852565372793
1.0813444327481074,0.5976808469174093,-0.9172222175762496
-0.8196388056285341,-0.395461855854355,0.6342635724616397
0.6151530275188916,-0.2656761617421358,-0.9696630475000966
0.8395255844648334,0.46366301060587867,-0.9709979049890672
-0.8134553099646695,-0.4152118527844753,1.0614179689322485
0.6776505015500939,0.29719875076629315,-0.9772908045799289
-0.8304599230402969,-0.5351225484316344,-0.3001366698178167
-0.08336114336694914,-1.0923546046743147,1.8299144947253525
-0.8401768447977984,-0.6239975346171758,0.5198472162641553
-0.8355392230499,-0.46599755917621327,0.14990099789228875
0.8684555106064854,-0.0018726313183859006,-0.9113107058393796
-0.8373059360967184,-0.8031582210546958,1.181555142939607
0.8852392845512607,0.28732375230123297,-0.9126455633283502
1.0839945023183353,0.0757166423356582,-0.8695487358272976
-0.8516604796021182,-0.4250868512495355,0.3463157426979704
-0.8227305534604662,-0.7749439397259525,0.5541721231234005
-0.8483478926393336,-0.5407654046973831,0.6762162364007173
1.34414299846235,0.8953415149356513,-0.9784349681419038
0.5418344360759262,0.449555869941507,-0.9654677811061888
-0.8203013230210908,-0.6098903939528042,1.1033706328713262
1.2710452461502375,-0.25580116327707564,-0.8819438410820252
-0.21078532186872911,-1.1318545985345554,0.3455529669899872
-0.845035305676549,-0.7904617944567613,0.8859795560961055
2.382970269991593,0.8741808039390938,-0.975193171382975
-0.8401768447977984,-0.5153725515015141,0.6171011190320169
1.8227013950192952,0.6907879753022622,-0.943537979501671
-0.8231722317221709,-0.5125511233686397,-0.09418722866234476
-0.8496729274244476,-0.43496184971459567,0.8306783172673212
3.3233032891607084,0.1843416254513199,-0.9263755260720483
-0.8114677577869986,-0.7298010895999631,-0.30776442689764905
0.406901727125168,0.06866307200347237,-0.8127219455825471
1.0283430413435541,-0.2515690210777642,-0.8939575584827611
-0.8476853752467767,-0.6113011080192413,0.7029133861801303
-0.8180929317125679,-0.8398367867820621,0.3920822851769642
-0.8339933491339339,-0.8412475008484993,0.7868187140582857
-0.8158845404040448,-0.3898189995886064,0.13655242300258222
-0.7432284663536365,2.173448459127723,-0.4420129515026974
1.266407624402339,0.1772880551191341,-0.8430422799748805
-0.8280306926009215,-0.6310511049493617,0.0984136376034207
0.5528763926185415,0.7443951098268745,-0.8951017220447359
-0.8521021578638228,-0.7241582333342146,1.5534083005814316
-0.8311224404328539,-0.41239042465160103,-0.4145530260153012
1.140529319816525,0.41146659014770354,-0.9673747203761469
3.5015204677585183,0.24359161624168085,-0.9565051665373858
3.3191073456745133,0.6075558453824695,-0.9269476078530358
0.20660063544212737,0.26898446943754983,-0.8813717593010378
0.6471747014924759,0.11521663619589882,-0.9555516969024069
-0.8278098534700693,-0.7481403724636464,0.5312888518839037
-0.8269264969466601,-0.7763546537923897,1.5190833937221861
-0.8147803447497832,-0.31787258220031095,0.9107697666055602
0.9755624890698532,-0.17115831929084574,-0.9828209284628073
-0.33776782210880446,2.9987161879934643,0.2353318771864106
1.847877055936458,0.6541094095748959,-0.9210360961161658
-0.8465811795925152,-0.8200867898519418,1.4828515475929827
-0.836201740442457,-0.6649082425438536,0.9260252807652248
-0.8273681752083646,-0.4166225668509125,0.12129690884291762
-0.8269264969466601,-0.403926140252978,0.39589616371688036
-0.8141178273572265,-0.3517297197948029,1.3989462197148272
-0.8198596447593863,-0.7171046630020287,0.0011597348355590438
-0.07298170421689083,-1.0951760328071891,2.1272063269118164
0.07564303084671052,0.12932377686027047,-0.8205403965893752
0.6884716189618567,0.17164519885338544,-0.8924320070667946
-0.8421643969754691,-0.6917118098061598,1.488572365402857
0.9941129760614469,-0.22053331161614653,-0.9570772483183734
-0.8423852361063213,-0.370069002658486,0.8135158638376986
0.48507877944688393,-0.16269403489222276,-0.8417074224859098
-0.8452561448074014,-0.6634975284774164,-0.3268338195972298
-0.8284723708626263,-0.40251542618654085,1.00039591229359
-0.07033163464666323,0.3000201788991675,-0.8432329739018763
2.6528356878931096,0.09405592519934135,-0.9488774094575536
0.3841552966473806,-0.18244403182234306,-0.9238965050211029
2.6404686965653807,0.28450232416835863,-0.9069247455184759
-0.07055247377751549,-1.078247464009943,0.5118380713303312
-0.5519817790355404,4.856626613491211,1.1506627267662863
-0.8105844012635894,-0.3714797167249232,1.7555438631969873
0.30443237040969845,0.8092879568829842,-0.9490681033845494
0.10302708307239622,-0.1076761863011733,-0.8617302848204696
-0.8289140491243308,-0.6381046752815475,0.5274749733439876
-0.8311224404328539,-0.7439082302643348,1.0042097908335061
-0.8344350273956384,-0.7650689412608923,1.0309069406129192
-0.5237143702864453,-1.103640317205812,-0.6012423805441967
0.8181041887721598,-0.06817619244093268,-0.8790834321770881
-0.8315641186945585,-0.3150511540674366,0.64379826881143
1.0833319849257783,0.08135949860140686,-0.8643999997984109
-0.813896988226374,-0.3545511479276772,1.4428058229238632
-0.8125719534412603,-0.7594260849951436,0.7925395318681597
-0.16860504787593886,0.18716305358419424,-0.901966703416585
1.3039502766472308,-0.24310473667914118,-0.9090223787154298
0.3066407617182214,0.6907879753022622,-0.8378935439459937
0.2942737703904924,0.73169868322894,-0.975193171382975
1.6316755468320514,0.07712735640209535,-0.978244274214908
0.8934103323927958,0.1236809205945218,-0.9378171616917967
0.550226323048314,0.6103772735153439,-0.9343846710058723
0.08337240042654107,0.6555201236413332,-0.9429658977206836
-0.7416825924376704,-1.0994081750065006,0.2727078868775888
-0.8207430012827955,-0.31787258220031095,1.6868940494784965
-0.8426060752371738,-0.8031582210546958,0.6647746007809688
-0.8373059360967184,-0.7904617944567613,1.5076417581024377
1.2906999287960927,0.35362731342377973,-0.9776721924339205
1.1544421850602204,0.432627301144261,-0.9696630475000966
1.773233429708379,0.270395183503987,-0.9082596030074466
-0.2008475609803754,-0.003283345384823066,-0.816917211976455
0.6904591711395275,0.3183594617628506,-0.9807232952658534
-0.8229513925913186,-0.5210154077672627,1.0633249082022063
-0.8494520882935951,-0.5703904000925635,0.5179402769941972
-0.8161053795348971,-0.6324618190157988,0.2357132650404022
-0.17324266962383728,0.6075558453824695,-0.9256127503640651
-0.7533870663728424,3.507983965977281,-0.24960277916392773
-0.8481270535084814,-0.5294796921658858,-0.31348524470752326
-0.3443929960343737,-1.0951760328071891,1.240670260308307
-0.8306807621711493,-0.566158257893252,0.44166270619587417
0.35125026615038707,0.603323703183158,-0.9261848321450525
-0.8483478926393336,-0.7678903693937666,-0.21432440266970343
-0.3784022221856286,-1.1092831734715607,2.669921243141884
-0.824718105638137,-0.5689796860261264,0.7315174752295015
0.9501659890218384,0.6442344111098358,-0.9057805819565011
1.4426372508224783,0.41569873234701504,-0.9904486855426397
-0.7531662272419901,-1.0711938936777572,1.742958064015264
-0.8227305534604662,-0.3559618619941144,1.2940645598671332
-0.8207430012827955,-0.35737257606055156,0.12701772665279185
-0.39518599613040384,-1.0853010343421288,-0.48263075795280447
-0.8176512534508632,-0.6550332440787935,-0.24674237025899062
-0.16220071308122203,-1.0909438906078774,0.08048840846581488
0.8638178888585868,0.1885737676506314,-0.9854906434407485
0.5913024013868428,0.7951808162186125,-0.9479239398225746
0.8783932714948391,0.5468951405256715,-0.9549796151214195
-0.3744271178302871,-1.110693887537998,1.2742323914595695
-0.8496729274244476,-0.3108190118681251,-0.16855786019070962
-0.5515401007738358,5.416680097866766,2.720264439868777
-0.8384101317509799,-0.3884082855221692,-0.41836690455521736
-0.8468020187233675,-0.5943725392219953,0.9336530378450572
-0.18627217834412327,4.0609838800206495,0.7505868679290822
0.7233642016365208,0.3832523088189602,-0.948496021603562
3.3544416066108824,0.3790201666196487,-0.9156966661602831
-0.8421643969754691,-0.30376544153593926,-0.05414150399322516
-0.8127927925721126,-0.5788546844911865,-0.30967136616760715
1.771908394923265,0.3550380274902169,-0.9492587973115452
0.47381598377341627,-0.04419405331150086,-0.9164594418682663
-0.1739051870163942,0.5638237093229174,-0.9017760094895891
-0.8386309708818322,-0.6945332379390341,-0.36115872645647507
0.5919649187793996,0.3719665962874629,-0.966230556814172
-0.8282515317317738,-0.3658368604591746,-0.34781015156676853
-0.8346558665264908,-0.30940829780168794,1.492386243942773
-0.8289140491243308,-0.6903010957397225,1.0042097908335061
-0.850777123078709,-0.5266582640330114,0.8917003739059797
-0.6831602227618095,4.726840919378992,1.842118906053084
0.1111981309139316,-1.1177474578701836,1.4239271241512783
-0.05531457374870634,-0.14999760829428826,-0.9118827876203669
-0.8328891534796722,-0.660676100344542,1.610616478680174
0.9667289238357611,0.5962701328509722,-0.9288545471229939
-0.8306807621711493,-0.8327832164498763,0.3825475888271738
0.1427781266258112,0.25205590064030386,-0.9235151171671112
-0.8130136317029648,-0.7693010834602039,1.0766734830919131
-0.8154428621423402,-0.3855868573892949,0.5732415158229812
-0.817430414320011,-0.8327832164498763,1.6220581142999224
-0.8465811795925152,-0.583086826690498,0.5427304875036522
-0.8220680360679095,-0.43496184971459567,0.2872006253292702
-0.8205221621519433,-0.7213368052013402,1.6411275069995026
1.1334624676292513,-0.048426195510812356,-0.8941482524097569
1.3940526420349713,0.9672879323239467,-0.9917835430316103
1.3306718114803595,0.7218236847638799,-0.943537979501671
1.6369756859725066,0.3550380274902169,-0.9446821430636458
1.2390235721766532,0.5200915732633653,-0.9456356126986248
0.27086482252014804,0.5341987139277369,-0.9412496523777213
-0.060173034627457184,0.22525233337799772,-0.8596326516235158
0.873976488877793,0.5652344233893546,-0.8983435188036646
-0.8203013230210908,-0.5986046814213069,0.27957286824943794
-0.8357600621807523,-0.728390375533526,1.6964287458282872
-0.8339933491339339,-0.6296403908829245,0.6609607222410527
-0.19886000880270466,-1.0641403233455713,0.6924252201953608
2.8732331404837095,0.17587734105269692,-0.9944532580095515
-0.8165470577966017,-0.5449975468966946,0.17469120840174374
0.718947419019475,-0.1401226098292281,-0.8275960718882202
-0.821847196937057,-0.6832475254075367,-0.056048443263183235
-0.3821564874101178,-1.1064617453386862,-0.3178712050284268
-0.8249389447689893,-0.7213368052013402,0.29101450386918637
-0.8317849578254107,-0.6747832410089137,0.9527224305446379
0.15183253099075564,-0.16974760522440857,-0.9519285122894865
1.295337550543991,0.6653951221063933,-0.8994876823656395
-0.8220680360679095,-0.32351543846605957,-0.39357669404576234
-0.8293557273860355,-0.44342613411321863,0.7429591108492499
-0.18030952181111104,0.2548773287731782,-0.8382749317999854
1.566969681492326,0.7133594003652569,-0.9801512134848661
0.1551451179535402,0.22666304744443488,-0.8918599252858073
-0.8384101317509799,-0.3601940041934259,0.010694431185349424
0.10501463525006705,-1.0965867468736261,0.03681949918377492
-0.8280306926009215,-0.429318993448847,1.1033706328713262
2.2884511219868067,0.1236809205945218,-0.9509750426545075
0.9640788542655334,0.8346808100788531,-0.9130269511823419
-0.5356396833524698,-1.0726046077441944,-0.4587940170783285
-0.8256014621615462,-0.5520511172288803,0.02594994534501403
-0.8121302751795556,-0.5844975407569352,0.24524796139019256
-0.07496925639456149,4.502537382815483,2.2063443066150756
-0.014459334541030041,-0.16692617709153423,-0.8302657868661615
-0.7006065140991415,3.180698302563859,2.2345670078104556
-0.8313432795637061,-0.4166225668509125,0.8230505601874889
-0.8141178273572265,-0.32351543846605957,1.7612646810068617
-0.821847196937057,-0.3446761494626171,1.4485266407337372
2.4454677440227957,0.9023950852678371,-0.9547889211944235
-0.839956005666946,-0.28824758680513046,1.4714099119732342
-0.37597299174625326,-1.1177474578701836,2.0455893261576104
0.5579556926281445,-0.2515690210777642,-0.8077639034806561
0.16662875275786013,-1.1318545985345554,1.0345301252258396
1.3695394985103655,0.07994878453496969,-0.99407187015556
-0.8373059360967184,-0.7269796614670889,0.462639038165413
-0.048910238953989514,0.6639844080399562,-0.9322870378089184
-0.8262639795541031,-0.5788546844911865,-0.1933480707001646
1.8284432124214551,0.5666451374557917,-0.9627980661282476
0.8313545366232981,0.3352880305600966,-0.892050619212803
-0.8289140491243308,-0.3404440072633056,0.19185366183136643
-0.4185949440007481,3.5785196692991392,0.6987181197862227
-0.5912911443272506,-1.0994081750065006,2.229608965708565
0.17479980059939534,4.525108807878477,-0.297848342693867
-0.8233930708530232,-0.46035470291046465,0.2528757184700249
0.45173207068818577,0.3635023118888399,-0.9111200119123838
-0.8280306926009215,-0.46599755917621327,1.5209903329921441
-0.5800283486537832,-1.07965817807638,0.9014257641827659
2.1217175781933157,0.7726093911556179,-0.9570772483183734
1.0742775805608336,0.9249665103308317,-0.9052085001755137
1.0952572979918025,0.023520221877483077,-0.9864441130757277
-0.8311224404328539,-0.4335511356481585,0.29101450386918637
-0.8209638404136478,-0.3474975775954914,0.020229127535139804
0.08293072216483655,0.5821629921866005,-0.9313335681739393
2.3494027221020426,0.5370201420606112,-0.9698537414270924
1.1447252633027192,0.8346808100788531,-0.8941482524097569
-0.8150011838806357,-0.6874796676068482,0.22236469015069565
-0.8097010447401802,-0.6395153893479846,-0.3172991232474394
0.8260543974828428,0.14343091752464213,-0.8195869269543962
0.17502063973024776,1.7248413860007044,1.5707614479380498
3.3937509719025933,0.6315379845119014,-0.9408682645237296
-0.8203013230210908,-0.7058189504705313,1.0404416369627094
-0.8397351665360937,-0.6366939612151102,1.5972679037904671
0.5095919229714898,-0.10626547223473613,-0.9216081778971531
0.16221197014081395,-0.20642617095177487,-0.866306939068369
-0.8423852361063213,-0.46035470291046465,0.6838439934805496
0.4479778054636967,0.8741808039390938,-0.952309900143478
-0.5639070921015648,2.2538591609146414,0.3192372050645657
-0.7248988184928953,4.945501599676753,0.6399843902715139
0.43538997500511534,0.7429843957604374,-0.9160780540142748
2.5815046486278153,0.6160201297810926,-0.9797698256308743
0.23288049201355163,0.8600736632747221,-0.9740490078210001
-0.6526844227041915,-1.0669617514784457,2.5835368942127834
1.2436611939245514,0.7768415333549293,-0.8354145228950483
0.36516313139408235,0.27321661163686134,-0.93266842566291
1.3035085983855264,-0.23887259447982967,-0.9559330847563985
-0.8339933491339339,-0.8116225054533188,0.0679026092840917
-0.8370850969658662,-0.3996939980536665,1.8508908266948911
0.5617099578526338,0.0757166423356582,-0.9854906434407485
-0.8152220230114879,-0.838426072715625,1.1968106570992716
0.7178432233652132,-0.07664047683955566,-0.9305707924659561
-0.8121302751795556,-0.8440689289813736,1.5305250293419348
0.005195348104825115,2.4626448427473417,2.0139341342763064
-0.8189762882359771,-0.6451582456137332,0.14036630154249838
-0.8112469186561464,-0.6945332379390341,-0.15520928530100309
1.2535989548129052,-0.055479765842998185,-0.9402961827427423
-0.827589014339217,-0.736854659932149,1.488572365402857
1.3189673375451874,0.7937701021521754,-0.9496401851655368
0.22272189199434556,4.010198173628912,2.7927281321271837
-0.596591283467706,5.765126472276745,2.799593113499033
1.2335025939053457,0.18293091138488277,-0.8733626143672139
0.5862231013772397,0.49469872006749627,-0.9420124280857046
-0.5301187050811621,3.215966154224788,2.7648868187857962
-0.8183137708434202,-0.4730511295083991,1.0423485762326676
-0.8350975447881953,-0.7396760880650234,1.593454025250551
-0.8503354448170043,-0.736854659932149,0.7887256533282437
0.4521737489498905,0.5638237093229174,-0.8905250677968365
-0.16507162178230206,-0.1076761863011733,-0.9101665422774047
1.008025841305142,0.5497165686585458,-0.8245449690562873
0.5789354100591135,-0.04983690957724952,-0.947542551968583
0.14454483967262963,4.8157159055645335,0.46740638634030807
-0.02263038238256527,0.35362731342377973,-0.8485724038577589
-0.8090385273476234,-0.7269796614670889,1.8261006161854363
-0.8512188013404137,-0.4970332686378309,0.2891075645992283
0.5332217099726865,0.4693058668716273,-0.9860627252217361
-0.8326683143488199,-0.6381046752815475,0.22808550796056987
-0.8370850969658662,-0.5534618312953176,0.3272463499983896
0.6780921798117984,0.25628804283961537,-0.8886181285268785
0.8410714583807997,0.5948594187845351,-0.9084502969344425
-0.8366434187041615,-0.3348011509975569,1.7307536526875325
-0.2540697915157809,-1.0711938936777572,0.069428160700058
3.3877883153695802,0.34234160089228244,-0.9086409908614382
-0.8306807621711493,-0.4575332747775903,1.847076948154975
1.0387224804936124,0.833270096012416,-0.8924320070667946
1.0870862501502672,-0.0018726313183859006,-0.9378171616917967
-0.845035305676549,-0.7481403724636464,0.537009669693778
-0.4106447352900651,3.24982329181928,0.5919295206685704
1.3335427201814398,0.09687735333221567,-0.8958644977527191
0.04472555252738769,0.3649130259552771,-0.9280917714150105
-0.8105844012635894,-0.6818368113410996,0.4607320988954549
0.015574787254883425,0.6936094034351366,-0.9624166782742558
-0.8317849578254107,-0.5351225484316344,0.3672920746675092
1.1356708589377744,0.877002232071968,-0.9280917714150105
0.8116998539774428,-0.250158307011327,-0.9246592807290861
0.04715478296676303,0.4128773042141407,-0.9669933325221554
3.42312257630595,0.5243237154626768,-0.9511657365815033
-0.07342338247859535,-0.01456905791632039,-0.8727905325862265
1.0382808022319079,0.5863951343859121,-0.9769094167259373
-0.8381892926201276,-0.3319797228646826,-0.08465253231255437
-0.8211846795445003,-0.3277475806653711,0.22427162942065373
-0.41925746139330505,5.609947924968657,-0.3272152074512214
2.1809024652617337,0.3028416070320418,-0.9324777317359142
-0.8498937665552998,-0.36724757452561174,1.3093200740267978
0.5175421316821728,-0.2826047305393818,-0.9835837041707904
-0.8165470577966017,-0.6959439520054712,-0.13995377114133847
3.0132451494440717,0.3522165993573426,-0.9141711147443167
0.5776103752739997,0.2746273257032985,-0.9809139891928492
0.9298487889834263,0.11098449399658733,-0.8336982775520859
0.35765460094510393,-0.17821188962303156,-0.8390377075079685
-0.8328891534796722,-0.38699757145573205,1.236856381768391
1.1281623284887963,0.041859504741166224,-0.8954831098987275
-0.8320057969562631,-0.39264042772148067,0.7143550217998789
-0.8271473360775123,-0.676193955075351,0.43594188838599995
0.5080460490555236,0.043270218807603386,-0.8163451301954675
2.7098121836530047,0.1772880551191341,-0.9673747203761469
-0.8339933491339339,-0.6239975346171758,0.6495190866213042
1.2666284635331913,0.7091272581659455,-0.8962458856067107
1.0102342326136653,0.7867165318199895,-0.9685188839381218
1.9024243212569771,0.17869876918557126,-0.9568865543913776
0.10214372654898703,-1.1248010282023695,2.5516910084044833
0.785640836536871,0.3282344602279108,-0.897008661314694
-0.015784369326143764,-0.09215833157036447,-0.8931947827747778
1.212302037343524,0.7387522535611258,-0.9012039277086017
2.409912643955574,0.8064665287501098,-0.9610818207852854
-0.8417227187137646,-0.667729670676728,0.64379826881143
1.1864638590338044,0.19280590984994292,-0.9309521803199476
-0.8203013230210908,-0.3122297259345623,0.1613426335120372
-0.8240555882455801,-0.7749439397259525,0.1384593622725403
-0.8426060752371738,-0.29247972900444197,0.8402130136171116
-0.16440910438974513,0.5652344233893546,-0.829503011158178
-0.8306807621711493,-0.7142832348691543,-0.34781015156676853
-0.16220071308122203,0.5215022873298024,-0.8678324904843354
-0.8373059360967184,-0.6917118098061598,-0.23720767390920025
3.1318357627117597,0.3338773164936594,-0.9828209284628073
-0.8357600621807523,-0.37289043079136036,0.24524796139019256
-0.8209638404136478,-0.39264042772148067,0.6476121473513462
-0.8196388056285341,-0.6776046691417881,0.4473835240057484
-0.814559505618931,-0.3277475806653711,0.5084055806444069
1.1003365980014057,0.41569873234701504,-0.9900672976886481
0.48220787074580396,0.6244844141797155,-0.9225616475321321
-0.8426060752371738,-0.4095689965187267,0.0831581234437561
-0.8099218838710326,-0.43778327784747,-0.26199788441865524
-0.030580591093248236,0.08559164080071835,-0.8668790208493564
-0.8156637012731925,-0.8158546476526303,0.29482838240910253
0.7768072713027787,0.19844876611569157,-0.9063526637374886
-0.8461395013308106,-0.5802653985576237,0.2757589897095218
-0.8110260795252942,-0.5097296952357654,1.1281608433807808
-0.8335516708722291,-0.7142832348691543,0.3234324714584735
-0.8108052403944417,-0.403926140252978,0.3138977751086831
-0.8408393621903552,-0.5167832655679513,-0.19906888851003882
-0.8185346099742724,-0.513961837435077,0.0831581234437561
-0.8278098534700693,-0.420854709050224,1.6907079280184127
0.8362129975020487,-0.14153332389566525,-0.8508607309817086
1.0709649935980492,-0.058301193975872516,-0.9732862321130169
-0.8123511143104079,-0.5449975468966946,0.39398922444692225
-0.8253806230306939,-0.6437475315472961,0.9222114022253087
0.20726315283468416,2.6742519527129165,1.1151936563450662
-0.8498937665552998,-0.39122971365504355,0.47408067378516144
0.1683954658046785,-1.086711748408566,1.3602353525346784
0.556851496973883,0.7838951036871151,-0.947542551968583
-0.8273681752083646,-0.37853328705710904,0.6457052080813881
2.0115188518980163,0.26898446943754983,-0.9469704701875955
-0.8322266360871154,-0.6366939612151102,0.3691990139374673
-0.8178720925817156,-0.7481403724636464,1.4447127621938212
-0.8379684534892753,-0.7749439397259525,1.8566116445047656
0.4603447967914257,0.3931273072840204,-0.8706928993892726
-0.8267056578158078,-0.4490689903789673,0.9584432483545123
-0.8304599230402969,-0.8243189320512533,0.9660710054343447
0.3653839705249346,0.9771629307890068,-0.9263755260720483
0.4621115098382442,0.06584164387059803,-0.8399911771429476
-0.8300182447785924,-0.3348011509975569,0.1384593622725403
2.1574935173913894,0.9602343619917608,-0.9116920936933711
-0.8430477534988783,-0.6197653924178643,-0.35353096937664275
-0.5566194007834387,3.7351089306736647,1.654857469743201
-0.0023131823441531725,0.5003415763332449,-0.9092130726424257
-0.8280306926009215,-0.7834082241245754,-0.2333937953692841
-0.814559505618931,-0.6070689658199299,0.5541721231234005
0.022199961180452667,1.9336270678334049,2.4990594845536402
-0.15226295219286826,0.2605201850389268,-0.8172985998304465
-0.8273681752083646,-0.7932832225896357,0.847840770696944
0.6125029579486638,0.17587734105269692,-0.9771001106529331
-0.850114605686152,-0.5365332624980715,1.7402883490373227
0.5988109318358208,-0.030086912647129208,-0.9044457244675305
0.026175065535794153,-1.0627296092791343,1.5515013613114734
1.296883424459957,0.3028416070320418,-0.8855670256949455
-0.8410602013212076,-0.6155332502185528,1.1338816611906553
0.8605053018958024,0.8036451006172355,-0.8359866046760356
2.414991943965177,0.029163078143231737,-0.937626467764801
-0.8236139099838755,-0.8102117913868816,1.8375422518051847
-0.8284723708626263,-0.5760332563583122,0.9965820337536738
-0.35477243518443197,-1.1022296031393748,0.06904677284606642
-0.8445936274148445,-0.4152118527844753,1.1396024790005292
0.6339243536413374,-0.10908690036761047,-0.8386563196539769
-0.845035305676549,-0.8229082179848161,0.666681540050927
1.3907400550721865,0.41993087454632655,-0.9915928491046145
-0.845697823069106,-0.5675689719596891,0.5560790623933585
1.831093281991683,0.048913075073352054,-0.9294266289039813
-0.8408393621903552,-0.8271403601841276,0.42831413130616763
0.01866653508681571,0.8078772428165469,-0.8912878435048198
1.5009387813674868,0.8106986709494213,-0.9854906434407485
-0.8121302751795556,-0.6846582394739739,1.6888009887484547
0.62266155796787,-0.267086875808573,-0.886139107475933
3.4675112416072627,0.9390736509952033,-0.9195105447001992
1.295337550543991,-0.23040831008120669,-0.8121498638015596
0.9499451498909859,-0.058301193975872516,-0.8451399131718343
2.8414323056409776,0.5666451374557917,-0.9748117835289835
-0.8326683143488199,-0.5167832655679513,0.17469120840174374
-0.8335516708722291,-0.6197653924178643,0.95081549127468
-0.5650112877558264,2.4513591302158444,-0.6021958501791757
-0.8238347491147278,-0.5379439765645088,1.2330425032284749
-0.8443727882839922,-0.49985469677070526,1.6010817823303833
1.0111175891370743,0.45802015434013,-0.9610818207852854
0.14918246142052805,0.7034844019001968,-0.8872832710379078
-0.8198596447593863,-0.591551111089121,-0.3363685159470202
-0.8256014621615462,-0.7664796553273295,0.35012962123788655
-0.8432685926297308,-0.7664796553273295,1.6392205677295448
-0.8092593664784756,-0.49562255457139376,0.4435696454658323
-0.10853680428411193,0.4368594433435725,-0.8819438410820252
-0.8267056578158078,-0.429318993448847,-0.1227913177117158
-0.006288286699494656,-1.120568886003058,2.7738494333545987
0.8823683758501806,0.33669874462653376,-0.9843464798787738
0.04516723078909237,0.2210201911786862,-0.8512421188357002
-0.6506968705265206,-1.1191581719366208,2.002301804729562
1.0974656893003258,0.7020736878337596,-0.808908067042631
-0.6341339357125978,5.657912203227521,-0.43495727620385255
-0.8291348882551832,-0.4490689903789673,0.9164905844154346
2.8531367795761504,0.0037702249473627607,-0.9383892434727842
-0.8335516708722291,-0.5026761249035796,1.3646213128555824
-0.03300982153262358,0.39594873541689474,-0.830647174720153
1.0698607979437877,0.18998448171706858,-0.9202733204081824
1.3107962897036523,0.6752701205714534,-0.9587934936613357
-0.020642830204894606,-0.1485868942278511,-0.9584121058073439
0.12268176571825137,-1.0824796062092545,1.7940640364501403
-0.8421643969754691,-0.40251542618654085,1.6868940494784965
-0.8342141882647861,-0.37853328705710904,0.8173297423776147
-0.8512188013404137,-0.6776046691417881,1.5019209402925633
1.9291458560901062,0.41569873234701504,-0.9450635309176375
3.27758958907428,0.25769875690605254,-0.9391520191807674
-0.8233930708530232,-0.7001760942047828,1.7879618307862748
0.5919649187793996,0.7881272458864267,-0.8514328127626961
-0.8386309708818322,-0.6395153893479846,-0.40311139039555277
0.8479174714372208,0.14766305972395363,-0.9673747203761469
0.7960202756869293,0.44532372774219553,-0.9921649308856019
0.08028065259460879,0.6992522597008852,-0.9012039277086017
-0.8271473360775123,-0.6141225361521157,0.44166270619587417
-0.05421037809444488,0.8036451006172355,-0.9429658977206836
0.2516518181359976,0.261930899105364,-0.9021573973435808
-0.8090385273476234,-0.6959439520054712,0.5446374267736103
0.12334428311080832,0.07007378606990954,-0.8516235066896919
-0.8161053795348971,-0.7946939366560728,-0.24483543098903254
1.2308525243351178,0.7486272520261861,-0.9750024774559792
-0.8326683143488199,-0.5379439765645088,-0.41073914747538504
-0.013796817148473101,2.375180570628238,-0.7631415245636373
-0.8498937665552998,-0.6663189566102907,-0.27343952003840366
-0.07717764770308458,0.6414129829769615,-0.8649720815793984
-0.8494520882935951,-0.3446761494626171,1.492386243942773
0.49722493164376064,-0.02585477044781771,-0.8401818710699434
-0.7430076272227841,-1.0810688921428173,2.5032547509475487
-0.004079895390971732,-0.23181902414764385,-0.8827066167900084
1.2321775591202317,0.20832376458075172,-0.8725998386592307
-0.8379684534892753,-0.3799440011235462,0.058367912934301325
0.21190077458258258,0.125091634660959,-0.9685188839381218
0.19379196585269357,-0.13024761136416793,-0.8520048945436834
0.7781323060878926,-0.11896189883267062,-0.8964365795337066
0.1111981309139316,-1.07965817807638,0.039679908088712135
0.6575541406425343,0.6724486924385791,-0.8714556750972557
0.5705435230867261,-0.1880868880880917,-0.8872832710379078
1.4516916551874228,0.8981629430685256,-0.9053991941025096
-0.13525833911724086,-1.0824796062092545,1.6386484859485575
2.892225305737008,0.17023448478694828,-0.9576493300993607
0.4009390705921557,0.5341987139277369,-0.9862534191487319
-0.5177517137534331,1.7883235189903768,-0.9158873600872789
1.0987907240854393,0.4622522965394415,-0.9542168394134362
-0.5400564659695158,-1.1332653126009924,0.12587356309081713
-0.8244972665072847,-0.32492615253249674,0.924118341495267
1.9178830604166386,0.5186808591969281,-0.9301894046119644
-0.8178720925817156,-0.6973546660719084,1.4504335800036956
0.970262349929398,0.09687735333221567,-0.9345753649328681
0.3843761357782328,0.7373415394946887,-0.9195105447001992
-0.1571214130716191,0.4142880182805779,-0.8258798265452578
-0.8258223012923984,-0.5252475499665742,1.027093062073003
-0.851439640471266,-0.3559618619941144,1.4809446083230247
0.3477168400567503,0.11803806432877315,-0.9807232952658534
0.002324439403745251,0.2506451865738667,-0.9486867155305578
2.7882100751055727,0.8643058054740336,-0.9387706313267757
2.608005344330092,0.7754308192884922,-0.9103572362044006
0.6191281318742329,-0.14294403796210242,-0.913789726890325
-0.8231722317221709,-0.719926091134903,0.6285427546517655
-0.8196388056285341,-0.4702297013755248,0.046926277314552865
0.2213968572092317,0.27321661163686134,-0.8983435188036646
0.2845568486329909,0.4128773042141407,-0.9315242621009352
-0.8388518100126845,-0.5238368359001371,1.0137444871832963
1.104311702356747,0.5102165747983051,-0.951356430508499
1.6252712120373345,0.8882879446034654,-0.9406775705967338
0.1407905744481404,0.10816306586371299,-0.8308378686471488
-0.8403976839286507,-0.5647475438268149,0.7353313537694176
-0.8112469186561464,-0.7354439458657118,1.7669854988167357
-0.8238347491147278,-0.3757118589242347,1.4504335800036956
0.62266155796787,0.20832376458075172,-0.96222598434726
1.3194090158068923,0.6047344172495952,-0.9717606806970505
-0.8302390839094447,-0.3362118650639941,0.06408873074417555
0.7313144103472038,0.6766808346378906,-0.9675654143031427
0.19600035716121664,0.19139519578350575,-0.8693580419003019
-0.8306807621711493,-0.5111404093022026,0.38826840663704804
1.1292665241430577,0.1236809205945218,-0.9828209284628073
-0.8452561448074014,-0.395461855854355,-0.4145530260153012
0.06349687864983365,-1.1149260297373094,1.8140868987847
0.9958796891082653,-0.16692617709153423,-0.8708835933162684
0.009170452460166598,-0.2529797351442013,-0.8420888103399015
0.19776707020803505,0.5285558576619882,-0.8234008054943123
-0.0561979302721157,5.095037290719092,2.698525332191255
-0.8364225795733092,-0.2967118712037535,1.5152695151822702
-0.827589014339217,-0.762247513128018,0.7315174752295015
0.3680340400951622,-0.052658337710123855,-0.8197776208813919
-0.8238347491147278,-0.7424975161978977,1.0919289972515775
-0.8339933491339339,-0.7255689474006517,1.4256433694942403
-0.05465205635614956,2.3300377205022484,-0.28831364634407675
-0.8278098534700693,-0.5957832532884325,1.5820123896308025
-0.8423852361063213,-0.6296403908829245,0.9603501876244702
-0.8161053795348971,-0.5407654046973831,-0.27916033784827793
-0.84415194915314,-0.7326225177328375,0.7105411432599626
1.7776502123254252,0.8516093788760991,-0.9042550305405346
-0.8359809013116045,-0.8426582149149364,0.6457052080813881
-0.20371846968145535,-0.15987260675934842,-0.9525005940704739
0.4497445185105151,0.06584164387059803,-0.9734769260400127
-0.8403976839286507,-0.8116225054533188,1.0976498150614518
-0.809480205609328,-0.6973546660719084,0.4149655564164611
0.5239464664768896,0.18010948325200843,-0.8910971495778239
1.044905976157477,-0.2854261586722561,-0.9160780540142748
-0.15336714784712988,0.027752364076794572,-0.908831684788434
0.7812240539198249,0.33669874462653376,-0.8807996775200504
0.29140286168941243,-0.01456905791632039,-0.8310285625741446
-0.8485687317701859,-0.7086403786034057,1.3798768270152468
-0.8476853752467767,-0.4335511356481585,1.8299144947253525
1.0111175891370743,0.7683772489563063,-0.9614632086392769
-0.2216064392804921,-1.0853010343421288,0.09593461655247527
2.660785896603793,0.9461272213273891,-0.9042550305405346
-0.8490104100318906,-0.7058189504705313,-0.30204360908777483
1.2582365765608035,0.5003415763332449,-0.981104683119845
0.8757432019246114,-0.03149762671356637,-0.814819578779501
1.0320973065680434,0.13778806125889345,-0.9843464798787738
-0.8284723708626263,-0.4928011264385194,0.8630962848566085
0.3384415965609534,0.5356094279941741,-0.8630651423094403
-0.8267056578158078,-0.7580153709287065,-0.08083865377263823
-0.8523229969946752,-0.5520511172288803,1.46568909416336
1.1597423242006757,0.14625234565751646,-0.9105479301313963
1.147817011134651,0.8375022382117274,-0.9515471244354949
0.4130852227890324,-0.015979771982757553,-0.9410589584507255
0.33314145742049805,-0.070997620573807,-0.9408682645237296
-0.8251597838998417,-0.8370153586491877,0.7105411432599626
-0.1602131609035512,0.22666304744443488,-0.9261848321450525
-0.8264848186849554,-0.4928011264385194,1.2444841388482233
0.39254718361976804,0.1236809205945218,-0.8628744483824444
-0.8158845404040448,-0.5308904062323229,0.7906325925982016
-0.8419435578446168,-0.7777653678588268,-0.3821350584260139
-0.13636253477150231,0.5638237093229174,-0.884994943913958
3.1048933887477776,0.44532372774219553,-0.9162687479412706
-0.5599319877462233,-1.103640317205812,1.522325190481115
-0.8191971273668294,-0.633872533082236,0.670495418590843
-0.8121302751795556,-0.5647475438268149,-0.4259946616350497
0.07763058302438118,-0.21489045535039786,-0.8994876823656395
0.08933505695955336,0.5849844203194748,-0.8125312516555513
-0.8233930708530232,-0.8511224993135594,-0.27343952003840366
-0.809480205609328,-0.34890829166192855,0.3119908358387252
0.7158556711875428,-0.14294403796210242,-0.975193171382975
-0.8348767056573431,-0.6987653801383455,1.164392689509984
0.9422157803111554,0.6668058361728305,-0.9677561082301385
-0.09329890425530293,0.508805860731868,-0.8396097892889559
-0.8267056578158078,-0.7650689412608923,1.5324319686118926
-0.8359809013116045,-0.5760332563583122,0.8363991350771954
-0.8198596447593863,-0.4786939857741478,1.8527977659648494
-0.8207430012827955,-0.4448368481796558,1.665917717508958
-0.845697823069106,-0.3559618619941144,1.6964287458282872
-0.8364225795733092,-0.41239042465160103,0.6247288761118492
0.14101141357899266,-0.1485868942278511,-0.9574586361723649
-0.3949651569995515,5.14582299711083,1.897420144881868
0.10921057873626079,-0.1485868942278511,-0.9671840264491511
-0.8114677577869986,-0.5591046875610662,0.012601370455307499
0.2951571269139016,0.6823236909036393,-0.9591748815153273
-0.8322266360871154,-0.7312118036664004,1.7364744704974064
-0.824718105638137,-0.5280689780994485,1.6697315960488741
0.5762853404888858,0.7401629676275631,-0.9153152783062916
1.204793506894546,-0.23181902414764385,-0.8577257123535577
-0.8130136317029648,-0.8468903571142479,1.5267111508020186
-0.05663960853382022,-1.1191581719366208,-0.1687485541177054
-0.8108052403944417,-0.5337118343651972,-0.2105105241297873
-0.8214055186753525,-0.44765827631253013,1.5133625759123117
-0.6297171530955518,4.829823046228905,-0.05166248294227962
1.0751609370842428,0.40159159168264336,-0.884994943913958
2.30987251767948,0.16600234258763677,-0.966421250741168
-0.8143386664880787,-0.7805867959917011,1.2826229242473848
0.6056569448922423,0.08418092673428118,-0.8110057002395848
0.521296396906662,0.6244844141797155,-0.9572679422453692
0.8364338366329012,0.10110949553152716,-0.9526912879974698
-0.8262639795541031,-0.41803328091734965,1.791775709326191
-0.850114605686152,-0.5167832655679513,0.6476121473513462
-0.2712952437222607,-1.1163367438037466,-0.4282829887589993
0.49678325338205614,0.833270096012416,-0.8348424411140607
2.8778707622316086,0.8078772428165469,-0.9601283511503061
-0.3203215307714724,3.215966154224788,1.2709905947006406
-0.8220680360679095,-0.48715827017277075,0.19185366183136643
0.5056168186161483,-0.041372625178626526,-0.8142474969985136
-0.8134553099646695,-0.5323011202987601,0.07934424490383994
-0.8490104100318906,-0.8017475069882586,0.22427162942065373
-0.6014497443464567,-1.07965817807638,-0.8422795042668972
-0.810142723001885,-0.5703904000925635,0.69337868983034
-0.8350975447881953,-0.633872533082236,0.012601370455307499
-0.42919522228165874,2.953573337867475,0.10699486431823216
1.1957391025296014,-0.2134797412839607,-0.9145525025983082
0.15404092229927874,-0.23181902414764385,-0.9113107058393796
-0.8242764273764324,-0.6268189627500501,0.33106022853830575
-0.8342141882647861,-0.3517297197948029,0.28529368605931216
-0.8251597838998417,-0.6127118220856784,0.8840726168261474
0.5645808665537136,0.039038076608291894,-0.9033015609055556
-0.012030104101654698,-0.11331904256692196,-0.8361772986030315
0.27439824861378503,0.5073951466654307,-0.8249263569102788
-0.8136761490955218,-0.37430114485779753,-0.3039505483577329
-0.39982361787830223,2.6784840949122284,-0.774201772329394
-0.8426060752371738,-0.37289043079136036,0.9222114022253087
0.3393249530843626,-0.23887259447982967,-0.9378171616917967
-0.809480205609328,-0.6423368174808589,1.583919328900761
-0.00010479103563009143,0.21255590678006323,-0.9113107058393796
-0.8267056578158078,-0.7566046568622693,1.0690457260120807
-0.10743260862985046,0.2943773226334188,-0.8787020443230965
-0.8445936274148445,-0.8130332195197559,0.1708773298618276
0.7277809842535671,-0.09780118783611313,-0.8176799876844381
-0.7436701446153411,3.0579661787838255,-0.6134467918719284
-0.8191971273668294,-0.3841761433228577,0.7944464711381178
0.706801266822598,0.5370201420606112,-0.8737440022212055
-0.8233930708530232,-0.7453189443307721,1.1720204465898165
1.04424345876492,-0.1810333177559059,-0.8277867658152159
0.30332817475543683,0.8685379476733451,-0.9334312013708932
0.6171405796965624,0.3874844510182717,-0.8377028500189979
0.7085679798694167,-0.1401226098292281,-0.9641329236172181
0.7030470015981091,0.8233950975473558,-0.9864441130757277
0.5963817013964455,0.6653951221063933,-0.9580307179533524
1.2467529417564838,0.5285558576619882,-0.9645143114712099
-0.8445936274148445,-0.6620868144109793,-0.05986232180309939
-0.8205221621519433,-0.3446761494626171,0.8325852565372793
-0.8419435578446168,-0.8511224993135594,1.646848324809377
-0.8280306926009215,-0.30517615560237643,1.1281608433807808
-0.8373059360967184,-0.5534618312953176,1.0499763333125
-0.8403976839286507,-0.676193955075351,0.8325852565372793
-0.8090385273476234,-0.37853328705710904,1.8508908266948911
-0.8229513925913186,-0.8398367867820621,1.2921576205971754
-0.21741049579429828,3.173644732231673,0.04063337772369107
3.0284830494728805,0.09969878146509001,-0.9309521803199476
-0.8249389447689893,-0.8144439335861932,0.7906325925982016
-0.8320057969562631,-0.6620868144109793,-0.18762725289029036
1.7685958079604807,0.2760380397697357,-0.987016194856715
-0.03963499545819282,0.1518952019232651,-0.8399911771429476
-0.008938356269722416,0.6837344049700764,-0.9004411520006185
-0.1913514783537263,0.22807376151087205,-0.8720277568782432
-0.8233930708530232,-0.6028368236206183,1.7135911992579096
0.4901580794564869,0.11521663619589882,-0.9139804208173208
-0.8238347491147278,-0.5083189811693283,0.4073377993366288
-0.8386309708818322,-0.31787258220031095,0.9145836451454764
0.14874078315882336,-0.08651547530461581,-0.9742397017479961
1.2482988156724502,0.5454844264592342,-0.8079545974076519
-0.8509979622095613,-0.5957832532884325,1.3188547703765885
0.6909008494012321,0.42698444487851234,-0.8756509414911636
-0.8512188013404137,-0.5111404093022026,1.259739653007888
-0.8253806230306939,-0.3503190057283657,0.4550112810855807
-0.8381892926201276,-0.5873189688898095,-0.3802281191560558
0.5747394665729199,0.8121093850158585,-0.9799605195578703
-0.816767896927454,-0.7495510865300835,-0.22385909901949372
1.0848778588417443,0.12650234872739613,-0.95040296087352
1.1374375719845928,0.8389129522781646,-0.8312192565011404
-0.8242764273764324,-0.6973546660719084,1.7936826485961488
3.3449455239842334,0.2506451865738667,-0.9040643366135388
1.0703024762054922,0.7486272520261861,-0.901966703416585
-0.4022528483176776,-1.0726046077441944,1.0797245859238456
-0.40291536571023445,1.8193592284519946,-0.27763478643231143
-0.8233930708530232,-0.6451582456137332,0.5141263984542811
-0.8505562839478568,-0.753783228729395,1.4542474585436116
-0.8364225795733092,-0.3559618619941144,1.1129053292211162
-0.12752896953741014,0.015055937478860084,-0.8968179673876983
-0.7023732271459601,-1.0909438906078774,1.4372756990409845
-0.8165470577966017,-0.4391939919139071,1.8508908266948911
-0.8183137708434202,-0.36724757452561174,0.6342635724616397
0.6125029579486638,0.687966547169388,-0.8739346961482013
0.20483392239530882,-0.1401226098292281,-0.8146288848525052
-0.8180929317125679,-0.61694396428499,-0.14948846749112885
-0.808817688216771,-0.6437475315472961,-0.39357669404576234
2.7162165184477214,0.5130380029311794,-0.9635608418362308
1.04998527616708,0.2464130443745552,-0.8197776208813919
0.010937165506985157,-0.045604767377938026,-0.9763373349449499
3.469277954654081,0.0954666392657785,-0.9345753649328681
1.0517519892138985,0.8967522290020884,-0.9214174839701573
-0.8260431404232509,-0.41239042465160103,0.7010064469101723
0.5014208751299544,-0.1316583254306051,-0.8220659480053417
0.8253918800902859,0.5031630044661193,-0.9340032831518806
-0.8284723708626263,-0.36160471825986307,0.8287713779973632
-0.8183137708434202,-0.8370153586491877,1.7383814097673649
1.0517519892138985,0.6837344049700764,-0.8371307682380104
-0.8158845404040448,-0.6423368174808589,1.610616478680174
-0.8445936274148445,-0.6409261034144218,1.8165659198356456
-0.8417227187137646,-0.7904617944567613,-0.27534645930836177
-0.1805303609419633,0.06443092980416087,-0.8573443244995661
-0.8236139099838755,-0.39828328398722934,0.8459338314269859
-0.04493513459864803,0.30566303516491616,-0.952309900143478
0.30111978344691376,0.5595915671236059,-0.9378171616917967
0.42545221411676154,0.5934487047180979,-0.922752341459128
0.8271585931371043,0.449555869941507,-0.937626467764801
-0.8242764273764324,-0.3559618619941144,0.2757589897095218
0.6425370797445773,-0.08087261903886715,-0.9334312013708932
2.1535184130360485,0.1942166239163801,-0.931714956027931
-0.850114605686152,-0.3108190118681251,1.383690705555163
-0.8185346099742724,-0.7058189504705313,1.438991944383947
0.734847836440841,0.4298058730113867,-0.8567722427185787
-0.8503354448170043,-0.7001760942047828,0.23762020431036027
-0.14497526087474222,0.7119486862988198,-0.8218752540783459
-0.8384101317509799,-0.3813547151899834,1.4752237905131502
-0.8127927925721126,-0.3362118650639941,1.7135911992579096
0.297586357353277,0.32682374616147364,-0.8807996775200504
-0.8262639795541031,-0.5788546844911865,-0.2982297305478587
1.1626132329017556,0.7881272458864267,-0.9311428742469435
0.8059580365752831,0.9306093665965803,-0.9559330847563985
-0.8220680360679095,-0.3221047243996224,1.3741560092053724
0.9651830499197949,0.6569308377077703,-0.8312192565011404
-0.18605133921327094,0.27744875383617285,-0.9553610029754112
-0.8313432795637061,-0.6423368174808589,1.4027600982547435
-0.8415018795829121,-0.43072970751528417,0.7429591108492499
-0.3523432047450566,-1.1262117422688067,0.5471164478245557
-0.8479062143776289,-0.7805867959917011,1.467596033433318
-0.82979740564774,-0.5873189688898095,0.4492904632757065
-0.8359809013116045,-0.574622542291875,-0.04842068618335093
-0.8196388056285341,-0.4772832717077106,1.2216008676087264
1.324488315816495,0.31694874769641346,-0.886139107475933
0.1160565917926823,0.22666304744443488,-0.8226380297863292
1.0862028936268582,0.4481451558750698,-0.9799605195578703
-0.8419435578446168,-0.7269796614670889,-0.2867880949281102
-0.06216058680512784,0.15471663005613945,-0.886139107475933
0.7361728712259549,0.32541303209503647,-0.9467797762605997
-0.8286932099934785,-0.3545511479276772,1.3875045840950788
0.6964218276725397,-0.23887259447982967,-0.9668026385951596
0.17391644407598614,0.0954666392657785,-0.9095944604964172
2.666748553136805,0.6329486985783385,-0.9864441130757277
-0.19863916967185233,0.6851451190365137,-0.9139804208173208
-0.8410602013212076,-0.8229082179848161,0.048833216584510945
-0.8412810404520599,-0.7312118036664004,-0.22195215974953575
1.5292061901165819,0.3113058914306648,-0.9919742369586061
-0.8415018795829121,-0.6381046752815475,0.8077950460278244
-0.8320057969562631,-0.34890829166192855,1.587733207440677
2.645989674836688,0.7627343926905576,-0.9668026385951596
0.8753015236629069,0.5680558515222289,-0.8777485746881174
1.0429184239798062,0.9108593696664601,-0.9118827876203669
-0.8386309708818322,-0.7255689474006517,-0.3401823944869363
-0.8490104100318906,-0.3446761494626171,1.3455519201560016
-0.8143386664880787,-0.420854709050224,1.2730882278975946
0.4239063402007954,0.030573792209668903,-0.8472375463687882
-0.8187554491051247,-0.3968725699207922,1.4809446083230247
1.0155343717541205,0.7063058300330711,-0.9273289957070273
-0.4400163396934217,-1.1008188890729378,2.1817447900326172
0.49589989685864677,-0.11472975663335913,-0.9873975827107067
-0.837747614358423,-0.821497503918379,1.0118375479133386
-0.8112469186561464,-0.7453189443307721,-0.40311139039555277
-0.8388518100126845,-0.753783228729395,-0.18762725289029036
-0.8337725100030814,-0.38699757145573205,0.3291532892683477
0.2664480399031019,0.6385915548440871,-0.9502122669465243
-0.8141178273572265,-0.7890510803903241,1.3207617096465463
-0.817430414320011,-0.5689796860261264,1.3722490699354146
1.8827696386111221,0.02210950781104591,-0.909785154423413
-0.8293557273860355,-0.2967118712037535,0.9622571268944284
0.2847776877638433,0.6950201175015738,-0.9893045219806647
-0.8403976839286507,-0.4688189873090876,0.6380774510015558
-0.821847196937057,-0.7678903693937666,1.1472302360803617
-0.810142723001885,-0.4857475561063336,0.8840726168261474
0.18473756148774914,0.3635023118888399,-0.8825159228630126
3.0744175886901597,0.628716556379027,-0.9732862321130169
2.5207738876434314,0.1039309236644015,-0.9271383017800315
-0.8141178273572265,-0.3305690087982454,-0.046513746913392856
-0.839956005666946,-0.6790153832082253,0.10794833395321109
-0.8205221621519433,-0.34185472132974276,-0.05795538253314131
-0.8432685926297308,-0.49562255457139376,0.487429248674868
-0.8097010447401802,-0.42790827938240983,0.718168900339795
-0.8119094360487034,-0.7269796614670889,1.7841479522463586
-0.8132344708338171,-0.46035470291046465,1.210159231988978
-0.8335516708722291,-0.4772832717077106,0.2757589897095218
-0.8205221621519433,-0.5971939673548696,0.9679779447043025
2.649081422668621,0.6315379845119014,-0.9084502969344425
0.1034687613341009,-0.052658337710123855,-0.9549796151214195
0.11009393525966998,0.4298058730113867,-0.8764137171991468
-0.13349162607042245,0.0023595108809255955,-0.8401818710699434
0.7549441973484007,0.5821629921866005,-0.8769857989801342
-0.10919932167666886,3.029751897455082,1.447763865025754
1.0373974457084985,0.7980022443514868,-0.9105479301313963
-0.8426060752371738,-0.8497117852471222,1.213973110528894
0.09905197871705473,-0.08228333310530432,-0.8205403965893752
-0.8273681752083646,-0.30799758373525077,0.7791909569784534
-0.8364225795733092,-0.36160471825986307,0.9393738556549316
3.507041446029826,0.03339522034254323,-0.9717606806970505
-0.13702505216405925,0.7613236786241205,-0.8485724038577589
1.6742974990865462,0.1406094893917678,-0.9784349681419038
-0.7140777010811322,-1.0979974609400633,2.238380886350372
0.5131253490651266,0.774020105222055,-0.8857577196219414
-0.8198596447593863,-0.6874796676068482,1.8547047052348071
-0.8386309708818322,-0.6522118159459191,-0.1304190747915481
-0.8194179664976816,-0.28824758680513046,1.3817837662852048
1.0839945023183353,0.8375022382117274,-0.9704258232080799
-0.2781412567786822,-1.1092831734715607,0.9138208694374932
0.09728526567023633,-0.09074761750392732,-0.9612725147122811
-0.8331099926105247,-0.38699757145573205,-0.305857487627691
-0.21188951752299065,0.525734429529114,-0.8214938662243542
-0.8163262186657494,-0.29812258527019064,0.6590537829710946
1.2977667809833662,-0.027265484514254878,-0.8647813876524025
0.7743780408634033,0.4566094402736928,-0.9605097390042978
-0.14342938695877608,0.015055937478860084,-0.8870925771109119
2.141151421708319,0.8050558146836727,-0.9565051665373858
0.24591000073383754,-0.20360474281890054,-0.9635608418362308
0.10302708307239622,0.38607373695183456,-0.8640186119444192
0.21896762676985634,0.49469872006749627,-0.8867111892569204
-0.8470228578542198,-0.46035470291046465,0.3177116536485992
0.3088491530267445,-0.1725690333572829,-0.9082596030074466
3.1380192583756235,0.1688237707205111,-0.966230556814172
-0.8143386664880787,-0.3855868573892949,1.6945218065583287
0.7818865713123818,0.27321661163686134,-0.8085266791886394
0.5954983448730364,0.3098951773642276,-0.8123405577285555
-0.8437102708914352,-0.71146180673628,0.06599567001413363
-0.8490104100318906,-0.3855868573892949,1.09955675433141
1.0161968891466775,0.49469872006749627,-0.8842321682059749
2.3273188090168118,0.28168089603548435,-0.9696630475000966
0.4961207359894992,-0.2769618742736331,-0.9864441130757277
-0.8108052403944417,-0.4095689965187267,0.014508309725265576
-0.8476853752467767,-0.32351543846605957,1.3264825274564207
-0.03433485631773746,-1.0979974609400633,-0.15273026425005753
0.5813646404984889,0.4425022996093212,-0.8573443244995661
0.006520382889938996,0.561002281190043,-0.8167265180494591
-0.8282515317317738,-0.4095689965187267,0.973698762514177
-0.5062680789491132,3.790126779264714,2.496199075648703
1.196401619922158,-0.08651547530461581,-0.8079545974076519
1.271486924411942,0.23230590371018353,-0.9479239398225746
1.2836330766088186,0.17587734105269692,-0.9914021551776188
-0.84415194915314,-0.6451582456137332,1.0251861228030448
-0.8388518100126845,-0.4786939857741478,0.3520365605078446
1.279437133122625,0.4693058668716273,-0.872218450805239
-0.8386309708818322,-0.6874796676068482,0.9546293698145962
-0.8503354448170043,-0.8229082179848161,0.12701772665279185
-0.837747614358423,-0.43637256378103284,0.9374669163849733
-0.8267056578158078,-0.7227475192677774,0.537009669693778
1.4669295552162318,0.21114519271362606,-0.9730955381860211
0.9466325629282012,-0.13730118169635377,-0.9416310402317128
-0.8364225795733092,-0.5224261218336999,-0.1761856172705419
-0.8490104100318906,-0.8356046445827506,-0.4202738438251754
-0.115161978209681,0.15330591598970228,-0.897962130949673
0.4267772489018754,0.043270218807603386,-0.9383892434727842
-0.004742412783528515,0.6865558331029508,-0.8701208176082852
-0.8207430012827955,-0.8271403601841276,-0.1933480707001646
1.0091300369594038,0.17305591291982259,-0.92675691392604
-0.8187554491051247,-0.5449975468966946,-0.13232601406150618
-0.8496729274244476,-0.6860689535404111,0.3825475888271738
1.5311937422942528,0.32118088989572496,-0.9206547082621742
-0.8386309708818322,-0.7072296645369686,1.797496527136065
-0.84415194915314,-0.5774439704247494,1.0709526652820387
-0.5687655529803155,-1.0979974609400633,2.037961569077778
1.0168594065392342,0.22666304744443488,-0.9561237786833943
-0.8191971273668294,-0.4815154139070221,0.7486799286591241
-0.8463603404616629,-0.37712257299067187,1.7574508024669455
-0.8324474752179677,-0.8172653617190675,0.3825475888271738
-0.8286932099934785,-0.7650689412608923,0.039298520234720566
-0.8227305534604662,-0.7086403786034057,0.824957499457447
-0.8498937665552998,-0.6225868205507387,1.2235078068786847
-0.8512188013404137,-0.4829261279734593,0.5427304875036522
0.17104553537490627,-0.25862259140995,-0.8720277568782432
-0.08203610858183526,-0.14717618016141393,-0.8171079059034507
0.9064398411130818,0.7190022566310056,-0.8798462078850713
-0.8317849578254107,-0.4772832717077106,0.039298520234720566
0.4104351532188048,-0.02021191418206905,-0.8710742872432642
-0.3075128611820387,-1.103640317205812,1.9759860428041411
0.24613083986468995,0.2181987630458119,-0.969281659646105
-0.8521021578638228,-0.3855868573892949,-0.26009094514869713
-0.8207430012827955,-0.7100510926698429,0.6323566331916816
-0.8472436969850722,-0.8045689351211329,0.1384593622725403
-0.8293557273860355,-0.79610465072251,-0.1227913177117158
-0.8130136317029648,-0.3714797167249232,1.751729984657071
0.34528760961737476,0.5595915671236059,-0.8525769763246708
-0.8244972665072847,-0.6578546722116678,-0.11897743917179963
0.19246693106757984,-0.14717618016141393,-0.9730955381860211
-0.8105844012635894,-0.7171046630020287,0.45119740254566454
-0.8494520882935951,-0.6846582394739739,0.6075664226822266
-0.8512188013404137,-0.8497117852471222,-0.29250891273798446
0.11804414397035295,0.27180589757042417,-0.8628744483824444
-0.8249389447689893,-0.7819975100581383,1.2025314749091456
-0.8183137708434202,-0.4942118405049566,1.5305250293419348
-0.12002043908843185,0.041859504741166224,-0.8430422799748805
-0.17567190006321262,-0.02303334231494338,-0.8560094670105953
0.7483190234228315,0.5990915609838465,-0.8369400743110146
-0.8403976839286507,-0.5449975468966946,0.8688171026664828
0.8024246104816464,0.17446662698625975,-0.890906455650828
-0.8194179664976816,-0.6225868205507387,0.0011597348355590438
-0.8242764273764324,-0.3813547151899834,1.1853690214795232
-0.8496729274244476,-0.29812258527019064,-0.17237173873062575
-0.8474645361159244,-0.43778327784747,0.7219827788797111
1.2156146243063088,0.7472165379597488,-0.9044457244675305
-0.8492312491627428,-0.6409261034144218,0.46454597743537107
-0.8216263578062047,-0.5971939673548696,-0.408832208205427
0.08668498738932577,0.047502361006914885,-0.921798871824149
-0.1805303609419633,0.4481451558750698,-0.8451399131718343
-0.08247778684353994,5.360251535209279,-0.10200567966917284
-0.8496729274244476,-0.3841761433228577,0.2338063257704441
0.5078252099246714,0.10675235179727582,-0.8436143617558679
0.5601640839366675,-0.16551546302509706,-0.8073825156266645
-0.8366434187041615,-0.8229082179848161,1.6773593531287063
1.064560658803332,-0.14153332389566525,-0.840563258923935
1.311237967965357,0.3677344540881514,-0.8413260346319182
-0.8406185230595029,-0.8497117852471222,-0.19906888851003882
-0.8381892926201276,-0.6663189566102907,0.4950570057547003
-0.8346558665264908,-0.5153725515015141,1.35699355577575
-0.8381892926201276,-0.608479679886367,0.7620285035488307
0.49943332295228376,0.0065916530802370915,-0.8186334573194171
1.0254721326424743,-0.2713190180078845,-0.831600644355132
0.16905798319723545,0.17587734105269692,-0.8438050556828638
1.9269374647815831,0.9630557901246352,-0.9671840264491511
3.1106352061499374,0.12932377686027047,-0.9601283511503061
-0.8289140491243308,-0.6028368236206183,1.5362458471518088
0.9850585716965025,0.8375022382117274,-0.9624166782742558
3.107985136579711,0.9165022259322088,-0.9526912879974698
0.5714268796101352,0.0037702249473627607,-0.9378171616917967
-0.8366434187041615,-0.7086403786034057,0.33106022853830575
-0.8244972665072847,-0.8454796430478108,-0.33064769813714595
0.5906398839942858,-0.11472975663335913,-0.9698537414270924
1.1140286241142487,0.10534163773083867,-0.8520048945436834
1.8092302080373046,0.569466565588666,-0.9361009163488345
-0.8342141882647861,-0.8045689351211329,0.899328130985812
0.9287445933291648,0.49469872006749627,-0.9607004329312938
-0.8158845404040448,-0.34326543539617993,1.6296858713797542
-0.8503354448170043,-0.4885689842392079,-0.39357669404576234
0.8686763497373379,0.22243090524512338,-0.9166501357952621
0.2213968572092317,0.15330591598970228,-0.8371307682380104
1.2416736417468806,0.28309161010192146,-0.9233244232401154
-0.8147803447497832,-0.7439082302643348,0.49315006648474224
1.2043518286328412,0.6216629860468411,-0.9719513746240462
0.6995135755044719,0.3649130259552771,-0.814819578779501
-0.8326683143488199,-0.6211761064843014,0.3405949248880961
-0.8216263578062047,-0.4406047059803443,1.1662996287799423
0.8806016628033622,0.8628950914075965,-0.9427752037936877
0.4848579403160315,-0.1612833208257856,-0.9296173228309771
-0.8158845404040448,-0.3446761494626171,0.12701772665279185
-0.8366434187041615,-0.6888903816732854,0.3768267710172996
-0.817430414320011,-0.557693973494629,0.6590537829710946
-0.8348767056573431,-0.6945332379390341,1.7078703814480356
0.7171807059726563,0.015055937478860084,-0.9483053276765662
-0.8505562839478568,-0.7086403786034057,1.7078703814480356
-0.006950804092051596,-0.07946190497243,-0.8661162451413732
-0.8342141882647861,-0.33339043693111975,-0.3211130017873556
-0.82979740564774,-0.6973546660719084,1.6716385353188319
-0.4985387093692825,-1.0951760328071891,1.3758722545483346
3.114610310505279,0.2181987630458119,-0.9073061333724677
0.6248699492763929,0.3804308806860859,-0.9017760094895891
-0.5471233181567896,3.557358958302582,1.4532939889086327
0.9605454281718966,0.6188415579139669,-0.9355288345678471
0.4826495490075086,0.6061451313160323,-0.808908067042631
-0.8439311100222875,-0.3757118589242347,1.7784271344364841
-0.8214055186753525,-0.5929618251555582,0.8878864953660636
0.8181041887721598,-0.12460475509841928,-0.8361772986030315
0.7737155234708464,0.5708772796551033,-0.9412496523777213
-0.8196388056285341,-0.4250868512495355,0.2929214431391445
-0.8154428621423402,-0.29247972900444197,0.13464548373262414
-0.8203013230210908,-0.6620868144109793,0.09078588052358841
-0.8172095751891586,-0.5097296952357654,-0.15139540676108693
-0.8395143274052415,-0.8483010711806851,0.9203044629553508
-0.0341140171868852,4.410840968497067,0.2934935249201318
0.5776103752739997,-0.1979618865531519,-0.8533397520326541
1.1975058155764196,0.6682165502392676,-0.951356430508499
-0.8090385273476234,-0.6874796676068482,1.5667568754711378
0.1520533701216079,-0.16692617709153423,-0.8245449690562873
-0.8293557273860355,-0.5788546844911865,0.924118341495267
-0.8132344708338171,-0.3023547274695021,1.4122947946045339
-0.8430477534988783,-0.7354439458657118,1.3264825274564207
-0.8289140491243308,-0.38276542925642054,-0.0350721112936444
0.7249100755524872,0.2591094709724897,-0.9498308790925326
0.6685960971851495,0.6343594126447757,-0.9753838653099708
-0.8269264969466601,-0.36724757452561174,0.2719451111696056
1.0680940848969689,0.4566094402736928,-0.8746974718561845
-0.440237178824274,-1.1064617453386862,1.1529510538902357
0.5603849230675199,0.8008236724843611,-0.847428240295784
-0.8083760099550664,-0.8468903571142479,1.8547047052348071
0.7235850407673733,0.7585022504912462,-0.8281681536692075
-0.8410602013212076,-0.8356046445827506,0.567520698013107
0.08580163086591641,0.5765201359208518,-0.9496401851655368
-0.8406185230595029,-0.8073903632540073,0.9164905844154346
0.8395255844648334,0.5059844325989936,-0.8668790208493564
-0.8448144665456967,-0.7326225177328375,0.8802587382862312
-0.8459186621999583,-0.6733725269424766,0.4607320988954549
-0.84415194915314,-0.5323011202987601,1.4542474585436116
0.5643600274228615,0.7641451067569949,-0.9709979049890672
-0.8313432795637061,-0.5054975530364539,1.254018835198014
0.6449663101839527,0.27885946790261,-0.8270239901072327
-0.8521021578638228,-0.566158257893252,1.0862081794417031
-0.7273280489322705,-1.0909438906078774,0.7046296315230927
0.5676726143856459,0.19844876611569157,-0.8647813876524025
0.7145306364024289,0.7754308192884922,-0.9263755260720483
-0.8216263578062047,-0.3545511479276772,0.8020742282179502
-0.8417227187137646,-0.829961788317002,0.8268644387274051
-0.8258223012923984,-0.7777653678588268,0.5198472162641553
0.06371771778068591,0.7288772550960657,-0.9832023163167989
2.735871201093576,0.953180791659575,-0.9111200119123838
-0.05398953896359262,-0.048426195510812356,-0.9355288345678471
-0.836201740442457,-0.47164041544196195,0.3177116536485992
-0.6445133748626561,-1.0994081750065006,-0.6672224792847461
-0.8412810404520599,-0.7227475192677774,0.8802587382862312
0.38305110099311895,0.6075558453824695,-0.8931947827747778
0.29493628778304937,0.8022343865507984,-0.9547889211944235
-0.8284723708626263,-0.574622542291875,0.9126767058755185
0.7176223842343611,0.6851451190365137,-0.8764137171991468
-0.8505562839478568,-0.5929618251555582,-0.256277066608781
1.1308123980590237,0.6936094034351366,-0.8655441633603858
-0.8262639795541031,-0.5591046875610662,-0.2829742163881941
-0.2726202785073745,-1.1163367438037466,1.34288220517806
-0.8238347491147278,-0.8059796491875701,0.008787491915391347
-0.10456169992877044,0.6230737001132783,-0.9689002717921135
-0.8143386664880787,-0.3460868635290542,1.3684351913954984
-0.8443727882839922,-0.6282296768164873,0.7544007464689985
0.08867253956699643,5.426555096331826,1.2416237299432866
-0.8227305534604662,-0.3348011509975569,0.2872006253292702
0.5398468838982556,-0.09497975970323881,-0.88899951638087
0.48088283596069004,0.5003415763332449,-0.9572679422453692
0.8094914626689199,0.6400022689105244,-0.8691673479733061
1.1060784154035657,0.48482372160243614,-0.9399147948887507
0.9961005282391178,0.05878807353841221,-0.9715699867700547
-0.8227305534604662,-0.32915829473180824,1.5019209402925633
1.8584773342173686,0.6442344111098358,-0.9214174839701573
-0.4055654352804621,-1.1177474578701836,1.4897165289648318
0.9327196976845061,0.5511272827249829,-0.8922413131397988
0.5617099578526338,-0.2783725883400703,-0.8293123172311823
0.2684355920807727,0.6216629860468411,-0.8819438410820252
0.0701220525754029,0.5483058545921086,-0.8716463690242515
1.0248096152499173,0.466484438738753,-0.9164594418682663
-0.05266450417847874,-0.1316583254306051,-0.9786256620688996
1.3057169896940493,0.18575233951775708,-0.9408682645237296
-0.8293557273860355,-0.8327832164498763,-0.11707049990184155
-0.5760532442984416,-1.0810688921428173,-0.0781689387946969
-0.8472436969850722,-0.32351543846605957,0.8611893455866505
0.7003969320278813,0.46507372467231584,-0.8546746095216248
-0.07982771727331234,-1.1332653126009924,-0.7351095172952534
-0.8242764273764324,-0.3799440011235462,1.5286180900719764
-0.850777123078709,-0.44765827631253013,1.280715984977427
-0.11737036951820409,0.0757166423356582,-0.9202733204081824
-0.04559765199120497,0.441091585542884,-0.8697394297542935
-0.06812324333814015,4.336073122975897,2.560844316900282
0.638561975389236,0.7768415333549293,-0.9237058110941071
-0.8306807621711493,-0.2953011571373163,1.4008531589847855
-0.8183137708434202,-0.8370153586491877,-0.16665092092075154
-0.8359809013116045,-0.7721225115930782,0.5007778235645746
-0.6710140705649327,5.3588408211428415,-0.10486608857410996
0.07034289170625516,0.7810736755542409,-0.9284731592690022
-0.8470228578542198,-0.6183546783514271,0.8383060743471535
0.5144503838502404,0.3606808837559656,-0.969281659646105
-0.05553541287955876,3.4445018329876085,1.5860169620977145
-0.810142723001885,-0.8059796491875701,0.43403494911604185
-0.8395143274052415,-0.7862296522574498,0.876444859746315
-0.8200804838902386,-0.7777653678588268,1.2330425032284749
1.6042914946063656,0.6315379845119014,-0.9320963438819225
-0.19775581314844312,-1.0909438906078774,1.0320511041748939
-0.5775991182144078,4.3642874043046405,1.2412423420892946
-0.8494520882935951,-0.8017475069882586,0.14418018008241454
-0.8324474752179677,-0.5633368297603777,1.1910898392893972
-0.8496729274244476,-0.8031582210546958,1.56484993620118
0.007182900282495935,-0.24310473667914118,-0.9109293179853879
-0.8348767056573431,-0.5520511172288803,1.151044114620278
-0.8172095751891586,-0.7566046568622693,-0.41073914747538504
-0.8355392230499,-0.6211761064843014,1.1662996287799423
0.28411517037128636,-0.08087261903886715,-0.8607768151854905
-0.8410602013212076,-0.4236761371830983,1.3550866165057918
